name,subcategory,price
Bepanthol Bebek Pişik Kremi 100 ml+ 50 ml Avantaj Paketi,Anne & Bebek Bakım,529.2
Dalin Bebek Sabunu 100 g,Anne & Bebek Bakım,63.0
Dalin Pişik Önleyici Krem 100 ml,Anne & Bebek Bakım,176.4
Johnsons Bebek Bedtime Sabunu 90 g,Anne & Bebek Bakım,47.88
Johnsons Bebek Vazelini Parfümlü,Anne & Bebek Bakım,123.48
Johnsons Bebek Vazelini Parfümsüz 100 ml,Anne & Bebek Bakım,123.48
My Little Sudocrem Cilt Bakım Kremi 22 gr,Anne & Bebek Bakım,104.58
Lapitak Ayak Bakım Kremi 60 ml,Ayak Bakım,181.44
Lapitak El Bakım Kremi 60 ml,Ayak Bakım,163.8
Essweet 25 Metre Rulo Ağda Bezi,Ağda,52.92
Essweet 50 Metre Rulo Ağda Bezi,Ağda,80.64
Sesu Ilık Ağda,Ağda,104.58
Vi-Vet Classical Wax El Ağdası 250 g,Ağda,69.17
Vi-Vet Granül Sir Ağda Natürel 250 g,Ağda,110.88
Vi-Vet Granül Sir Ağda Siyah 250 g,Ağda,110.88
Vi-Vet Hot Wax Ilık Ağda 250 g,Ağda,69.17
Vi-Vet Sir Ağda Azulen 240 ml,Ağda,117.18
Vi-Vet Sir Ağda Natürel 240 ml,Ağda,117.18
Vi-Vet Soğuk Ağda 250 g,Ağda,69.17
Sesu Sir Ağda Bandı Tüm Vücut Hassas Ciltler,Ağda Bantları,163.8
Vi-Vet 41'Lİ Sir Ağda Bant Seti Azulen,Ağda Bantları,76.86
Vi-Vet 41'Lİ Sir Ağda Bant Seti Portakal,Ağda Bantları,76.86
Vi-Vet Bikini Ve Koltuk Altı Bölgesi Sir Ağda Seti,Ağda Bantları,61.74
Vi-Vet Yüz Sir Ağda Bant Seti Azulen,Ağda Bantları,65.52
Vi-Vet Yüz Sir Ağda Bant Seti Portakal,Ağda Bantları,65.52
Vi-Vet Yüz Sir Ağda Bant Seti Pudralı,Ağda Bantları,65.52
Beyazlatıcı Etkili Beyaz Kil Maskesi 2x7.5 ml,CİLT BAKIM&KOZMETİK,44.1
Blade Green Dream Forest & Tree 48 Saat Erkek Roll-on Deodorant 50 ml,CİLT BAKIM&KOZMETİK,107.1
Blade Marine Fresh Ocean Fresh 48 Saat Erkek Roll-on Deodorant 50 ml,CİLT BAKIM&KOZMETİK,107.1
Blade Mountain Fresh Ocean Fresh 48 Saat Erkek Roll-on Deodorant 50 ml,CİLT BAKIM&KOZMETİK,107.1
Blade Self Confidence 48 Saat Erkek Roll-on Deodorant 50 ml,CİLT BAKIM&KOZMETİK,107.1
Dermokil El Maskesi - Kil & Kenevir Tohumu Yağı İle Yoğun Bakım - 35 ml,CİLT BAKIM&KOZMETİK,73.5
Dermokil Onarıcı Kağıt El Maskesi 30 ml,CİLT BAKIM&KOZMETİK,73.5
Dermokil Soyulabilir Siyah Kil Maskesi 2x7.5 ml,CİLT BAKIM&KOZMETİK,44.1
Dermokil Yeşil Kil Maskesi Peeling Etkili 2x7.5 ml,CİLT BAKIM&KOZMETİK,44.1
Emotion Detox Floral %0 Alüminyum İçermez Vegan Kadın Roll-on Deodorant 50 ml,CİLT BAKIM&KOZMETİK,107.1
Emotion Natural Bloom %0 Alüminyum Paraben Silikon İçermez Kadın Roll-on 50 ml,CİLT BAKIM&KOZMETİK,107.1
Gillete Venüs Deluxe Smoth Swirl 2 Li Yedek Başlıklı,CİLT BAKIM&KOZMETİK,497.7
Jeunesse Coffee Scrub Kahveli Peeling Maske 150 ml,CİLT BAKIM&KOZMETİK,88.2
Jeunesse Deep Repair Hair Mask Keratin&argan 30 gr Yüz Maskesi,CİLT BAKIM&KOZMETİK,29.93
Jeunesse Gözenek Arındırıcı Kırmızı Kil Maskesi 100g,CİLT BAKIM&KOZMETİK,88.73
Jeunesse Shining Hair Mask Keratin&coconut 30 gr Saç Maskesi,CİLT BAKIM&KOZMETİK,29.93
Jeunesse Soyulabilir Collagen Maske Çilek & Süt Özlü 150 ml,CİLT BAKIM&KOZMETİK,88.2
Kotex Ultra Uzun Hijyenik Ped 7'li Paket,CİLT BAKIM&KOZMETİK,47.88
Kusursuzlaştırıcı Makyaj Altı Bazı 50 ml,CİLT BAKIM&KOZMETİK,61.95
"Leke Karşıtı Aydınlatıcı Maske 2 x 7,5 ml",CİLT BAKIM&KOZMETİK,44.1
New Well Makeover Makyaj Sabitleyici Sprey 50 ml,CİLT BAKIM&KOZMETİK,60.9
New Well Prebiotic Cream,CİLT BAKIM&KOZMETİK,340.83
Nivea Fine Fragrence 72 Saat İnci Özleri Kadın Roll-on Deodorant 50 ml,CİLT BAKIM&KOZMETİK,129.15
Nivea Fresh Cherry 72 Saat İnci Özleri Kadın Roll-on Deodorant 50 ml,CİLT BAKIM&KOZMETİK,129.15
Nivea Fresh Orange 72 Saat İnci Özleri Kadın Roll-on Deodorant 50 ml,CİLT BAKIM&KOZMETİK,129.15
Nivea Powder Touch 72 Saat İnci Özleri Kadın Roll-on Deodorant 50 ml,CİLT BAKIM&KOZMETİK,129.15
Nivea Pure 72 Saat İnci Özleri Kadın Roll-on Deodorant 50 ml,CİLT BAKIM&KOZMETİK,129.15
Nivea Roll-on Man 25ML+25ML Avantaj Paket Fresh Active,CİLT BAKIM&KOZMETİK,122.85
Nivea Roll-on Man 25ML+25ML Avantaj Paket Original,CİLT BAKIM&KOZMETİK,122.85
Nivea İpeksi Pürüzsüzlük 72 Saat İnci Özleri Kadın Roll-on Deodorant 50 ml,CİLT BAKIM&KOZMETİK,129.15
Orkid Ultra Gündüz Hijyenik Ped Boy 1 (Normal) 8'li Paket,CİLT BAKIM&KOZMETİK,51.66
Orkid Ultra Gündüz Hijyenik Ped Boy 2 (Uzun) 7'li Paket,CİLT BAKIM&KOZMETİK,51.66
Rexona Invısıble 72 Saat Vücut Isısıyla Aktif Kadın Roll-on Deodorant 50 ml,CİLT BAKIM&KOZMETİK,126.0
Rexona Thermocool Eucalyptus & Magnolia 50 ml Kadın Roll-On,CİLT BAKIM&KOZMETİK,126.0
Siyah Nokta Karşıtı Akjenik Kil Maske 2 x 7.5 ml,CİLT BAKIM&KOZMETİK,44.1
Zeytin Özlü Arındırıcı Peeling Jel - 125 ml,CİLT BAKIM&KOZMETİK,81.9
Banat Ultra White Diş Fırçası,Diş Fırçası,40.07
Colgate Premier Diş Fırçası,Diş Fırçası,44.1
Difaş Katlanabilir Dış Fırçası,Diş Fırçası,40.32
Diş Fırçalık Kabı Asorti,Diş Fırçası,37.8
Oral-B Tulsi Extract Diş Fırçası,Diş Fırçası,60.0
Pasta del Capitano Family Diş Fırçası,Diş Fırçası,69.3
Sensodyne Diş Eti Bakımı Yumuşak Diş Fırçası,Diş Fırçası,88.2
Signal Ergonomik Diş Fırçası – 2’li Set,Diş Fırçası,86.94
Vepa Smoker Diş Fırçası,Diş Fırçası,55.44
Colgate Barbie Lisanslı Çocuk Diş Fırçası ve Diş Macunu Seti,Diş Macunu,154.98
Colgate Batman Lisanslı Çocuk Diş Fırçası ve Diş Macunu Seti,Diş Macunu,154.98
Colgate Diş Macunu Kahve & Çay 75 ml,Diş Macunu,94.5
Colgate Diş Macunu Misvak Özü 75 ml,Diş Macunu,94.5
Colgate Diş Macunu Sensifoam 75 ml,Diş Macunu,94.5
Colgate Dr. Rabbit Bubblegum 50ml Çocuk Diş Macunu,Diş Macunu,88.2
Colgate Dr. Rabbit Strawberry 50ml Çocuk Diş Macunu,Diş Macunu,88.2
Colgate Max White Lasting White Diş Macunu 125 ml,Diş Macunu,138.6
Colgate Optic White Diş Macunu 50 ml,Diş Macunu,94.5
Colgate Sensitive Diş Macunu 75 ml + 75 ml 2'li Fırsat Seti,Diş Macunu,142.38
Colgate Üçlü Etki Diş Macunu 50 ml,Diş Macunu,43.97
Eyüp Sabri Doğal Hindistan Cevizi Özlü Diş Macunu 90 ml,Diş Macunu,132.3
Eyüp Sabri Doğal Karanfil Özlü Diş Macunu 90 ml,Diş Macunu,132.3
Eyüp Sabri Doğal Nane Özlü Diş Macunu 90 ml,Diş Macunu,132.3
Eyüp Sabri Doğal Zencefil Özlü Diş Macunu 90 ml,Diş Macunu,132.3
Eyüp Sabri Doğal İngiliz Karbonatlı Özlü Diş Macunu 90 ml,Diş Macunu,132.3
Eyüp Sabri Tuncer Doğal Bambu Karbonlu Diş Macunu 90 ml,Diş Macunu,151.2
Eyüp Sabri Tuncer Doğal Çocuk Karadut Özlü Diş Macunu 60 ml,Diş Macunu,117.18
Parodontax Diş Macunu 75 ml Tam Koruma Ferahlık,Diş Macunu,97.02
Sensodyne 2'li Diş Macunu Tam Koruma & Beyazlatıcı 50 ml + 50 ml,Diş Macunu,148.68
Sensodyne Diş Macunu Ferah Nefes 100 ml,Diş Macunu,177.66
Sensodyne Diş Macunu Florürlü 100 ml,Diş Macunu,177.66
Sensodyne Diş Macunu Naneli 100 ml,Diş Macunu,177.66
Bote Essential Dudak Koruyucu Lip Balm,Dudak Kremi,45.36
Bote Kiraz Dudak Koruyucu Lip Balm,Dudak Kremi,45.36
Bote Strawberry Dudak Koruyucu Lip Balm,Dudak Kremi,45.36
Nivea Dudak Bakım Kremi Blackberry,Dudak Kremi,117.18
Nivea Dudak Bakım Kremi Cherry,Dudak Kremi,117.18
Nivea Dudak Bakım Kremi Med Repair,Dudak Kremi,117.18
Nivea Dudak Bakım Kremi Strawberry,Dudak Kremi,117.18
Golden Rose Emily Waterproof Dudak Kalemi NO:203,Dudak Makyajı,58.8
Işıltılı ve Islak Bitişli Nemlendirici Dudak Parlatıcısı 06,Dudak Makyajı,61.43
Superstay Matte Likit Mat Ruj 01,Dudak Makyajı,45.15
Superstay Matte Likit Mat Ruj 02,Dudak Makyajı,45.15
Superstay Matte Likit Mat Ruj 04,Dudak Makyajı,45.15
Superstay Matte Likit Mat Ruj 05,Dudak Makyajı,45.15
Yoğun Pigmentli ve Uzun Süre Kalıcı Likit Mat Ruj 02,Dudak Makyajı,45.74
Yoğun Pigmentli ve Uzun Süre Kalıcı Likit Mat Ruj 04,Dudak Makyajı,45.74
Yoğun Pigmentli ve Uzun Süre Kalıcı Likit Mat Ruj 05,Dudak Makyajı,45.74
Arko Nem Bakım Kremi 20 ml Classic,El Kremi,43.47
Arko Nem Soft Touch Hızlı Emilen Bakım Kremi 60 ml,El Kremi,81.9
Bebak Acı Badem Kremi 30 ml,El Kremi,144.9
Bebak Acı Badem Kremi 70 ml,El Kremi,170.1
Bebak Acı Badem Tüp Kremi 30 ml,El Kremi,80.64
Cire Aseptine Aloe Vera El Ve Vücut Kremi 100 ml,El Kremi,54.18
Cire Aseptine Aloe Vera El Ve Vücut Kremi 200 ml,El Kremi,71.82
Cire Aseptine Aloevera El Ve Vücut Kremi 30 ml,El Kremi,35.7
Cire Aseptine Alor Vera El Ve Vücut Kremi 300 ml,El Kremi,84.42
Cire Aseptine Avokado El Ve Vücut Kremi 200 ml,El Kremi,71.82
Cire Aseptine Avokado El Ve Vücut Kremi 30 ml,El Kremi,35.7
Cire Aseptine Avokado El Ve Vücut Kremi 300 ml,El Kremi,84.42
Cire Aseptine Gül El Ve Vücut Kremi 200 ml,El Kremi,71.82
Cire Aseptine Gül El Ve Vücut Kremi 30 ml,El Kremi,35.7
Cire Aseptine Gül El Ve Vücut Kremi 300 ml,El Kremi,84.42
Cire Aseptine Hindistan Cevizi El Ve Vücut Kremi 200 ml,El Kremi,71.82
Cire Aseptine Hindistan Cevizi El Ve Vücut Kremi 30 ml,El Kremi,35.7
Cire Aseptine Klasik Vazelin 90 ml,El Kremi,49.14
Cire Aseptine Papatya El Ve Vücut Kremi 200 ml,El Kremi,71.82
Cire Aseptine Papatya El Ve Vücut Kremi 30 ml,El Kremi,35.7
Cire Aseptine Papatya El Ve Vücut Kremi 300 ml,El Kremi,84.42
Cire Aseptine Pure Vazelin 90 ml,El Kremi,49.14
Cire Aseptine Zeytinyağı El Ve Vücut Kremi 30 ml,El Kremi,35.7
Cire Aseptine Zeytinyağı El Ve Vücut Kremi 300 ml,El Kremi,84.42
Cire Aseptine Çilek El Ve Vücut Kremi 100 ml,El Kremi,54.18
Cire Aseptine Çilek El Ve Vücut Kremi 200 ml,El Kremi,71.82
Neutrogena Besleyici Bakım Kremi 200 ml,El Kremi,118.44
Neutrogena Hızlı Emilen Bakım Kremi 200 ml,El Kremi,118.44
Neutrogena Yoğun Nemlendirici Bakım Kremi 200 ml,El Kremi,118.44
Nivea Creme Nemlendirici Bakım Kremi 250 ml,El Kremi,176.4
Nivea Creme Nemlendirici Bakım Kremi 30 ml,El Kremi,68.04
Nivea Creme Nemlendirici Bakım Kremi 75 ml,El Kremi,107.1
Nivea Soft Nemlendirici Bakım Kremi 100 ml,El Kremi,91.98
Nivea Soft Nemlendirici Bakım Kremi 300 ml,El Kremi,142.38
Nivea Yoğun Nemlendirici El Bakım Kremi 75 ml,El Kremi,86.94
Sebamed Hassas Ciltler için Nemlendirici Krem 75 ml,El Kremi,592.2
Vaseline Blueseal Orijinal 100 ml,El Kremi,131.04
Ekstra Hacim ve Yoğun Dolgunluk Etkili Maskara Big Lash,Göz Makyajı,70.88
Flexi Long Lash Mascara Black,Göz Makyajı,144.9
Golden Rose Emily Waterproof Göz Kalem - NO:101,Göz Makyajı,58.8
Keskin Bakışlar İçin Uzun Süre Kalıcı Mat Siyah Dipliner,Göz Makyajı,49.1
Özel Simli Ambalajlı Eyeliner Asorti,Göz Makyajı,55.65
Avon Care SUN+ BRONZING Bronzlaştırıcı Losyon 200ml,Güneş Kremi,207.9
Avon Care Sun+ Nemlendirici Güneş Kremi SPF50 150 ml Protect,Güneş Kremi,343.98
Avon SUN+ Parlaklık Kontrollü Güneş Kremi SPF50 50 ml PROTECT,Güneş Kremi,229.32
Bioxcin Normal Ciltler İçin Yüz Güneş Kremi 50 ml,Güneş Kremi,296.1
Cire Aseptine Bebek Vücut Güneş Sprey SPF50+ 200 ml,Güneş Kremi,302.4
Cire Aseptine Bronzlaştırıcı Güneş Kremi 100 ml Havuç Yağı,Güneş Kremi,69.3
Cire Aseptine Bronzlaştırıcı Güneş Kremi 100 ml Kakao Yağı,Güneş Kremi,69.3
Cire Aseptine Bronzlaştırıcı Sprey Güneş Yağı 200 ml,Güneş Kremi,207.9
Cire Aseptine D-Panthenol 9 Aloe Vera Spray 200 ml,Güneş Kremi,160.02
Cire Aseptine Işıltılı Sprey Güneş Yağı SPF0 200 ml,Güneş Kremi,207.9
Cire Aseptine Stick Güneş Koruyucu - Yağlı Ciltler için 50SPF 17GR,Güneş Kremi,143.64
Cire Aseptine Stick Güneş Koruyucu - Yaşlanma ve Leke Karşıtı 50SPF 17GR,Güneş Kremi,143.64
Cire Aseptine Vücut Güneş Kremi Sprey SPF50+ 200 ml,Güneş Kremi,302.4
Clemy Güneş Koruyucu Sprey 75 Ml SPF+50,Güneş Kremi,113.4
New Well Spf 50+ Yüksek Koruma Güneş Kremi,Güneş Kremi,202.65
Wou Güneş Kremi Tüm Cilt Tipleri İçin Leke Karşıtı 50 ml,Güneş Kremi,128.52
Wou Güneş Kremi Tüm Cilt Tipleri İçin Ton Eşitleyici 50 ml,Güneş Kremi,128.52
Wou Çocuk Güneş Kremi 50 ml,Güneş Kremi,128.52
4 Aşamalı Tırnak Parlatıcı Törpü,Kişisel Bakım Ürünleri,58.8
5 Yedek Jilet'li Kaş Ustarası,Kişisel Bakım Ürünleri,49.14
5’li Sleepy Bio Natural Normal Hijyenik Ped,Kişisel Bakım Ürünleri,27.43
Ahşap El Duş Kesesi,Kişisel Bakım Ürünleri,84.0
Arko Nem Bakım Kremi 20 ml Yağlı,Kişisel Bakım Ürünleri,43.47
Axe 48 Saat Koruma Africa Erkek Roll-On Deodorant 50 ml,Kişisel Bakım Ürünleri,113.4
Axe 48 Saat Koruma Black Erkek Roll-On Deodorant 50 ml,Kişisel Bakım Ürünleri,113.4
Axe 48 Saat Koruma Dark Temptation Erkek Roll-On Deodorant 50 ml,Kişisel Bakım Ürünleri,113.4
Ağda Sonrası Temizleme Yağı Portakal,Kişisel Bakım Ürünleri,68.04
Bepanthol Cilt Bakım Kremi 100 g,Kişisel Bakım Ürünleri,434.7
Bepanthol Cilt Bakım Kremi 50 g,Kişisel Bakım Ürünleri,308.7
Blade Cool Fresh & Tree 48 Saat Erkek Roll-on Deodorant 50 ml,Kişisel Bakım Ürünleri,107.1
Caldion Deo Roll-on Men Classic 50 ml,Kişisel Bakım Ürünleri,80.64
Caldion Deo Roll-on Women 50 ml,Kişisel Bakım Ürünleri,80.64
Dalin Vazelin Hindistan Cevizi,Kişisel Bakım Ürünleri,157.5
Dermokil Yoğun Nemlendirici Ayak Maskesi 30 ml,Kişisel Bakım Ürünleri,78.75
Desenli Cımbız Gold,Kişisel Bakım Ürünleri,37.55
Dove Deo Kadın Stick Orijinal 40 g,Kişisel Bakım Ürünleri,180.18
Dove Exfoliating Cream Sabun 90 g,Kişisel Bakım Ürünleri,55.44
Dove Fresh Touch Cream Sabun 90 g,Kişisel Bakım Ürünleri,55.44
Dove Orijinal Sabun 90 g,Kişisel Bakım Ürünleri,55.44
Dove Pink Sabun 90 g,Kişisel Bakım Ürünleri,55.44
Emotiıon Deo Roll-on Invısıble Fresh 50 ml,Kişisel Bakım Ürünleri,107.1
Emotiıon Deo Roll-on Natural Breeze 50 ml,Kişisel Bakım Ürünleri,107.1
Jagler Classic Deo Roll-on Men 50 ml,Kişisel Bakım Ürünleri,80.64
Jeunesse Soyulabilir Siyah Maske 150 ml,Kişisel Bakım Ürünleri,88.2
Kolajen Gece Maskesi 75 ml Asorti,Kişisel Bakım Ürünleri,87.15
Kotex Ultra Gece 6'lı,Kişisel Bakım Ürünleri,47.88
Kotex Ultra Normal 8'Li,Kişisel Bakım Ürünleri,47.88
Kotex Ultra Quadro Gece 16'lı,Kişisel Bakım Ürünleri,91.98
Kotex Ultra Quadro Normal 24'lü,Kişisel Bakım Ürünleri,91.98
Kürdanlı Diş İpi 30 Adet,Kişisel Bakım Ürünleri,39.06
Kürdanlı Diş İpi 40 Adet,Kişisel Bakım Ürünleri,46.62
Lady Speed Stick Powder Fresh 50 ml,Kişisel Bakım Ürünleri,105.84
Lady Speed Stick Shower Fresh 50 ml,Kişisel Bakım Ürünleri,105.84
Lux Kulak Çubuğu 100'lü,Kişisel Bakım Ürünleri,54.18
Lux Kulak Çubuğu 200'lü,Kişisel Bakım Ürünleri,73.58
Lux Kulak Çubuğu 300'lü,Kişisel Bakım Ürünleri,104.64
Makyaj Temizleme Pedi 70'li,Kişisel Bakım Ürünleri,39.06
Mc Ellyn Primer Hyaluronik Asit 40 ml,Kişisel Bakım Ürünleri,94.5
Neutrogena Besleyici Bakım Kremi 300 ml,Kişisel Bakım Ürünleri,142.38
New Well Control Max Saç Şekillendirici Pudra 20 g,Kişisel Bakım Ürünleri,73.5
New Well Sugar Dudak Peeling Coconut 20 g,Kişisel Bakım Ürünleri,94.5
New Well Sugar Dudak Peeling Mix Fruit 20 g,Kişisel Bakım Ürünleri,94.5
New Well Volume Up Saç Şekillendirici Pudra 20 g,Kişisel Bakım Ürünleri,73.5
Nivea Men Black White 72 Saat Erkek Stick Deodorant 50 ml,Kişisel Bakım Ürünleri,154.98
Nivea Men Cool Kıch Fresh 72 Saat Erkek Roll-on Deodorant 50 ml,Kişisel Bakım Ürünleri,124.74
Nivea Men Fresh Active 48 Saat Erkek Stick Deodorant 50 ml,Kişisel Bakım Ürünleri,154.98
Nivea Pearl & Beauty 72 Saat İpeksi Pürüzsüzlük Kadın Stick Deodorant 50 ml,Kişisel Bakım Ürünleri,154.98
Old Spice Stick Erkek Deodorant Wolfthorn,Kişisel Bakım Ürünleri,137.34
Orkid Ultra Gece Extra Hijyenik Ped Boy 4 - 5'li Paket,Kişisel Bakım Ürünleri,52.29
Orkid Ultra Gündüz Ped 6 Adet,Kişisel Bakım Ürünleri,52.29
Rexona Men Invısble Ice Fresh 48 Saat Erkek Roll-on Deodorant 50 ml,Kişisel Bakım Ürünleri,126.0
Sebamed Clear Face Kompakt Sivilce Akne Siyah Nokta Sabunu 100 g,Kişisel Bakım Ürünleri,283.5
Siyah Nokta İğneli Temizleme Aparatı,Kişisel Bakım Ürünleri,38.17
Tüy Dökücü Krem Hassas,Kişisel Bakım Ürünleri,315.86
25'li Makyaj Süngeri Asorti,Makyaj Aksesuarları,112.35
4'lü Halloween Temalı Makyaj Süngeri Asorti 1,Makyaj Aksesuarları,70.04
6'lı Yumurta Puff Makyaj Sünger Asorti 1,Makyaj Aksesuarları,79.8
7'li Mini Makyaj Fırça Seti Asorti,Makyaj Aksesuarları,134.4
7'li Sweet Beuaty Fırça Seti Asorti,Makyaj Aksesuarları,215.78
8'li Makeup Fırça Seti Asorti,Makyaj Aksesuarları,215.78
Anahtarlıklı Dudak Yağı Asorti,Makyaj Aksesuarları,76.65
Figür Detaylı Makyaj Süngeri Yeşil,Makyaj Aksesuarları,64.05
Golden Rose Emily Waterproof Dudak Kalemi NO:201,Makyaj Aksesuarları,58.8
Golden Rose Emily Waterproof Dudak Kalemi NO:205,Makyaj Aksesuarları,58.8
Golden Rose Emily Waterproof Dudak Kalemi NO:206,Makyaj Aksesuarları,58.8
Golden Rose Emily Waterproof Dudak Kalemi NO:211,Makyaj Aksesuarları,58.8
Golden Rose Emily Waterproof Dudak Kalemi NO:217,Makyaj Aksesuarları,58.8
Golden Rose Emily Waterproof Dudak Kalemi NO:222,Makyaj Aksesuarları,58.8
Golden Rose Emily Waterproof Dudak Kalemi NO:223,Makyaj Aksesuarları,58.8
Golden Rose Emily Waterproof Dudak Kalemi NO:225,Makyaj Aksesuarları,58.8
Golden Rose Emily Waterproof Dudak Kalemi NO:226,Makyaj Aksesuarları,58.8
Golden Rose Emily Waterproof Dudak Kalemi NO:227,Makyaj Aksesuarları,58.8
Ice Cube Velvet Lipgloss Asorti,Makyaj Aksesuarları,49.33
Kalemtraş Beyaz,Makyaj Aksesuarları,29.69
Kalemtraş Mavi,Makyaj Aksesuarları,29.69
Kutulu Tokalı Makyaj Süngeri Asorti,Makyaj Aksesuarları,66.15
Lux Makyaj Temizleme Pamuğu,Makyaj Aksesuarları,60.9
Makyaj Fırçası Temizleme Silikonu Asorti,Makyaj Aksesuarları,59.76
Makyaj Süngeri Seti Asorti,Makyaj Aksesuarları,85.05
Makyaj Yıkama Süngeri Asorti,Makyaj Aksesuarları,33.6
Meyve Desenli Dudak Nemlendiricisi Armut,Makyaj Aksesuarları,37.55
Meyve Desenli Dudak Nemlendiricisi Avokado,Makyaj Aksesuarları,37.55
Meyve Desenli Dudak Nemlendiricisi Portakal,Makyaj Aksesuarları,37.55
Meyve Desenli Dudak Parlatıcı Armut,Makyaj Aksesuarları,64.05
Meyveli Lipgloss Portakal,Makyaj Aksesuarları,37.7
Newwell Aromalı Lipbalm Classic,Makyaj Aksesuarları,65.1
Newwell Aromalı Lipbalm Matcha,Makyaj Aksesuarları,65.1
Silikon Fırça Yıkama Kabı Asorti,Makyaj Aksesuarları,36.75
Simli Dudak Parlatıcısı Asorti,Makyaj Aksesuarları,60.38
Stick With Ruj Asorti 6,Makyaj Aksesuarları,60.9
Tekli Yumurta Makyaj Süngeri Asorti,Makyaj Aksesuarları,39.01
Üçgen Detaylı Top Lip Balm Asorti 5,Makyaj Aksesuarları,48.3
İkili Fondöten ve Kapatıcı Sünger Seti Asorti,Makyaj Aksesuarları,47.25
İpek Makyaj Temizleme Pedi 80'li,Makyaj Aksesuarları,56.07
10'lü Durex Prezervatif Klasik,Prezervatif,143.64
New Bitkisel Bit Rozeti,Saç Aksesuarları,30.24
New Bitkisel Bit Tokası,Saç Aksesuarları,31.37
Saç Boyama Seti Siyah,Saç Aksesuarları,35.18
Wou Beyaz Kapatıcı Tarak Uçlu Hair Stick 15 Gr Kahverengi,Saç Aksesuarları,148.68
Wou Beyaz Kapatıcı Tarak Uçlu Hair Stick 15 Gr Siyah,Saç Aksesuarları,148.68
Elseve Komple Direnç Güç Maskesi Zayıf Saçlar için 300 ml,Saç Maskesi,245.7
Elseve Çok Amaçlı Saç Maskesi Mucizevi Yağ 300 ml Hindistan Cevizi,Saç Maskesi,245.7
Fonex Briyantin Provitamin B5 150 ml,Saç Maskesi,76.86
Pantene Keith Haring Onarıcı & Koruyucu Maske 300 ml,Saç Maskesi,168.84
Fonex Saç Jolesi 150 ml Extra Strong,Saç Şekillendirici Ürünler,43.72
Fonex Saç Jolesi 150 ml Mega Strong,Saç Şekillendirici Ürünler,43.72
Fonex Saç Jolesi 150 ml Strong,Saç Şekillendirici Ürünler,43.72
Fonex Saç Jolesi 150 ml Ultra Strong,Saç Şekillendirici Ürünler,43.72
Morfose Men Pro Hair X5 Maximum Control Wax 150 ml,Saç Şekillendirici Ürünler,141.12
Morfose Men Pro Hair X5 Strong Hold Wax 150 ml,Saç Şekillendirici Ürünler,141.12
Passionate Saç Şekillendirici Pudra 20 g Styling Revolution,Saç Şekillendirici Ürünler,81.9
Passionate Saç Şekillendirici Pudra 20 g İnstant Volumizer,Saç Şekillendirici Ürünler,81.9
Sector Süper Wax Islak Görünüm 150ml Ultra Strong,Saç Şekillendirici Ürünler,97.02
Sector Süper Wax Islak Görünüm 150ml Wet Look,Saç Şekillendirici Ürünler,97.02
İmaj Hair Powder Styler Saç Pudrası 20 g Haçimlendirici,Saç Şekillendirici Ürünler,81.9
İmaj Hair Powder Styler Saç Pudrası 20 g Şekillendirici,Saç Şekillendirici Ürünler,81.9
Bebak Bacak ve Vücut Fondöteni75 ml No: 03,Ten Makyajı,143.64
Canlı ve Doğal Bitişli Uzun Süre Kalıcı Likit Allık 101,Ten Makyajı,49.62
Canlı ve Doğal Bitişli Uzun Süre Kalıcı Likit Allık 102,Ten Makyajı,49.62
Canlı ve Doğal Bitişli Uzun Süre Kalıcı Likit Allık 103,Ten Makyajı,49.62
Canlı ve Doğal Bitişli Uzun Süre Kalıcı Likit Allık 104,Ten Makyajı,49.62
Doğal Görünümlü Stick Allık 01,Ten Makyajı,80.78
Doğal Görünümlü Stick Allık 02,Ten Makyajı,80.78
Doğal Görünümlü Stick Allık 03,Ten Makyajı,80.78
Doğal Görünümlü Stick Allık 05,Ten Makyajı,80.78
Doğal Görünümlü Stick Allık 06,Ten Makyajı,80.78
Lucky Model Allık Paleti 01,Ten Makyajı,97.65
Lucky Model Allık Paleti 02,Ten Makyajı,97.65
Mc Ellyn Collagen Matte Pudra 02,Ten Makyajı,75.6
Mc Ellyn Collagen Matte Pudra 04,Ten Makyajı,75.6
Mc Ellyn Derma Moisturizer Hyaluronik Asit 40 ml 02,Ten Makyajı,109.2
Mc Ellyn Derma Moisturizer Hyaluronik Asit 40 ml 03,Ten Makyajı,109.2
Mc Ellyn Derma Porcelain Pro Make Up Fondöten 40 ml 03,Ten Makyajı,94.5
Mc Ellyn High Coverage Concealer 103,Ten Makyajı,98.7
Mc Ellyn High Coverage Concealer 104,Ten Makyajı,98.7
Mc Ellyn High Coverage Concealer 105,Ten Makyajı,98.7
Mc Ellyn High Coverage Concealer 106,Ten Makyajı,98.7
Mc Ellyn Professional Collegen Allık 03,Ten Makyajı,75.6
Mc Ellyn Professional Collegen Allık 04,Ten Makyajı,75.6
New Well Derma Make-Up Cover Fondöten Bronz,Ten Makyajı,118.65
New Well Derma Make-Up Cover Fondöten Copper,Ten Makyajı,118.65
New Well Derma Make-Up Cover Fondöten Gold,Ten Makyajı,118.65
New Well Derma Make-Up Cover Fondöten Silver,Ten Makyajı,118.65
Rimonocoo Make-up Fondöten 03,Ten Makyajı,71.4
Sevencool Compact Satisf Contour 03,Ten Makyajı,69.3
Sesu Hassas Ciltler Tüy Dökücü Krem 40 ml,Tüy Dökücü,105.84
Sesu Men Tüy Dökücü Krem 100 ml,Tüy Dökücü,182.7
Sesu Tüy Dökücü Krem Sprey Normal Ciltler 150 ml,Tüy Dökücü,321.3
Veet Professional Tüy Dökücü Sprey Krem 150 ml,Tüy Dökücü,384.3
Vi-Vet Tüy Sarartıcı Krem 70 ml+ Aktivatör Krem 35 ml,Tüy Dökücü,93.24
3'lü Set Kaş Usturası Asorti,Tıraş Bıçağı,33.02
4'lü Gillette Simly Venüs 2 Bıçaklı,Tıraş Bıçağı,81.9
Gilette Venüs Kadın Traş Bıçağı + 5 Smooth,Tıraş Bıçağı,732.06
Gillete Blue 3 Comfort Slalom 8 Li Paket,Tıraş Bıçağı,270.9
Gillete Blue 3 Cool 6+2 8 Li Paket,Tıraş Bıçağı,315.0
Gillette Mach3 Tıraş Bıçağı,Tıraş Bıçağı,252.0
Gillette Mach3 Tıraş Makinesi + Seyahat Kabı + 3 Adet Yedek Başlık,Tıraş Bıçağı,384.3
Gillette Mach3 Tıraş Makinesi +5 Yedek Tıraş Bıçağı,Tıraş Bıçağı,573.3
Gılette Simply Venüs Üç Bıçak 4 Lü,Tıraş Bıçağı,220.5
3'lü Bebek Tırnak Makası Asorti,Tırnak Aksesuarları,64.88
4'lü Bakım Seti Asorti,Tırnak Aksesuarları,43.05
Flormar Oje - 048,Tırnak Aksesuarları,57.96
Flormar Oje - 313,Tırnak Aksesuarları,57.96
Flormar Oje - 319,Tırnak Aksesuarları,57.96
Kalyon Besleyici 10 ml,Tırnak Aksesuarları,129.78
Kalyon Stop Polısh Temizleyici 10 ml,Tırnak Aksesuarları,129.78
Kalyon Tırnak Eti Temizleyici 10 ml,Tırnak Aksesuarları,129.78
Kutulu Manikür Seti Asorti 1,Tırnak Aksesuarları,70.88
Neutrogena Hızlı Emilen Bakım Kremi 300 ml,Vücut Kremi,142.38
Neutrogena Yoğun Nemlendirici Bakım Kremi 300 ml,Vücut Kremi,142.38
Dermokil Altın Kil Maskesi Peeling Etkili 2x7.5 ml,Yüz Bakımı,44.1
Dermokil Hologram Kil Maskesi Peeling Etkili 2x7.5 ml,Yüz Bakımı,44.1
Dermokil Kağıt Yüz Maskesi Aydınlatıcı 23 g,Yüz Bakımı,44.1
Dermokil Kağıt Yüz Maskesi Bal 20 g,Yüz Bakımı,44.1
Dermokil Kağıt Yüz Maskesi Colagen 20 g,Yüz Bakımı,40.95
Dermokil Kağıt Yüz Maskesi Nemlendirici 23 g,Yüz Bakımı,44.1
Dermokil Kağıt Yüz Maskesi Pirinç 20 g,Yüz Bakımı,44.1
Dermokil Kağıt Yüz Maskesi Red Ginseng 20 g,Yüz Bakımı,44.1
Dermokil Kağıt Yüz Maskesi Yoğurt 20 g,Yüz Bakımı,44.1
Dermokil Kağıt Yüz Maskesi Yumurta Akı 20 g,Yüz Bakımı,44.1
Dermokil Kağıt Yüz Maskesi İnci 20 g,Yüz Bakımı,44.1
Dermokil Pembe Kil Maskesi Peeling Etkili 2x7.5 ml,Yüz Bakımı,44.1
Dr. Clinic Kağıt Maske Aloe Vera,Yüz Bakımı,60.85
Dr. Clinic Kağıt Maske Colagen,Yüz Bakımı,53.55
Dr. Clinic Kağıt Maske Cucumber,Yüz Bakımı,53.55
Dr. Clinic Kağıt Maske Vitamin C,Yüz Bakımı,53.55
Cire Aseptine Yüz Güneş Koruyucu Krem 60 ml,Yüz Kremi,132.3
Sebamed Nemlendirici Krem Hassas Ciltler İçin 50 ml,Yüz Kremi,457.38
10'lü Durex Prezervatif Extreme,Yılın Fırsatı,243.76
Arko Suncare Yüz Güneş Kremi 50 ml,Yılın Fırsatı,245.7
Bepanthol Onarıcı Bakım Kremi 50 g,Yılın Fırsatı,289.8
Colgate Diş Macunu +2'li Optic White,Yılın Fırsatı,134.82
Deotak Classic Krem Deodorant 35 ml,Yılın Fırsatı,139.86
Deotak Fresh Krem Deodorant 35 ml,Yılın Fırsatı,139.86
Deotak Plus Krem Deodorant 35 ml,Yılın Fırsatı,139.86
Deotak Soft Krem Deodorant 35 ml,Yılın Fırsatı,139.86
Dove Advanced Care Invisible Dry White Freesia 72 Saat Kadın Stick Deodorant 50 ml,Yılın Fırsatı,180.18
Essweet 80 Metre Rulo Ağda Bezi,Yılın Fırsatı,119.7
Gıllete Mach 3 Tıraş Makinesi +2 Yedek Başlık,Yılın Fırsatı,264.6
New Well Blow Me Up Volume Mascara 8 ML,Yılın Fırsatı,182.7
New Well Prebiotic Serum,Yılın Fırsatı,255.43
New Well Ter Önleyici Beyazlatıcı Roll-On,Yılın Fırsatı,204.85
New Well İnceltici Selulit Giderici Krem 50 ML,Yılın Fırsatı,185.85
Nivea Black & White Invisible Clear 48 Saat Leke Karşıtı Kadın Roll-on Deodorant 50 ml,Yılın Fırsatı,129.15
Nivea Black & White Invisible Clear 72 Saat Kadın Stick Deodorant 50 ml,Yılın Fırsatı,154.98
Nivea Fresh Natural 48 Saat Okyanus Özleri Kadın Stick Deodorant 50 ml,Yılın Fırsatı,154.98
Nivea Fresh Natural 72 Saat Okyanus Özleri Kadın Roll-on Deodorant 50 ml,Yılın Fırsatı,129.15
Nivea Men Black & White Invisible Original 72 Saat Erkek Roll-on Deodorant 50 ml,Yılın Fırsatı,124.74
Nivea Men Deep Darkwood Aktif Karbon 72 Saat Erkek Roll-on Deodorant 50 ml,Yılın Fırsatı,124.74
Nivea Men Fresh Active Okyanus Özleri 72 Saat Erkek Roll-on Deodorant 50 ml,Yılın Fırsatı,124.74
Nivea Men Silver Protect Gümüş İyonları 48 Saat Erkek Stick Deodorant 50 ml,Yılın Fırsatı,154.98
Nivea Pearl & Beauty 72 Saat İnci Özleri Kadın Roll-on Deodorant 50 ml,Yılın Fırsatı,129.15
Old Spice Stick Erkek Deodorant Captain,Yılın Fırsatı,137.34
Old Spice Stick Erkek Deodorant Whitewater,Yılın Fırsatı,137.34
Rexona Cotton Dry Üstün Koruma 72 Saat Kadın Roll-on Deodorant 50 ml,Yılın Fırsatı,126.0
Rexona Men Cobalt Dry 48 Saat Erkek Roll-on Deodorant 50 ml,Yılın Fırsatı,126.0
Rexona Men Cobalt Dry Advanced Protection 72 Saat Erkek Stick Deodorant 50 ml,Yılın Fırsatı,170.1
Rexona Men Extreme Fresh Advanced Protection 72 Saat Erkek Stick Deodorant 50 ml,Yılın Fırsatı,170.1
Rexona Men Quantum Dry Erkek Stick Antiperspirant Deodorant 50 ml,Yılın Fırsatı,170.1
Rexona Men Ultra Recharge 72 Saat Vücut Isısıyla Aktif Erkek Roll-on Deodorant 50 ml,Yılın Fırsatı,126.0
Sebamed Baby Compat Sabun 100 g,Yılın Fırsatı,171.36
Sesu Tüm Vücut Ağda Bağdı 40'lı,Yılın Fırsatı,226.8
Sesu Tüy Dökücü Krem Sprey Hassas Ciltler 150 ml,Yılın Fırsatı,321.3
Sudocrem Bebek Bakım Kremi 125 gr,Yılın Fırsatı,315.0
Sudocrem Bebek Bakım Kremi 60 gr,Yılın Fırsatı,205.38
Veet Men Duşta Tüy Dökücü Krem Normal Ciltler 150 ml,Yılın Fırsatı,308.7
Veet Men Tüy Dökücü Krem 200 ml Hassas Ciltler,Yılın Fırsatı,308.7
Veet Professional 12'li Sir Ağda Bandı Hassas Ciltler,Yılın Fırsatı,220.5
Veet Professional 12'li Sir Ağda Bandı Normal Ciltler,Yılın Fırsatı,220.5
Veet Pure Duşta Tüy Dökücü Krem 150 ml,Yılın Fırsatı,308.7
Vi-Vet Sir Ağda Azulen 800 ml,Yılın Fırsatı,264.6
Vi-Vet Sir Ağda Natürel 800 ml,Yılın Fırsatı,264.6
Vi-Vet Sir Ağda Pudralı 800 ml,Yılın Fırsatı,264.6
Yumuşak Uçlu Figürlü Çocuk Saç Fırçası Asorti,Yılın Fırsatı,101.85
o.b. Procomfort Ultimate Tampon Mini 16'lı,Yılın Fırsatı,136.08
o.b. Procomfort Ultimate Tampon Normal 16'lı,Yılın Fırsatı,136.08
o.b. Procomfort Ultimate Tampon Süper 16'lı,Yılın Fırsatı,136.08
o.b. Procomfort Ultimate Tampon Süper Plus 16'lı,Yılın Fırsatı,136.08
