Category,Name,Current Price,Original Price
İnşaat Ve İzolasyon,PLUS PROLİNE Dök Aç Lavabo Açıcı 2000 gr,"179,00 TL","179,00 TL"
İnşaat Ve İzolasyon,PLUS PROLİNE Dök Aç Lavabo Açıcı 2000 gr 2 Adet,"339,00 TL","339,00 TL"
İnşaat Ve İzolasyon,PLUS PROLİNE Dök Aç Lavabo Açıcı 2000 gr 3 Adet,"469,00 TL","469,00 TL"
İnşaat Ve İzolasyon,PLUS PROLİNE Dök Aç Lavabo Açıcı 2000 gr 4 Adet,"569,00 TL","569,00 TL"
İnşaat Ve İzolasyon,PLUS PROLİNE Dök Aç Lavabo Açıcı 2000 gr 6 Adet,"769,00 TL","769,00 TL"
İnşaat Ve İzolasyon,PLUS PROLİNE Dök Aç Lavabo Açıcı 2000 gr 8 Adet,"909,00 TL","909,00 TL"
İnşaat Ve İzolasyon,PLUS PROLİNE Dök Aç Lavabo Açıcı 2000 gr 12 Adet,"1.199,00 TL","1.199,00 TL"
Bianca Stella,Bianca Stella Su Bazlı Boya,"1.399,00 TL","1.399,00 TL"
Hırdavat,Bainca Silikonlu Derz Tamir Dolgusu 2li 350gr,"349,00 TL","349,00 TL"
Hırdavat,Sista Akvaryum Silikonu Şeffaf 280ml,"259,00 TL","259,00 TL"
Hırdavat,Sista Universal Silikon Şeffaf 280ml,"289,00 TL","289,00 TL"
Hırdavat,Wd-40 Yağlayıcı Pas Sökücü 200ml,"260,00 TL","260,00 TL"
Hırdavat,Wd-40 Yağlayıcı Pas Sökücü 350ml,"360,00 TL","360,00 TL"
Hırdavat,Sun-fix Aqua Kaynak Macunu,"425,00 TL","425,00 TL"
Hırdavat,Sun-fix Aqua Kaynak Macunu 12x 50gr,"4.899,00 TL","4.899,00 TL"
Hırdavat,Tesla Lüx Kapı Kolu-Gold,"1.999,00 TL","1.999,00 TL"
Hırdavat,Tesla Lüx Kapı Kolu,"1.999,00 TL","1.999,00 TL"
Banyo,HAY Piyano Robot Duş Seti,"9.399,00 TL","9.399,00 TL"
Banyo,Wenko Duş Başlığı 3 Fonksiyonlu Siyah,"499,00 TL","499,00 TL"
Banyo,Sukar Line 4/P Duş Kanalı,"599,00 TL","599,00 TL"
Banyo,Lineer Dönerli Düş Kanalı 30 cm,"299,00 TL","299,00 TL"
Banyo,Lineer Dönerli Düş Kanalı 40 cm,"399,00 TL","399,00 TL"
Banyo,Wenko Serino Duş Şampuanlık 25123100,"2.399,00 TL","2.399,00 TL"
Banyo,İlhan Rezervuar İç Takım Basmalı,"249,00 TL","249,00 TL"
Banyo,Marıne Çocuk Yumuşak Klozet Kapağı,"650,07 TL","699,00 TL"
Banyo,Wenko Kos Klozet Kapağı,"1.673,07 TL","1.799,00 TL"
Banyo,Wenko Rhombus Klozet Kapağı,"1.394,07 TL","1.499,00 TL"
Banyo,Wenko Asteride Klozet Kapağı,"1.394,07 TL","1.499,00 TL"
Banyo,Wenko Sereno Klozet Kapağı,"1.394,07 TL","1.499,00 TL"
Banyo,Wenko Flamingo Klozet Kapağı,"1.394,07 TL","1.499,00 TL"
Banyo,Wenko Flowery Klozet Kapağı,"1.394,07 TL","1.499,00 TL"
Banyo,Wenko Waterfall Klozet Kapağı,"1.394,07 TL","1.499,00 TL"
Banyo,Wenko Big Leaves Klozet Kapağı,"1.394,07 TL","1.499,00 TL"
Banyo,Wenko Muschel Klozet Kapağı 3D,"1.673,07 TL","1.799,00 TL"
Banyo,Wenko Dreamy Klozet Kapağı,"1.394,07 TL","1.499,00 TL"
Banyo,Wenko Muschel Klozet Kapağı,"1.394,07 TL","1.499,00 TL"
Banyo,Wenko Water Lily Klozet Kapağı,"1.394,07 TL","1.499,00 TL"
Banyo,Wenko Agate Klozet Kapağı,"1.394,07 TL","1.499,00 TL"
Banyo,Wenko Düne Klozet Kapağı,"1.394,07 TL","1.499,00 TL"
Banyo,Wenko Elephant Klozet Kapağı,"1.394,07 TL","1.499,00 TL"
Banyo,Wenko Vorno Neo Klozet Kapağı,"1.673,07 TL","1.799,00 TL"
Banyo,Wenko Ottana Klozet Kapağı,"1.394,07 TL","1.499,00 TL"
Banyo,Wenko Birori Klozet Kapağı,"1.673,07 TL","1.799,00 TL"
Banyo,Wenko Alba Klozet Kapağı,"1.394,07 TL","1.499,00 TL"
Banyo,Wenko Spa Klozet Kapağı,"1.394,07 TL","1.499,00 TL"
Banyo,Wenko Cuore Klozet Kapağı,"1.394,07 TL","1.499,00 TL"
Banyo,Wenko Caretta Klozet Kapağı,"1.394,07 TL","1.499,00 TL"
Banyo,Wenko Tapa Klozet Kapağı,"1.394,07 TL","1.499,00 TL"
Banyo,Wenko Boat Klozet Kapağı,"1.394,07 TL","1.499,00 TL"
Banyo,Wenko Gubbio Klozet Kapağı,"1.394,07 TL","1.499,00 TL"
Banyo,Wenko Secura Küvet Taburesi,"799,00 TL","799,00 TL"
Banyo,Wenko Cuba Matt Havlu Askısı,"499,00 TL","499,00 TL"
Banyo,Wenko Adrano Tavalet Kagıtlık ve Fırçalık,"1.299,00 TL","1.299,00 TL"
Banyo,Wenko Rondo Tuvalet Fırçası,"599,00 TL","599,00 TL"
Banyo,Wenko Orea Matt Havlu Askısı,"999,00 TL","999,00 TL"
Banyo,Wenko Orea Shine Tuvalet Kağıtlığı,"629,00 TL","629,00 TL"
Banyo,Wenko Mezzano Tuvalet Kağıtlığı,"399,00 TL","399,00 TL"
Banyo,Wenko Bosio Tuvalet Kağıtlığı,"499,00 TL","499,00 TL"
Banyo,Loft Banyo Dolabı,"23.750,00 TL","23.750,00 TL"
Banyo,Serra Banyo Dolabı,"24.625,00 TL","24.625,00 TL"
Banyo,Gmf Haznesiz Isıtıcı Batarya,"3.999,00 TL","3.999,00 TL"
Banyo,Gmf Haznesiz Isıtıcı Batarya Kafası,"1.999,00 TL","1.999,00 TL"
Banyo,Wenko Bois Klozet Kapağı,"1.394,07 TL","1.499,00 TL"
Banyo,Wenko Terrazzo Klozet Kapağı,"1.394,07 TL","1.499,00 TL"
Banyo,Wenko Plumage Klozet Kapağı,"1.394,07 TL","1.499,00 TL"
Banyo,Wenko Lorca Klozet Kapağı,"1.394,07 TL","1.499,00 TL"
Banyo,Wenko Stream Klozet Kapağı,"1.394,07 TL","1.499,00 TL"
Banyo,Wenko Samos Klozet Kapağı (Boz Kahverengi),"1.673,07 TL","1.799,00 TL"
Banyo,Wenko Samoa Klozet Kapağı,"1.394,07 TL","1.499,00 TL"
Banyo,Wenko Loft Klozet Kapağı,"1.394,07 TL","1.499,00 TL"
Banyo,Wenko Meditasyon Klozet Kapağı,"1.394,07 TL","1.499,00 TL"
Banyo,Wenko Sedilo Mat Klozet Kapağı,"1.394,07 TL","1.499,00 TL"
Banyo,Wenko Astera Klozet Kapağı,"1.394,07 TL","1.499,00 TL"
Banyo,Wenko Samos Klozet Kapağı,"1.673,07 TL","1.799,00 TL"
Banyo,Wenko Aslan Klozet Kapağı 3D,"1.673,07 TL","1.799,00 TL"
Boya ve Aksesuarları,"Bianca Stella Boya Seti 0,5Lt Siyah Boya - Gümüş Mermer Efekt - Maximo İpek Mat","3.399,00 TL","3.399,00 TL"
Boya ve Aksesuarları,"Bianca Stella Boya Seti 0,5Lt Siyah Boya - Beyaz Mermer Efekt - Maximo Parlak","2.649,00 TL","2.649,00 TL"
Boya ve Aksesuarları,Bianca Stella Boya Seti 0.5Lt Beyaz Boya - Siyah Mermer Efekt - Maximo İpek Mat,"2.649,00 TL","2.649,00 TL"
Boya ve Aksesuarları,Bianca Stella Boya Seti 1 Lt Siyah Boya - Gold Mermer Efekt - Maximo Parlak,"3.399,00 TL","3.399,00 TL"
Boya ve Aksesuarları,Bianca Stella Boya Seti 1 Lt Siyah Boya - Gümüş Mermer Efekt - Maximo Parlak,"3.399,00 TL","3.399,00 TL"
Boya ve Aksesuarları,Bianca Stella Boya Seti 1 Lt Siyah Boya - Beyaz Mermer Efekt - Maximo Parlak,"3.399,00 TL","3.399,00 TL"
Boya ve Aksesuarları,Bianca Stella Boya Seti 1 Lt Beyaz Boya - Siyah Mermer Efekt - Maximo Parlak,"3.399,00 TL","3.399,00 TL"
Boya ve Aksesuarları,"Bianca Stella Boya Seti 0,5Lt Siyah Boya - Gold Mermer Efekt - Maximo Parlak","2.649,00 TL","2.649,00 TL"
Boya ve Aksesuarları,Luksima Silikonlu Özel Mat,"899,00 TL","899,00 TL"
Boya ve Aksesuarları,Silikonlu Özel Mat,"399,00 TL","399,00 TL"
Boya ve Aksesuarları,SİL-PAK Plus,"1.099,00 TL","1.099,00 TL"
Boya ve Aksesuarları,Bianca Vista Silikonlu Özel Mat,"599,00 TL","599,00 TL"
Boya ve Aksesuarları,Bianca Espina Soft Mat,"699,00 TL","699,00 TL"
Boya ve Aksesuarları,Bianca Mira Plastik Beyaz,"599,00 TL","599,00 TL"
Boya ve Aksesuarları,Bianca Vals Lux Parlak Beyaz,"899,00 TL","899,00 TL"
Boya ve Aksesuarları,Bianca Vals Yarı Mat,"899,00 TL","899,00 TL"
Boya ve Aksesuarları,Bianca Vals Mat,"899,00 TL","899,00 TL"
Boya ve Aksesuarları,Bianca Vals İpek Mat,"399,00 TL","399,00 TL"
Boya ve Aksesuarları,Bianca Stella – Mermer Efekt Sprey Bakır,"450,00 TL","450,00 TL"
Boya ve Aksesuarları,Bianca Stella – Mermer Efekt Sprey Altın,"450,00 TL","450,00 TL"
Boya ve Aksesuarları,Bianca Stella – Mermer Efekt Sprey Gümüş,"450,00 TL","450,00 TL"
Boya ve Aksesuarları,Bianca Stella – Mermer Efekt Sprey Siyah,"450,00 TL","450,00 TL"
Boya ve Aksesuarları,Bianca Stella – Mermer Efekt Sprey Beyaz,"450,00 TL","450,00 TL"
Boya ve Aksesuarları,Bianca Panel Kapı ve Vals Geçiş Astar Set 2.5LT,"1.599,00 TL","1.599,00 TL"
Boya ve Aksesuarları,"Bianca Boypen PVC Boyası (Beyaz) 2,5Lt","2.699,00 TL","2.699,00 TL"
Boya ve Aksesuarları,"Bianca Panel Kapı Boyası (Beyaz) 2,5Lt","1.159,00 TL","1.159,00 TL"
Boya ve Aksesuarları,"Bianca Boypen PVC Boyası (Beyaz) 0,75","1.059,00 TL","1.059,00 TL"
Boya ve Aksesuarları,"Bianca Panel Kapı Boyası (Beyaz) 0,75","499,00 TL","499,00 TL"
Boya ve Aksesuarları,Akçalı Sprey Boya Yeşil,"219,00 TL","219,00 TL"
Boya ve Aksesuarları,Akçalı Sprey Boya Metalik Siyah,"249,00 TL","249,00 TL"
Boya ve Aksesuarları,Akçalı Sprey Boya Metalik Gri,"249,00 TL","249,00 TL"
Boya ve Aksesuarları,Akçalı Sprey Boya Krom Sarı,"229,00 TL","229,00 TL"
Boya ve Aksesuarları,Akçalı Sprey Boya Krem,"229,00 TL","229,00 TL"
Boya ve Aksesuarları,Akçalı Sprey Boya Kırmızı,"229,00 TL","229,00 TL"
Boya ve Aksesuarları,Akçalı Sprey Boya Jant Boyası,"249,00 TL","249,00 TL"
Boya ve Aksesuarları,Akçalı Sprey Boya Gümüş,"249,00 TL","249,00 TL"
Boya ve Aksesuarları,Akçalı Sprey Boya Floresan Yeşil,"229,00 TL","229,00 TL"
Boya ve Aksesuarları,Akçalı Sprey Boya Floresan Sarı,"229,00 TL","229,00 TL"
Boya ve Aksesuarları,Akçalı Sprey Boya Floresan Kırmızı,"229,00 TL","229,00 TL"
Boya ve Aksesuarları,Akçalı Sprey Boya Floresan Boncuk Mavi,"229,00 TL","229,00 TL"
Boya ve Aksesuarları,Akçalı Sprey Boya Boncuk Mavi,"229,00 TL","229,00 TL"
Boya ve Aksesuarları,Akçalı Sprey Boya Açık Yeşil,"229,00 TL","229,00 TL"
Boya ve Aksesuarları,Akçalı Sprey Boya Antrasit,"229,00 TL","229,00 TL"
Boya ve Aksesuarları,Akçalı Sprey Boya Aluminyum Soba Boyası,"229,00 TL","229,00 TL"
Boya ve Aksesuarları,Akçalı Sprey Boya Altın Yaldız,"229,00 TL","229,00 TL"
Boya ve Aksesuarları,Akçalı Sprey Boya Açık Mavi,"229,00 TL","229,00 TL"
Boya ve Aksesuarları,Akçalı Sprey Boya Siyah,"229,00 TL","229,00 TL"
Boya ve Aksesuarları,Akçalı Sprey Boya Beyaz,"229,00 TL","229,00 TL"
Boya ve Aksesuarları,Bianca Vals Geçiş Astarı,"549,00 TL","549,00 TL"
Boya ve Aksesuarları,Bianca Pas Dönüştürücü Astar PD-20,"699,00 TL","699,00 TL"
Boya ve Aksesuarları,Bianca Ahşap Emprenye,"859,00 TL","859,00 TL"
Boya ve Aksesuarları,Bianca Ceramica Siyah,"1.199,00 TL","1.199,00 TL"
Boya ve Aksesuarları,Bianca Ceramica Beyaz,"1.199,00 TL","1.199,00 TL"
Boya ve Aksesuarları,Bianca Ceramica Yeni Kırık İnci,"1.199,00 TL","1.199,00 TL"
Boya ve Aksesuarları,Bianca Ceramica Yeni Gri Kayrak,"1.199,00 TL","1.199,00 TL"
Boya ve Aksesuarları,Bianca Ceramica Yeni Bohem Gri,"1.199,00 TL","1.199,00 TL"
Boya ve Aksesuarları,Bianca Ceramica Tütsü,"1.199,00 TL","1.199,00 TL"
Boya ve Aksesuarları,Bianca Ceramica Şampanya,"1.099,00 TL","1.099,00 TL"
Boya ve Aksesuarları,Bianca Ceramica Sonsuz Gökyüzü,"1.199,00 TL","1.199,00 TL"
Boya ve Aksesuarları,Bianca Ceramica Sofistik,"1.199,00 TL","1.199,00 TL"
Boya ve Aksesuarları,Bianca Yol Çizgi Boyası - Beyaz 20KG,"4.899,00 TL","4.899,00 TL"
Boya ve Aksesuarları,Bianca Yol Çizgi Boyası - Beyaz 4KG,"999,00 TL","999,00 TL"
Boya ve Aksesuarları,Bianca Tegola – Kiremit Boyası 15Lt,"3.499,00 TL","3.499,00 TL"
Boya ve Aksesuarları,Bianca Vetro – Sıvı Cam,"1.049,00 TL","1.049,00 TL"
Boya ve Aksesuarları,Bianca BiaNem BN-82 (Nem Önleyici Boya),"959,00 TL","959,00 TL"
Boya ve Aksesuarları,Bianca Yangın Geciktirici Vernik 15LT,"13.599,00 TL","13.599,00 TL"
Boya ve Aksesuarları,Bianca Yangın Geciktirici Vernik 2.5LT,"2.849,00 TL","2.849,00 TL"
Boya ve Aksesuarları,Bianca Yanmaz Boya (Beyaz),"14.599,00 TL","14.599,00 TL"
Boya ve Aksesuarları,Bianca Regata – Yangın Geciktirici Boya (Anti-Fire) BEYAZ,"7.599,00 TL","7.599,00 TL"
Boya ve Aksesuarları,Bianca Regata Plus – Intümesan Boya (Anti-Fire Plus) BEYAZ,"16.399,00 TL","16.399,00 TL"
Boya ve Aksesuarları,Bianca Akrilik Zemin Boyası - Beyaz 15lt,"9.199,00 TL","9.199,00 TL"
Boya ve Aksesuarları,Bianca Akrilik Zemin Boyası - Beyaz 2.5LT,"1.799,00 TL","1.799,00 TL"
Boya ve Aksesuarları,Bianca Kaydırmaz Zemin Solüsyonu,"699,00 TL","699,00 TL"
Boya ve Aksesuarları,Havuz Boyası 4.5kg,"3.599,00 TL","3.599,00 TL"
Boya ve Aksesuarları,"Bianca Stella Boya Seti 0,5Lt Siyah Boya - Bakır Mermer Efekt - Maximo İpek Mat","2.649,00 TL","2.649,00 TL"
Boya ve Aksesuarları,"Bianca Stella Boya Seti 0,5Lt Siyah Boya - Bakır Mermer Efekt - Maximo Parlak","2.649,00 TL","2.649,00 TL"
Boya ve Aksesuarları,"Bianca Stella Boya Seti 0,5Lt Siyah Boya - Gold Mermer Efekt - Maximo İpek Mat","2.649,00 TL","2.649,00 TL"
Boya ve Aksesuarları,"Bianca Stella Boya Seti 0,5Lt Siyah Boya - Gümüş Mermer Efekt - Maximo Parlak","2.649,00 TL","2.649,00 TL"
Boya ve Aksesuarları,"Bianca Stella Boya Seti 0,5Lt Siyah Boya - Beyaz Mermer Efekt - Maximo İpek Mat","2.649,00 TL","2.649,00 TL"
Boya ve Aksesuarları,Bianca Stella Boya Seti 0.5Lt Beyaz Boya - Siyah Mermer Efekt - Maximo Parlak,"2.649,00 TL","2.649,00 TL"
Boya ve Aksesuarları,Bianca Stella Boya Seti 1 Lt Siyah Boya - Bakır Mermer Efekt - Maximo İpek Mat,"3.399,00 TL","3.399,00 TL"
Boya ve Aksesuarları,Bianca Stella Boya Seti 1 Lt Siyah Boya - Bakır Mermer Efekt - Maximo Parlak,"3.399,00 TL","3.399,00 TL"
Boya ve Aksesuarları,Bianca Stella Boya Seti 1 Lt Siyah Boya - Gold Mermer Efekt - Maximo İpek Mat,"3.399,00 TL","3.399,00 TL"
Boya ve Aksesuarları,Bianca Stella Boya Seti 1 Lt Siyah Boya - Gümüş Mermer Efekt - Maximo İpek Mat,"3.399,00 TL","3.399,00 TL"
Boya ve Aksesuarları,Bianca Stella Boya Seti 1 Lt Siyah Boya - Beyaz Mermer Efekt - Maximo İpek Mat,"3.399,00 TL","3.399,00 TL"
Boya ve Aksesuarları,Bianca Stella Boya Seti 1 Lt Beyaz Boya - Siyah Mermer Efekt - Maximo İpek Mat,"3.399,00 TL","3.399,00 TL"
Boya ve Aksesuarları,Moher Saplı Rulo,"125,00 TL","125,00 TL"
Boya ve Aksesuarları,Dekor Yedek Başlık,"75,00 TL","75,00 TL"
Boya ve Aksesuarları,Dekor Kadife Rulo 2 Adet + Saplı Rulo,"299,00 TL","299,00 TL"
Boya ve Aksesuarları,Dekor Kadife Rulo 1 Adet + Saplı Rulo,"225,00 TL","225,00 TL"
Boya ve Aksesuarları,Bianca Ceramica Fil Dişi,"1.199,00 TL","1.199,00 TL"
Boya ve Aksesuarları,Bianca Ceramica Derin Vadi,"1.199,00 TL","1.199,00 TL"
Boya ve Aksesuarları,Bianca Ceramica Deniz Kabuğu,"1.199,00 TL","1.199,00 TL"
Boya ve Aksesuarları,Bianca Ceramica Defne Yaprağı,"1.199,00 TL","1.199,00 TL"
Boya ve Aksesuarları,Bianca Ceramica Damla Sakızı,"1.199,00 TL","1.199,00 TL"
Boya ve Aksesuarları,Bianca Ceramica Çakıl Taşı,"1.199,00 TL","1.199,00 TL"
Boya ve Aksesuarları,Bianca Ceramica Buz Beyazı,"1.199,00 TL","1.199,00 TL"
Boya ve Aksesuarları,Bianca Ceramica Botanik Bahçesi,"1.199,00 TL","1.199,00 TL"
Boya ve Aksesuarları,Bianca Ceramica Beyaz Lale,"1.199,00 TL","1.199,00 TL"
Boya ve Aksesuarları,Bianca Ceramica Bebek Pembe,"1.199,00 TL","1.199,00 TL"
Boya ve Aksesuarları,Bianca Ceramica Badem Ezmasi,"1.199,00 TL","1.199,00 TL"
Boya ve Aksesuarları,Bianca Ceramica Avokado,"1.199,00 TL","1.199,00 TL"
Boya ve Aksesuarları,Bianca Ceramica Aşk Merdiveni,"1.199,00 TL","1.199,00 TL"
Boya ve Aksesuarları,Bianca Ceramica Alev,"1.199,00 TL","1.199,00 TL"
Boya ve Aksesuarları,Bianca Ceramica Akşam Sefası,"1.199,00 TL","1.199,00 TL"
Boya ve Aksesuarları,Bianca Ceramica Akarsu,"1.199,00 TL","1.199,00 TL"
Boya ve Aksesuarları,Bianca Ceramica Afrika Menekşesi,"1.199,00 TL","1.199,00 TL"
Boya ve Aksesuarları,Bianca Küvet Boyası,"1.299,00 TL","1.299,00 TL"
Boya ve Aksesuarları,Bianca Salute – Antibakteriyel Saf Akrilik Tavan Plastiği,"379,00 TL","379,00 TL"
Boya ve Aksesuarları,Bianca Salute – Antibakteriyel Saf Akrilik Yarı Mat Boya,"859,00 TL","859,00 TL"
Boya ve Aksesuarları,Bianca Bia-Nem BN-82 (Beyaz) 15Lt,"11.299,00 TL","11.299,00 TL"
Boya ve Aksesuarları,"Bianca Bia-Nem BN-82 (Beyaz) 2,5Lt","2.199,00 TL","2.199,00 TL"
Boya ve Aksesuarları,"Bianca Bia-Nem BN-82 (Beyaz) 0,75Lt","959,00 TL","959,00 TL"
Boya ve Aksesuarları,Bianca Rutubetkes (Beyaz) 2.5Lt,"1.999,00 TL","1.999,00 TL"
Boya ve Aksesuarları,Bianca Rutubetkes (Beyaz) 15Lt,"10.599,00 TL","10.599,00 TL"
Boya ve Aksesuarları,"Bianca Rutubetkes (Beyaz) 0,75Lt","899,00 TL","899,00 TL"
Boya ve Aksesuarları,Bianca Silikonlu Dış Cephe - Beyaz,"899,00 TL","899,00 TL"
Boya ve Aksesuarları,Bianca Brenda – Branda Boyası Beyaz,"1.059,00 TL","1.059,00 TL"
Boya ve Aksesuarları,Bianca Yol Çizgi Boyası - Sarı 4KG,"999,00 TL","999,00 TL"
Boya ve Aksesuarları,Bianca Yol Çizgi Boyası - Sarı 20KG,"4.899,00 TL","4.899,00 TL"
Boya ve Aksesuarları,Bianca Ceramica Sifon,"1.199,00 TL","1.199,00 TL"
Boya ve Aksesuarları,Bianca Ceramica Şeker Pembe,"1.199,00 TL","1.199,00 TL"
Boya ve Aksesuarları,Bianca Ceramica Sazlık,"1.199,00 TL","1.199,00 TL"
Boya ve Aksesuarları,Bianca Ceramica Samur,"1.199,00 TL","1.199,00 TL"
Boya ve Aksesuarları,Bianca Ceramica Sabah Güneşi,"1.199,00 TL","1.199,00 TL"
Boya ve Aksesuarları,Bianca Ceramica Rıhtım,"1.099,00 TL","1.099,00 TL"
Boya ve Aksesuarları,Bianca Ceramica Pembe İnci,"1.199,00 TL","1.199,00 TL"
Boya ve Aksesuarları,Bianca Ceramica Patika,"1.199,00 TL","1.199,00 TL"
Boya ve Aksesuarları,Bianca Ceramica Papaya,"1.199,00 TL","1.199,00 TL"
Boya ve Aksesuarları,Bianca Ceramica Pamuk,"1.199,00 TL","1.199,00 TL"
Boya ve Aksesuarları,Bianca Ceramica Müge,"1.199,00 TL","1.199,00 TL"
Boya ve Aksesuarları,Bianca Ceramica Mum Işığı,"1.199,00 TL","1.199,00 TL"
Boya ve Aksesuarları,Bianca Ceramica Islak Meteor,"1.199,00 TL","1.199,00 TL"
Boya ve Aksesuarları,Bianca Ceramica Islak Mentol,"1.199,00 TL","1.199,00 TL"
Boya ve Aksesuarları,Bianca Ceramica Islak Martı,"1.199,00 TL","1.199,00 TL"
Boya ve Aksesuarları,Bianca Ceramica Islak Mahlep,"1.199,00 TL","1.199,00 TL"
Boya ve Aksesuarları,Bianca Ceramica Islak Lila,"1.199,00 TL","1.199,00 TL"
Boya ve Aksesuarları,Bianca Ceramica Islak Kurna,"1.199,00 TL","1.199,00 TL"
Boya ve Aksesuarları,Bianca Ceramica Islak Kum Beji,"1.199,00 TL","1.199,00 TL"
Boya ve Aksesuarları,Bianca Ceramica Islak Kuğu Gölü,"1.199,00 TL","1.199,00 TL"
Boya ve Aksesuarları,Bianca Ceramica Islak Kıristal,"1.199,00 TL","1.199,00 TL"
Boya ve Aksesuarları,Bianca Ceramica Islak Kilit Taşı,"1.199,00 TL","1.199,00 TL"
Boya ve Aksesuarları,Bianca Ceramica Islak Keten Tohumu,"1.199,00 TL","1.199,00 TL"
Boya ve Aksesuarları,Bianca Ceramica Islak Kese Kağıdı,"1.199,00 TL","1.199,00 TL"
Boya ve Aksesuarları,Bianca Ceramica Islak Keçe,"1.199,00 TL","1.199,00 TL"
Boya ve Aksesuarları,Bianca Ceramica Islak Kum,"1.199,00 TL","1.199,00 TL"
Boya ve Aksesuarları,Bianca Ceramica İnci Tanesi,"1.199,00 TL","1.199,00 TL"
Boya ve Aksesuarları,Bianca Ceramica Gülbe Şeker,"1.199,00 TL","1.199,00 TL"
Boya ve Aksesuarları,Bianca Ceramica Gelin Teli,"1.199,00 TL","1.199,00 TL"
Boya ve Aksesuarları,Bianca Ceramica Fıstık,"1.199,00 TL","1.199,00 TL"
Boya ve Aksesuarları,Dekor Kadife Rulo 4 Adet + Saplı Rulo,"449,00 TL","449,00 TL"
Boya ve Aksesuarları,Dekor Kadife Rulo 4lü,"299,00 TL","299,00 TL"
Boya ve Aksesuarları,Wenko Rondo Tuvalet Fırçası,"599,00 TL","599,00 TL"
Boya ve Aksesuarları,Bianca Stella İpek Fırça 1no,"185,00 TL","185,00 TL"
Boya ve Aksesuarları,Bianca Stella İpek Fırça 1.5no,"245,00 TL","245,00 TL"
Boya ve Aksesuarları,Bianca Liquid Diamond [ Parlak - İpek Mat - Mat ],"1.199,00 TL","1.199,00 TL"
Boya ve Aksesuarları,Bianca Liquid Diamond (Sıvı Elmas) İPEK MAT,"1.299,00 TL","1.299,00 TL"
Boya ve Aksesuarları,Bianca Liquid Diamond (Sıvı Elmas) MAT,"1.299,00 TL","1.299,00 TL"
Boya ve Aksesuarları,Bianca Liquid Diamond (Sıvı Elmas) PARLAK,"1.299,00 TL","1.299,00 TL"
Boya ve Aksesuarları,Bianca Vernikli Ahşap Koruyucu Şeffaf,"459,00 TL","459,00 TL"
Boya ve Aksesuarları,Bianca Doğal Taş Vernik,"659,00 TL","659,00 TL"
Boya ve Aksesuarları,Bianca Maximo – Solvent Bazlı Sıvı Cam (İpek Mat) 500ml,"1.199,00 TL","1.199,00 TL"
Boya ve Aksesuarları,Bianca Maximo – Solvent Bazlı Sıvı Cam (Parlak) 500ml,"1.199,00 TL","1.199,00 TL"
Boya ve Aksesuarları,Bianca Stella Derzli Set (Beyaz) 500 Ml,"2.279,00 TL","2.279,00 TL"
Boya ve Aksesuarları,İpek Fırça Boyama Seti (Yedeksiz),"419,00 TL","419,00 TL"
Boya ve Aksesuarları,İpek Fırça Boyama Seti,"529,00 TL","529,00 TL"
Boya ve Aksesuarları,Boya Tavası,"95,00 TL","95,00 TL"
Boya ve Aksesuarları,Bianca Stella Ahşap Renkler 250ml Kestane,"679,00 TL","679,00 TL"
Boya ve Aksesuarları,Bianca Stella Ahşap Renkler 250ml Gri,"679,00 TL","679,00 TL"
Boya ve Aksesuarları,Bianca Stella Ahşap Renkler 250ml Eskitme,"679,00 TL","679,00 TL"
Boya ve Aksesuarları,Bianca Stella Ahşap Renkler 250ml Ceviz,"679,00 TL","679,00 TL"
Boya ve Aksesuarları,Bianca Stella Ahşap Renkler 250ml Açık Ceviz,"679,00 TL","679,00 TL"
Boya ve Aksesuarları,Bianca Stella Ahşap Renkler 250ml Meşe,"679,00 TL","679,00 TL"
Boya ve Aksesuarları,Bianca Stella Su Bazlı Sıvı Cam (Parlak) 500ml,"999,00 TL","999,00 TL"
Boya ve Aksesuarları,Bianca Stella Su Bazlı Sıvı Cam (Parlak) 250ml,"549,00 TL","549,00 TL"
Boya ve Aksesuarları,Bianca Stella Su Bazlı Sıvı Cam (İpek Mat) 250ml,"549,00 TL","549,00 TL"
Boya ve Aksesuarları,Bianca Stella Su Bazlı Sıvı Cam (İpek Mat) 500ml,"999,00 TL","999,00 TL"
El Aletleri,Total Kırıcı Delici Matkap TH308268,"3.789,33 TL","3.789,33 TL"
El Aletleri,Total SDS PLUS 4KG KIRICI DELİCİ 1500W TH1153216,"6.667,30 TL","6.667,30 TL"
El Aletleri,Total Darbeli Matkap 850 W TG109136-2,"2.686,11 TL","2.686,11 TL"
El Aletleri,Total SDS Plus Kırıcı Delici TH309288,"4.268,99 TL","4.268,99 TL"
El Aletleri,Total Darbesiz Matkap 500 W TD2051026-2,"1.391,02 TL","1.391,02 TL"
El Aletleri,Total Li-Ion 20V 5.0 Ah Batarya TFBLI2053,"3.309,67 TL","3.309,67 TL"
El Aletleri,Total LI-ION BATARYA 20V 4.0 AH TFBLI2002,"2.590,17 TL","2.590,17 TL"
El Aletleri,Total LI-ION BATARYA 20V 2.0 AH TFBLI2001,"1.582,88 TL","1.582,88 TL"
El Aletleri,Total 12V LI-ION BATARYA TBLI12152E,"1.007,29 TL","1.007,29 TL"
El Aletleri,Total LI-ION AKÜLÜ EKSANTRİK ZIMPARA SOLO TROSLI2001,"2.973,90 TL","2.973,90 TL"
El Aletleri,Total LI-ION AKÜLÜ DAİRE TESTERE TSLI1851,"4.748,65 TL","4.748,65 TL"
El Aletleri,Total LI-ION AKÜLÜ CIRCIRLI SOMUN SÖKME (SOLO) TDRLI2060151,"3.117,80 TL","3.117,80 TL"
El Aletleri,Total LI-ION AKÜLÜ ÇOK AMAÇLI KESİCİ (SOLO) TMLI2022,"2.158,48 TL","2.158,48 TL"
El Aletleri,Total LI-ION AKÜLÜ SOMUN SÖKME 1350NM (SOLO) TIWLI201351,"17.987,33 TL","17.987,33 TL"
El Aletleri,Total LI-ION AKÜLÜ KIRICI DELİCİ 4.5J SOLO TRHLI20288,"7.626,63 TL","7.626,63 TL"
El Aletleri,Total LI-ION AKÜLÜ SOMUN SÖKME (SOLO) TIWLI20851,"7.194,93 TL","7.194,93 TL"
El Aletleri,Total LI-ION AKÜLÜ SOMUN SIKMA 500Nm (SOLO) TIWLI20501,"4.556,79 TL","4.556,79 TL"
El Aletleri,Total LI-ION AKÜLÜ DARBELİ MATKAP 66NM (SOLO) TIDLI206681,"3.789,33 TL","3.789,33 TL"
El Aletleri,Total Li-Ion Akülü Çim Biçme Makinesi TLMLI20186,"23.935,13 TL","23.935,13 TL"
El Aletleri,Total LI-ION AKÜLÜ TIRPAN TSTLI202521,"14.150,03 TL","14.150,03 TL"
El Aletleri,Total Li-Ion Akülü Çit Kesme Makinesi THTLI20461,"4.604,76 TL","4.604,76 TL"
El Aletleri,Total Li-Ion Akülü Kenar Ot Kesme Makinesi TGTLI20301,"3.789,33 TL","3.789,33 TL"
El Aletleri,Total LI-ION AKÜLÜ TELESKOPİK YÜKSEK DAL KESME MAKİNESİ TPSLI200815,"11.463,92 TL","11.463,92 TL"
El Aletleri,Total Lİ-ION AKÜLÜ 40V ZİNCİRLİ TESTERE TGSLI401682,"15.349,18 TL","15.349,18 TL"
El Aletleri,"Total LI-ION AKÜLÜ AVANTAJ SET - DAİRE TESTERE, ÇİVİ TABANCASI TOSLI240866E","15.828,85 TL","15.828,85 TL"
El Aletleri,Total LI-ION AKÜLÜ SET - TMLI2022 ÇOK AMAÇLI KESİCİ & TSHSLI2014 TİTREŞİMLİ ZIMPARA TCKLI20276E,"5.707,98 TL","5.707,98 TL"
El Aletleri,Total Li-Ion Akülü El Süpürgesi TVLI20126,"6.475,44 TL","6.475,44 TL"
El Aletleri,Total Şarjlı Askılı Çalışma Işığı TWLI35261,"1.438,99 TL","1.438,99 TL"
El Aletleri,Total Li-Ion Akülü Led Lamba TWLI20258,"4.556,79 TL","4.556,79 TL"
El Aletleri,Total LI-ION AKÜLÜ ÜFLEME MAKİNESİ TABLI204282,"7.146,96 TL","7.146,96 TL"
El Aletleri,Total LI-ION AKÜLÜ BOYA TABANCASI TSGLI20042E,"4.268,99 TL","4.268,99 TL"
El Aletleri,Total LI-ION AKÜLÜ POLİSAJ MAKİNESİ TAPLI20181E,"7.626,63 TL","7.626,63 TL"
El Aletleri,Total LI-ION AKÜLÜ TİTREŞİMLİ ZIMPARA TSHSLI20141,"3.117,80 TL","3.117,80 TL"
El Aletleri,Total LI-ION AKÜLÜ ÇİVİ TABANCASI F15-50 TCBNLI2016,"11.272,06 TL","11.272,06 TL"
El Aletleri,Total LI-ION AKÜLÜ TİLKİ KUYRUĞU TESTETESİ TRSLI11521,"5.228,32 TL","5.228,32 TL"
El Aletleri,Total Li-Ion Akülü Çivi Tabancası F15-35 TCBNLI3508,"8.633,92 TL","8.633,92 TL"
El Aletleri,Total LI-ION AKÜLÜ DAİRE TESTERE TSLI14021,"5.947,81 TL","5.947,81 TL"
El Aletleri,Total LI-ION AKÜLÜ KÖMÜRSÜZ KIRICI DELİCİ 2x5.0AH TRHLI2022875,"12.423,25 TL","12.423,25 TL"
El Aletleri,Total LI-ION AKÜLÜ SOMUN SIKMA MAKİNESİ 500Nm TIWLI2050E,"9.065,61 TL","9.065,61 TL"
El Aletleri,Total LI-ION AKÜLÜ DARBELİ VİDALAMA 285Nm TIRLI2028,"6.667,30 TL","6.667,30 TL"
El Aletleri,Total LI-ION AKÜLÜ KÖMÜRSÜZ DARBELİ MATKAP 5 AH TIDLI206028,"9.545,27 TL","9.545,27 TL"
El Aletleri,Total LI-ION AKÜLÜ KÖMÜRSÜZ TAŞLAMA 2x5.0AH TAGLI211545,"9.545,27 TL","9.545,27 TL"
El Aletleri,Total LI-ION AKÜLÜ DARBELİ VİDALAMA 16V TIRLI16178E,"5.707,98 TL","5.707,98 TL"
El Aletleri,Total LI-ION AKÜLÜ KÖMÜRSÜZ MATKAP TDLI16682,"4.748,65 TL","4.748,65 TL"
El Aletleri,Total ŞARJLI VİDALAMA TSDLI04062,"1.678,82 TL","1.678,82 TL"
El Aletleri,Total KATLANABİLİR ŞARJLI VİDALAMA TSDLI04425,"1.343,05 TL","1.343,05 TL"
El Aletleri,Total LI-ION 12V AKÜLÜ DARBELİ VİDALAMA TIDLI122028,"3.549,50 TL","3.549,50 TL"
El Aletleri,Total LI-ION AKÜLÜ DARBESİZ MATKAP TYPE-C TDLI122028,"2.877,97 TL","2.877,97 TL"
El Aletleri,Rown RN0009 Daire Testere,"2.199,00 TL","2.199,00 TL"
El Aletleri,Max Extra MX 4596 Dekupaj Testere,"2.299,00 TL","2.299,00 TL"
El Aletleri,Max Extra MX9117E Devir Ayarlı Avuç Taşlama,"1.499,00 TL","1.499,00 TL"
El Aletleri,Rown RN8601 Hava Üfleme Körüğü,"2.599,00 TL","2.599,00 TL"
El Aletleri,Sgs X-Plus 60 Seramik ve Granit Kesme Makinası,"4.999,00 TL","4.999,00 TL"
El Aletleri,Rown RN8705 Polisaj Makinası,"1.599,00 TL","1.599,00 TL"
El Aletleri,Rown RN5050 Pasta Cila Polisaj Makinesi,"1.849,00 TL","1.849,00 TL"
El Aletleri,Max Extra MXP09G Lazer Hizalama Cihazı,"7.999,00 TL","7.999,00 TL"
El Aletleri,Max Extra MXP05G Lazer Terazi Şakül,"7.999,00 TL","7.999,00 TL"
El Aletleri,SIA 7990 Sünger Zımpara Süperfine-180 Kum 69x98x27 mm,"8,64 TL","8,64 TL"
El Aletleri,SIA 7990 Sünger Zımpara Fine-100 Kum 69x98x27 mm,"8,64 TL","8,64 TL"
El Aletleri,SIA 7990 Sünger Zımpara Coarse-36 Kum 69x98x27 mm,"0,00 TL","0,00 TL"
El Aletleri,SIA Siarexx 1960 Üçgen Zımpara 93x93 mm 120 Kum 6 Delik,"3,05 TL","3,05 TL"
El Aletleri,SIA Siarexx 1960 Üçgen Zımpara 93x93 mm 80 Kum 6 Delik,"3,05 TL","3,05 TL"
El Aletleri,SİA 1713 SIAWAT 230 x 280 mm Su Zımparası 400 Kum,"6,10 TL","6,10 TL"
El Aletleri,SIA Siarexx 1960 Üçgen Zımpara 93x93 mm 60 Kum 6 Delik,"3,05 TL","3,05 TL"
El Aletleri,SIA Siarexx 1960 Üçgen Zımpara 93x93 mm 150 Kum 6 Delik,"3,05 TL","3,05 TL"
El Aletleri,Makita A-7808 Sunta Kesme 180MM,"679,00 TL","679,00 TL"
El Aletleri,BOSCH Eco For Wood 190 mm 24 Diş Ahşap Daire Testere Bıçağı,"128,13 TL","128,13 TL"
El Aletleri,BOSCH ACZ 85 RT3 CT Derz Arası Temizleme İçin Raspa Bıçağı,"0,00 TL","0,00 TL"
El Aletleri,BOSCH 28 mm Altıgen Şaftlı Yassı Keski 35x400 mm (Kırıcı Makinalar için),"559,32 TL","559,32 TL"
El Aletleri,BOSCH 28 mm Altıgen Şaftlı Yassı Keski 35x400 mm (Kırıcı Makinalar için),"559,32 TL","559,32 TL"
El Aletleri,33 Mm Granit Mermer Delme Panç,"699,00 TL","699,00 TL"
El Aletleri,105 Mm Granit Mermer Delme Panç,"2.039,00 TL","2.039,00 TL"
El Aletleri,90 Mm Granit Mermer Delme Panç,"1.639,00 TL","1.639,00 TL"
El Aletleri,110 Mm Mermer Delme Panç,"2.239,00 TL","2.239,00 TL"
El Aletleri,100 Mm Mermer Delme Panç,"1.889,00 TL","1.889,00 TL"
El Aletleri,80 Mm Mermer Delme Panç,"1.389,00 TL","1.389,00 TL"
El Aletleri,30 Mm Mermer Delme Panç,"749,00 TL","749,00 TL"
El Aletleri,38 Mm Mermer Delme Panç,"809,00 TL","809,00 TL"
El Aletleri,40 Mm Mermer Delme Panç,"849,00 TL","849,00 TL"
El Aletleri,50 Mm Mermer Delme Panç,"1.049,00 TL","1.049,00 TL"
El Aletleri,45 Mm Mermer Delme Panç,"899,00 TL","899,00 TL"
El Aletleri,MK0289-15 Seramik Mermer Delme Panç 35 mm,"799,00 TL","799,00 TL"
El Aletleri,MK0289-35 Seramik Mermer Delme Panç 55 mm,"999,00 TL","999,00 TL"
El Aletleri,MK0289-45 Seramik Mermer Delme Panç 65 mm,"1.149,00 TL","1.149,00 TL"
El Aletleri,EGESAN 180 mm 80 Kum Fiber Disk Zımpara,"0,00 TL","0,00 TL"
El Aletleri,EGESAN 180 mm 60 Kum Fiber Disk Zımpara,"0,00 TL","0,00 TL"
El Aletleri,EGESAN 180 mm 40 Kum Fiber Disk Zımpara,"0,00 TL","0,00 TL"
El Aletleri,EGESAN 180 mm 36 Kum Fiber Disk Zımpara,"0,00 TL","0,00 TL"
El Aletleri,EGESAN 180 mm 24 Kum Fiber Disk Zımpara,"0,00 TL","0,00 TL"
El Aletleri,EGESAN 180 mm 16 Kum Fiber Disk Zımpara,"0,00 TL","0,00 TL"
El Aletleri,BOSCH AII 65 APB Ahşap-Metal İçin Raspa Bıçağı (2608661907),"154,58 TL","154,58 TL"
El Aletleri,BOSCH AII 65 APB Ahşap-Metal İçin Raspa Bıçağı (2608664474),"135,25 TL","135,25 TL"
El Aletleri,BOSCH AVZ 70 RT4 Derz Temizleme İçin Raspa Bıçağı (2608900042),"284,75 TL","284,75 TL"
El Aletleri,BOSCH SDS-Plus Long Life Geniş Fayans Keskisi 40x260 mm,"240,00 TL","240,00 TL"
El Aletleri,EGESAN 180 mm 120 Kum Fiber Disk Zımpara,"0,00 TL","0,00 TL"
El Aletleri,METABO LC 40 Şarj Cihazı 10.8 Volt,"0,00 TL","0,00 TL"
El Aletleri,BOSCH 150 mm Universal Beton-Yapı Malzemeleri için Elmas Testere,"203,39 TL","203,39 TL"
El Aletleri,BOSCH S 922 EHM Paslanmaz İçin Tilki Kuyruğu Testere Ucu 150 mm,"0,00 TL","0,00 TL"
El Aletleri,BOSCH S 3456 XF Çivili Ahşap - Metal Kesimi İçin Tilki Kuyruğu Testere Ucu 200 mm,"457,63 TL","457,63 TL"
El Aletleri,BOSCH M 3456 XF Metal-Ahşap Kesimi İçin Tilki Kuyruğu Testere Ucu (PFZ 500 E İçin),"176,95 TL","176,95 TL"
El Aletleri,Lenox Çok Amaçlı Pense,"1.499,00 TL","1.499,00 TL"
El Aletleri,EGESAN 180 mm 100 Kum Fiber Disk Zımpara,"0,00 TL","0,00 TL"
El Aletleri,BOSCH M 1122 EF Metal Kesimi İçin Tilki Kuyruğu Testere Ucu (PFZ 500 E İçin),"174,91 TL","174,91 TL"
El Aletleri,Total 7.5 AH 20V LİON BATARYA TFBLI2075,"4.940,52 TL","4.940,52 TL"
El Aletleri,Total LI-ION AKÜLÜ ÇALIŞMA IŞIĞI TWLI2088E,"6.187,64 TL","6.187,64 TL"
El Aletleri,Total LI-ION AKÜLÜ SICAK HAVA TABANCASI LED EKRANLI TBLI20035,"6.187,64 TL","6.187,64 TL"
El Aletleri,Total LI-ION AKÜLÜ SICAK HAVA TABANCASI TBLI20025,"4.652,72 TL","4.652,72 TL"
El Aletleri,Total LI-ION AKÜLÜ ALÇIPAN VİDALAMA MAKİNESİ TDSLI204200-1,"8.585,95 TL","8.585,95 TL"
El Aletleri,SIA 7990 Sünger Zımpara Medium-60 Kum 69x98x27 mm,"10,68 TL","10,68 TL"
El Aletleri,NORTON A296 150 mm 7 Delikli Cırt Velcro Zımpara 220 Kum,"0,00 TL","0,00 TL"
El Aletleri,SIA 1960 SIAREXX Deliksiz Alçı Duvar Zımparası 225 mm 100 Kum,"9,14 TL","9,14 TL"
El Aletleri,SIA 1960 SIAREXX Deliksiz Alçı Duvar Zımparası 225 mm 150 Kum,"10,60 TL","10,60 TL"
El Aletleri,SİA 1713 SIAWAT 230 x 280 mm Su Zımparası 1000 Kum,"6,10 TL","6,10 TL"
El Aletleri,SİA 1713 SIAWAT 230 x 280 mm Su Zımparası 800 Kum,"6,10 TL","6,10 TL"
El Aletleri,SİA 1713 SIAWAT 230 x 280 mm Su Zımparası 1500 Kum,"6,61 TL","6,61 TL"
El Aletleri,SİA 1713 SIAWAT 230 x 280 mm Su Zımparası 2500 Kum,"6,61 TL","6,61 TL"
El Aletleri,SİA 1713 SIAWAT 230 x 280 mm Su Zımparası 1200 Kum,"6,10 TL","6,10 TL"
El Aletleri,SİA 1713 SIAWAT 230 x 280 mm Su Zımparası 320 Kum,"6,10 TL","6,10 TL"
El Aletleri,SİA 1713 SIAWAT 230 x 280 mm Su Zımparası 180 Kum,"6,10 TL","6,10 TL"
El Aletleri,SİA 1713 SIAWAT 230 x 280 mm Su Zımparası 80 Kum,"6,61 TL","6,61 TL"
El Aletleri,SİA 1713 SIAWAT 230 x 280 mm Su Zımparası 120 Kum,"6,10 TL","6,10 TL"
El Aletleri,SİA 1713 SIAWAT 230 x 280 mm Su Zımparası 600 Kum,"6,10 TL","6,10 TL"
El Aletleri,NEXON B Tip Silindir Elmas - Karbür Kalıpçı Freze Ucu 4 mm (Dremel Uyumlu),"0,00 TL","0,00 TL"
El Aletleri,DW M Tipi Üçgen Elmas - Karbür Kalıpçı Freze Ucu 4.0 mm (Dremel Uyumlu),"82,37 TL","82,37 TL"
El Aletleri,NEXON F Tipi Elmas - Karbür Kalıpçı Freze Ucu 3 mm (Dremel Uyumlu),"50,85 TL","50,85 TL"
El Aletleri,DW D Tipi Top Başlı Elmas - Karbür Kalıpçı Freze Ucu 3.0 mm (Dremel Uyumlu),"92,54 TL","92,54 TL"
El Aletleri,DW F Tipi Oval Elmas - Karbür Kalıpçı Freze Ucu 4.0 mm (Dremel Uyumlu),"80,34 TL","80,34 TL"
El Aletleri,NEXON B Tipi Silindir Kesici Başlı Elmas - Karbür Kalıpçı Freze Ucu 3.0 mm (Dremel Uyumlu),"92,54 TL","92,54 TL"
El Aletleri,DW C Tipi Yuvarlak Başlı Silindir Elmas - Karbür Kalıpçı Freze Ucu 4.0 mm (Dremel Uyumlu),"89,49 TL","89,49 TL"
El Aletleri,NEXON C Tip Yuvarlak Başlı Silindir Elmas - Karbür Kalıpçı Freze Ucu 3 mm (Dremel Uyumlu),"0,00 TL","0,00 TL"
El Aletleri,BOSCH Eco For Wood 190 mm 48 Diş Ahşap Daire Testere Bıçağı,"168,81 TL","168,81 TL"
