product_name,price
Merkez / Ardahan - 1+1,10.500 TL
Merkez / Ardahan - 2+1,12.000 TL
Merkez / Ardahan - 2+1,11.000 TL
Merkez / Ardahan - 2+1,11.000 TL
Merkez / Ardahan - 2+1,11.500 TL
Göle - 2+1,12.000 TL
Merkez / Ardahan - 2+1,12.500 TL
Merkez / Ardahan - 3+1,15.000 TL
Merkez / Ardahan - 3+1,15.000 TL
Merkez / Ardahan - 2+1,12.500 TL
Merkez / Ardahan - 3+1,13.500 TL
Merkez / Ardahan - 3+1,14.000 TL
Merkez / Ardahan - 3+1,14.000 TL
Merkez / Ardahan - 1+1,15.000 TL
Merkez / Ardahan - 3+1,14.000 TL
Merkez / Ardahan - 3+1,15.000 TL
Merkez / Ardahan - 2+0,15.000 TL
Merkez / Ardahan - 2+1,12.500 TL
Merkez / Ardahan - 3+1,12.500 TL
Merkez / Ardahan - 2+0,15.000 TL
Merkez / Ardahan - 2+1,12.500 TL
Merkez / Ardahan - 3+1,15.000 TL
Merkez - 3+1,12.200 TL
Merkez / Ardahan - 1+1,15.000 TL
Merkez / Ardahan - 1+1,15.000 TL
Merkez / Ardahan - 1+1,17.500 TL
Merkez / Ardahan - 1+1,15.500 TL
Merkez / Ardahan - 1+1,15.500 TL
Merkez / Ardahan - 2+1,15.500 TL
Merkez / Ardahan - 3+1,18.000 TL
Merkez / Ardahan - 2+1,17.000 TL
Göle - 3+1,18.000 TL
Merkez / Ardahan - 3+1,18.000 TL
Merkez / Ardahan - 3+1,17.000 TL
Merkez / Ardahan - 1+1,18.000 TL
Çıldır - 1+1,16.000 TL
Göle - 2+1,22.000 TL
Merkez / Ardahan - 2+1,19.000 TL
Merkez / Ardahan - 2+1,18.500 TL
Merkez / Ardahan - 1+1,26.000 TL
Merkez / Ardahan - 2+1,24.000 TL
Merkez / Ardahan - 1+1,23.000 TL
Merkez / Ardahan - 1+1,23.000 TL
