Title,Monthly Inflation(%)
34 GSM IPHONE USB SARJ KABLOSU,0.0
34 GSM KULAKLIK,0.0
34 GSM MICRO USB SARJ KABLOSU,0.0
"34 GSM TYPE-C USB SARJ KABLOSU 39,99TL",0.0
7 DAYS KAKAOLU KRUVASAN 72 GR,0.0
A4 FOTOKOPI KAGIDI 500 LU 80 GR,0.0
ACE C.SUYU 1000 GR NORMAL,-20.002667022269627
ACE C.SUYU 2000 GR NORMAL,-20.83506958913243
ACE C.SUYU 4000 GR NORMAL,-20.931206102609423
ACE POWER JEL 810 GR DAG TAZELIGI.,-12.501562695336919
ACE POWER JEL 810 GR OKALIPTUS.,-12.501562695336919
ACE ULTRA KOPUK 700 ML CICEK KOKULU,0.0
ACE ULTRA KOPUK 700ML CAMASIR SULU GENEL KULLANIM,-21.43010215015359
ACTIVIA 4*100 GR ANANAS,5.5561729081009
ACTIVIA 4*100 GR INCIRLI-TAHILLI VE CEVIZ.Y,5.5561729081009
ACTIVIA 4*100 GR ORMAN MEYVELI,0.0
ACTIVIA SHOT VIT.K.MURVER&Y.MERSINI 80 ML,0.0
ACTIVIA SHOT VIT.NAR&CILEK 80 ML,0.0
ACTIVIA YOGURT PROBIYOTIKLI VE TAHIL GEVREKLI 183G,0.0
AIRWICK AEROSOL 300 ML LAVANTA ESINTISI,3.125195324707794
AIRWICK AEROSOL 300 ML MANOLYA VE KIRAZ ÇİÇ.,3.125195324707794
AIRWICK AEROSOL 300 ML OKYANUS FERAHLIGI,0.0
AIRWICK YEDEK 250 ML LAVANTA,-2.6317174588136214
AKMAN ACI TOZ BIBER 60 GR,20.004000800160032
AKMAN COREKOTU 60 GR,18.258064516129036
AKMAN DOLMA FISTIK 23 GR,32.078497971506756
AKMAN FESLEGEN 20 GR,15.007503751875939
AKMAN GALETA UNU 250 GR,13.337779259753264
AKMAN HINDISTAN CEVIZI 40 GR,13.639463514435098
AKMAN ISOT 60 GR,14.586372160866848
AKMAN KARABIBER TANE 40 GR,21.670278379729943
AKMAN KARABIBER TOZ 45 GR,14.287755393627663
AKMAN KARANFIL 15 GR,0.0
AKMAN KARBONAT 100 GR,8.699434536755112
AKMAN KEKIK 20 GR,46.52244708071645
AKMAN KIMYON 60 GR,11.113169105389886
AKMAN KOFTE HARCI 90 GR,0.0
AKMAN KORI 40 GR,25.007814942169443
AKMAN KUS UZUMU 40 GR,13.43484102104792
AKMAN LIMON TUZU 60 GR,18.425901553040273
AKMAN MISIR UNU 250 GR,7.410151908114117
AKMAN NANE 25 GR,7.145409074669526
AKMAN NANE 85 GR,7.408322015063589
AKMAN PUL BIBER 200 GR,10.294874623134053
AKMAN PULBIBER 60 GR,10.002000400080016
AKMAN SARIMSAK TOZU 40 GR,14.919540229885062
AKMAN SUMAK 60 GR,25.00416736122686
AKMAN TATLI TOZ BIBER 60 GR,11.113169105389886
AKMAN YEDI TURLU BAHARAT 50 GR,16.280962902663102
AKMAN ZENCEFIL 40 GR,28.21236214413952
AKMAN ZERDECAL 40 GR,6.062443164595332
AKTURK 475 GR GOFRET,14.287755393627663
ALGIDA CLASSICS VANILYA 65 ML,0.0
ALGIDA IMP.CORNETTO 125 ML CIKOLATA,0.0
ALGIDA IMP.CORNETTO 125 ML KAYMAK,0.0
ALGIDA IMP.FRIGOLA CIKOLATA&FINDIK 65 ML,0.0
ALGIDA IMP.MAGNUM 100 ML  BADEMLI,0.0
ALGIDA IMP.MAGNUM 100 ML  CLASSIC,0.0
ALGIDA IMP.MAGNUM 100 ML BEYAZ BUYU,0.0
ALGIDA IMP.MAGNUM DOUBLE CIKOLATA 95 ML,0.0
ALGIDA IMP.MAGNUM DOUBLE KARADUT BOGUR. 95 ML,0.0
ALGIDA IMP.MAX 65 ML  KAKAO,0.0
ALGIDA IMP.NOGGER SANDWICH 145 ML,0.0
ALGİDA CARTEDOR SELECTİON 800 ML ÇİKOLATA KARNAVAL,1.7241379310344827
ALGİDA CARTEDOR SELECTİON 900 ML MEYVE ŞÖLENİ,1.7241379310344827
ALPRO BADEM SUTU 1 LT,38.89104950275015
ALPRO HINDISTAN CEVIZLI SUT 1 LT,38.89104950275015
ALTINKILIC KEFIRIX 250 ML YABAN MERSINI,0.0
ALTINKILIC KEFIRIX BALLI & MUZLU 250 ML,0.0
ALTINKILIC KLASIK BEYAZ PEYNIR KG,11.111358030178447
ALTINKILIC KLS.INEK 500GR PEYNIR,0.0
ALTINKILIC TRAKYA ESKI KASAR KG,0.0
ALY TORTILLA 25 CM 6 PCS,0.0
ANANAS ADET,21.430102150153584
ANKARA MAKARNA ARPA SEHRIYE 500 GR,19.685602000714546
ANKARA MAKARNA BONCUK 500 GR,19.685602000714546
ANKARA MAKARNA BURGU 500 GR,19.685602000714546
ANKARA MAKARNA FIYONK 500 GR,19.685602000714546
ANKARA MAKARNA INCE SPAGETTI 500GR,19.685602000714546
ANKARA MAKARNA INCE UZUN 500 GR,19.685602000714546
ANKARA MAKARNA KELEBEK 500 GR,19.685602000714546
ANKARA MAKARNA KEPEKLI SPAGETTI 350 GR,0.0
ANKARA MAKARNA MANTI 500 GR,19.685602000714546
ANKARA MAKARNA PENNE 500 GR,19.685602000714546
ANKARA MAKARNA SPAGETTI 500 GR,19.685602000714546
ANKARA MAKARNA TAM BUGDAY SPAGETTI 500 GR,14.289116456299118
ANKARA MAKARNA TEL SEHRIYE 500 GR,19.685602000714546
ANKARA MAKARNA YUKSUK 500 GR,19.685602000714546
APTAMIL 1 AKILLI KUTU 800 GR,0.0
APTAMIL 3 AKILLI KUTU 350 GR,0.0
ARBELLA MAKARNA 500 GR ARPA SEHRIYE,-21.74858634188778
ARBELLA MAKARNA 500 GR BURGU,-21.74858634188778
ARBELLA MAKARNA 500 GR DIRSEK,-21.74858634188778
ARBELLA MAKARNA 500 GR FIYONK,-21.74858634188778
ARBELLA MAKARNA 500 GR KALEM KESME,-21.74858634188778
ARBELLA MAKARNA 500 GR KELEBEK,-21.74858634188778
ARBELLA MAKARNA 500 GR SPAGHETTI,-21.74858634188778
ARGEM ALA SURAHI 1500 ML,0.0
ARI MAMA SUTLU 250 GR,0.0
ARIEL MATIK 1.5 KG DAG ESINTISI,0.0
ARIEL MATIK 4 KG DAG ESINTISI,0.0
ARKO KREM D.YAGLAR 60 ML AVAKADO,0.0
ARKO KREM SOFT TOUCH 250 ML,0.0
ARKO KREM SOFT TOUCH 60ML,0.0
ARKO NEM 20CC EL KREMI YAGLI,0.0
ARKO TIRAS SABUNU 75GR,0.0
ARKO TRAS KOPUGU 200 ML ANTI IRRITATION,0.0
ARKO TRAS KREMI 90 GR COOL,0.0
ARKO TRAS KREMI 90 GR EXTRA SENSITIVE,0.0
ARMUT DEVECİ,0.0
ARMUT SANTAMARİA,0.0
ARSEVEN SAFFET ABDULLAH GÜLLAÇ 100 GR,0.0
ASPEROX MAVI GUC 1 LT SPREY,0.0
ASPEROX SARI GUC 1000 ML,-23.078698361412425
ASPILIC  BUTUN PILIC KG,0.0
ASPILIC BATON SUCUK 400GR,5.8830450641251915
ASPILIC KOKTEYL SOSIS 500GR,12.501562695336919
ASPILIC SALAM 700GR,0.0
ASPILIC TAB. BAGET KG,0.0
ASPILIC TAB. BUT KG,-4.000320025602049
ASPILIC TAB. FILETO KG,0.0
ASPILIC TAB. SIRTSIZ UST BUT KG (SARMA),-26.317174588136215
ASPILIC TAB. UCLU KANAT KG,-33.33444448148272
AUTOKIT GENEL TEMIZLEYICI 500 ML,0.0
AUTOKIT LASTIK TEMIZLEYICI VE PARLATICI 500 ML,0.0
AUTOKIT OTO YIKAMA SUNGERI,0.0
AXE DEO 150 ML ICE CHILL,0.0
AXE DEO 150ML AFRICA,4.166840285011875
AXE DEO 150ML APOLLO,0.0
AXE DEO 150ML BLACK,0.0
AXE DEO 150ML DARK TEMPTATION,4.166840285011875
AXE DEO 150ML LEATHER COOKIES,0.0
AXE STICK 50 ML LEATHER & COOKIES,25.00125006250312
AYDOGMUS KURU SELE ZEYTIN KG,0.0
AÇIK BAHARAT KÖFTE HARCI KG,0.0
BABY TURCO CEP MENDILI 3*15 LI,0.0
BABY TURCO DOGADAN BONUS  120 LI MAXI,0.0
BABY TURCO JUMBO  MAXI 30LU,0.0
BABY TURCO JUMBO MIDI 34 LU,0.0
BAGBASI ACUKA 200 GR,0.0
BAGBASI ZILE PEKMEZI (CEVIZLI) 150GR,0.0
BAGBASI ZILE PEKMEZI (SADE) 150GR,0.0
BAGDAT ACI BIBER K.QUADRO 75 GR,0.0
BAGDAT BAH.KARANFIL 15GR,0.0
BAGDAT CAJUN BAHARATI K.QUADRO 80 GR,0.0
BAGDAT CITIR PANE HARCI 90GR,0.0
BAGDAT COREKOTU K.QUADRO 75 GR,16.669444907484568
BAGDAT DEFNE YAPRAGI POSET 6 GR,0.0
BAGDAT DOLMA BAHARI 40 GR,0.0
BAGDAT DOLMALIK FISTIK 23 GR,11.111728429357186
BAGDAT FESLEGEN K.QUADRO 30 GR,0.0
BAGDAT GALETA UNU EKO POSET 250 GR,0.0
BAGDAT HASHAS MAVI K.QUADRO 80 GR,0.0
BAGDAT HINDISTAN CEVIZI K.QUADRO 50 GR,15.387574533564147
BAGDAT HINDISTAN CEVIZI QUADRO 160GR,0.0
BAGDAT ISOT BIBER K.QUADRO 80 GR,0.0
BAGDAT KARABIBER 40 GR,22.584287788352945
BAGDAT KARABIBER TANE 40 GR,0.0
BAGDAT KARBONAT K.QUADRO 150 GR,0.0
BAGDAT KEKIK K.QUADRO 25 GR,23.080473919064474
BAGDAT KEKIK KILITLI QUADRO EKO POSET 60 GR,0.0
BAGDAT KIMYON K.QUADRO 75 GR,24.19745120180673
BAGDAT KISNIS 40 GR,0.0
BAGDAT KOFTE HARCI 90 GR,0.0
BAGDAT KORİ K.QUADRO 70 GR,0.0
BAGDAT LIMON TUZU 60 GR,0.0
BAGDAT MAHLEP 30 GR,0.0
BAGDAT MISIR UNU EKO POSET 250GR,0.0
BAGDAT NANE EKO KILITLI QUADRO 70GR,0.0
BAGDAT NANE K.QUADRO 30 GR,15.629884338855904
BAGDAT PUL BIBER EKSTRA ACI K.QUADRO 80 GR,0.0
BAGDAT PUL BIBER QUADRO EKO POSET 210 GR,0.0
BAGDAT PUL KIRMIZI BIBER K.QUADRO 80 GR,23.3372228704784
BAGDAT SARIMSAK TOZU TUZLUKLU CAM 48 GR,0.0
BAGDAT SUMAK K.QUADRO 80 GR,0.0
BAGDAT SUSAM K.QUADRO 75 GR,25.006251562890718
BAGDAT TARCIN 45 GR,0.0
BAGDAT TARCIN KABUK POSET 45 GR,0.0
BAGDAT TATLI KIRMIZI BIBER K.QUADRO 75 GR,0.0
BAGDAT TAVUK HARCI 65GR,0.0
BAGDAT YENI BAHAR 40 GR,0.0
BAGDAT ZENCEFIL K.QUADRO 60 GR,27.277686852154925
BAGDAT ZERDECAL QUADRO 70 GR,28.005601120224043
BAHCIVAN PEYNIR 600 GR TOST,0.0
BAHCIVAN TOST PEYNIR 350 GR DILIMLI,0.0
BAKIR CEZVE NO:4,0.0
BAL KABAK,0.0
BALOCCO KEDI DIL PASTA ALTI 200 GR,0.0
BALPARMAK CICEK BALI 225 GR,0.0
BALPARMAK CICEK BALI CITKAPAK 600 GR,0.0
BALPARMAK YAYLA OVA BALI 460 GR,0.0
BARILLA MAKARNA 400 GR GLUTENSIZ SPAGETTI,0.0
BARILLA MAKARNA 500 GR BURGU (FUSILLI),0.0
BARILLA MAKARNA 500 GR FIYONK (FARFALLE),0.0
BAYRAM KURBAN BIÇAK SETİ 3 LU,0.0
BEBELAC 400 GR 1 YENI,0.0
BEBELAC 400 GR 3 YENI,0.0
BEBELAC 400 GR COCUK 4 YENI,0.0
BEBELAC 800 GOLD 1 YENI,1.2306378826686222
BEBEM NATURAL ULTRA FIRSAT 104 LI MAXI,0.0
BEBETO BERRIES BUYUK BOY 70 GR,15.942028985507244
BEBETO DOUBLE JOY CILEK VAN.75 GR,15.942028985507244
BEBETO ICE CREAM YUMUSAK SEKER 80 GR,15.942028985507244
BEBETO PEACH RINGS 80 GR,15.942028985507244
BEBETO SUPER BELT 75 GR,15.942028985507244
BECEL KASE 250 GR,16.925680873980614
BECEL TEREYAG KEYFI 500 GR,0.0
BECEL TEREYAG KEYFI KASE 250 GR,15.386982612709648
BERRAK CEVIZLI DOBIPA 310 GR,0.0
BESLER 300 GR GOLD FERMENTE SUCUK,8.108327252087893
BESLER DANA SOSIS 220 GR,10.00050002500125
BESLER H.DİLİMLİ . PLÇ. SUCUK 260 GR,0.0
BESLER KOKTEYL SOSIS 400 GR,0.0
BESLER NOSTAJI DANA DÖNER 200 GR,-5.263434917627243
BESLER PILIC SOSIS 220 GR,27.277686852154925
BESTA ANGORA BAYAN,0.0
BESTA BAMBU BAYAN PATIK CORAP,25.003125390673837
"BESTA BAMBU BAYAN SNEAKERS CORAP,",25.003125390673837
BESTA BAMBU ERKEK CORAP,20.002000200020003
BESTA BAMBU ERKEK PATIK CORAP,25.003125390673837
BESTA BAMBU ERKEK SNEAKERS CORAP,25.003125390673837
BESTA BAYAN PATIK CORAP,0.0
BESTA DESENLI MODAL ERKEK CORABI,0.0
BESTA MODAL BAYAN PATIK CORAP,14.287755393627663
BESTA MODAL BAYAN SNEAKERS CORAP,14.287755393627663
BESTA MODAL ERKEK CORAP,25.003125390673837
BESTA MODAL ERKEK PATIK CORAP,11.1123458162018
BESTA MODAL ERKEK SNEAKERS CORAP,14.287755393627663
BESTA PENYE SNEAKERS BAYAN CORAP,0.0
BESTA PENYE SNEAKERS ERKEK CORAP,25.00416736122686
BEYOGLU 38 GR FINDIKLI SUTLU CIKOLATA,0.0
BEYPILIC TAB. FILETO KG,0.0
BIG BABOL 26 GR SHAKIES CILEK CUZDAN,0.0
BIG BABOL 26 GR SHAKIES MUZ CUZDAN,0.0
BIG BABOL BOX MEYVE 36 GR,0.0
BIG BABOL MAGIC CUBES BOTTLE 86 GR,0.0
BILLUR HIMALAYA TUZ DEGIRMEN 200 GR,0.0
BILLUR IRI SALAMURA TUZ 3000 GR,0.0
BILLUR TUZ 750GR,0.0
BILLUR TUZ PLASTIK TUZLUKLU 500 GR,0.0
BILLUR TUZ TUZLUKLU 125 GR,0.0
BINGO BULASIK MAKINE PRO KAPSUL 36 LI,0.0
BINGO BULASIK MAKINE PRO KAPSUL 50 LI,0.0
BINGO FRESH  1000GR MASAL&FERAH,0.0
"BINGO MATIK 1,5 KG RENKLI",0.0
BINGO MATIK 10 KG MUTLU YUVAM,0.0
BINGO MATIK 6 KG RENKLI&BEYAZ,0.0
BINGO OÇS CAM KOKULU 750 ML,0.0
BINGO OÇS LIMON KOKULU 750 ML,0.0
BINGO SIVI DET. 2600 ML RENKLI&BEYAZ,0.0
BINGO SIVI DET.BAKIM SERISI 4 LT RENKLI,0.0
BINGO SOFT 3 LT SENSITIVE,0.0
BINGO SOFT KONSANTRE 1440 ML LILYUM,0.0
BINGO SOFT KONSANTRE 1440 ML LOVELY,-6.6671111407427155
BINGO SOFT KONSANTRE 1440 ML SENSITIVE,-6.6671111407427155
BINGO TEK FISTA SPREY 900ML KIREC SOKUCU,0.0
BIOBLAS 250ML SAC BAKIM KREMI 7/24 COLLAGEN&KERATI,0.0
BIOBLAS 250ML SAC BAKIM KREMI COLLAGEN&KERATIN,0.0
BIOBLAS BOTANIK 360ML SAMP.IN.ISIRGAN,5.882698982293076
BIRYAG AYCICEK YAGI 4 LT PET,0.0
BIRYAG AYCICEK YAGI 5 LT PET,0.0
BIZIM BULYON ET 120 GR 9+3,0.0
BIZIM BULYON TAVUK 120 GR 9+3,0.0
BIZIM CORBA DOMATES 65 GR,0.0
BIZIM CORBA EZOGELIN 80 GR,0.0
BIZIM CORBA K.MANTAR 65GR,0.0
BIZIM CORBA K.TAVUK 62 GR,0.0
BIZIM MARGARIN 250 GR 6 LI,14.286297399893872
BIZIM MARGARIN 250 GR PAKET,14.444444444444443
BLADE DEO 150 ML COOL FRESH,0.0
BLADE DEO 150ML SELF CONFIDENCE,0.0
BLENDAX 470ML SAMP.ISIRGAN OTU GUCLNDRC,7.143367383384527
BLENDAX 470ML SAMP.KEPEGE KARSI,7.143367383384527
BLENIOR AGDA BEZI 25 MT,0.0
BOUNTY BAR 57 GR,0.0
BOZKURT FENER MUM 10 LU,0.0
BOZKURT KOKULU BARDAK MUM,0.0
BREF DUO JEL 2X42 GR CICEK DUOPACK,0.0
BREF POWER AKTIV 50 GR OKYANUS TEKLI,0.0
BREF POWER AKTIV 50 GR ÇAM TEKLI,0.0
BREF POWER AKTIV DUOPACK 100 GR CAM 2 LI,-33.33555570371359
BREF POWER AKTIV DUOPACK 100 GR OKYANUS 2 LI,-33.33555570371359
BROART KARE FIRIN TEPSISI 2 LI.,50.00250012500624
BROART YUVARLAK FIRIN TEPSISI 2 LI.,50.00250012500624
BURCU BEZELYE 570 GR CAM,0.0
BURCU BEZELYE TNK 830 GR,0.0
BURCU HASLANMIS FASULYE 600 GR CAM,0.0
BURCU KETCAP KATKISIZ 650 GR ACI,-6.250976715111737
BURCU KETCAP KATKISIZ 650 GR TATLI,-6.250976715111737
BURCU KOZLEMIS PATLICAN 540 GR,0.0
BURCU KOZLENMIS BIBER 560 GR,-16.668055671305943
BURCU MAYONEZ BUFE 550 GR,3.688888888888881
BİBER KIRMIZI,8.696030262185312
BİBER KÖY KG,-43.480151310926566
CALVE KETCAP + LIGHT MAYONEZ 600 +540 GR,29.413494911465378
CALVE KETCAP 400 GR,0.0
CALVE KETCAP ACILI 600 GR,0.0
CALVE MAYONEZ 540 GR,0.0
CALVE SOS ACI 265 GR,-10.001000100010002
CALVE SOS BALLI HARDAL 260 GR,0.0
CALVE SOS CHEDDAR 240 GR,-10.001000100010002
CAMSIL MATIK 500 ML,0.0
CAMSIL MATIK YEDEK 1000GR,0.0
CANPED H.BEZI EMICI KULOT EXTRA LARGE 8 LI,0.0
CANPED H.BEZI EMICI KULOT ORTA 9LU,0.0
CANPED MESANE PEDI BUYUK 10LU,0.0
CANPED MESANE PEDI ORTA 10 LU,0.0
CANPETEK BAL 1000 GR,0.0
CANPETEK TABAKLI BAL 400 GR,8.696030262185312
CARTEDOR CLASSIC 850 ML VISNE BITTER KAYMAK,3.7735849056603774
CEMALIM LOKUMLU KLASIK PEYNIR KG,0.0
CEREZZA DEV BAHARAT DOMATES SOSU TADINDA 150 GR,0.0
CEREZZA KOKTEYL SUPER 117 GR,0.0
CEREZZA STICK 117 GR PEYNIR SOGON SUPER,0.0
CEREZZA TV SUT MISIRI SUPER 117 GR,0.0
CHEETOS FIRINDAN  41 GR FISTIK AILEPLUS,0.0
CHEETOS FIRINDAN 41 GR BIFTEK AILEPLUS,0.0
CHEETOS FIRINDAN 41 GR PEYNIR AILEPLUS,0.0
CHUPA CHUPS LOLIPOP TRIO 29 GR,0.0
CHUPA CHUPS MELODY POPS CILEK 15 GR,0.0
CIF JEL 750 ML CICEK FERAHLIGI,0.0
CIF KREM 500ML AMONYAKLI,0.0
CIF KREM 500ML LIMON,0.0
CIF KREM 750ML AMONYAK,10.001000100010002
CIF KREM SPREY 750 ML AMONYAKLI,10.001000100010002
CIF SPREY POWER BANYO 750 ML,0.0
CIF SPREY POWER MUTFAK 750 ML,0.0
CILLIT BANG 500ML TURBO LAVABO ACICI JEL,7.692899453804138
CIPSO 104 GR KETCAP S.PLUS,0.0
CIPSO 104 GR ORJINAL S.PLUS,0.0
CIPSO YOGURT S.PLUS 104 GR,0.0
CIRE ASEPTINE 150 MLVAZELİN KLASIK,0.0
CIRE ASEPTINE 30 ML ALOE VERA EL VUCUT KREMI(FANUS,0.0
CIRE ASEPTINE SOFT 100 ML  ALOE VERA EL YÜZ VÜCUT,0.0
CIZMECI  WAFER MASTER 65 GR CILEKLI,0.0
CIZMECI 65 GR WAFER MASTER FINDIKLI,0.0
CIZMECI CREPE FINDIKLI 65 GR,0.0
CIZMECI WAFER MASTER 120 GR,0.0
CLEAR MEN 350 ML SAMPUAN COOL SPORT,15.000750037501875
CLEAR MEN 350 ML SAMPUAN HIZLI STIL 2N1,0.0
CLEAR MEN 350 ML SAMPUAN LEGEND BY CR7 RONALDO,15.000750037501875
CLEAR MEN 350 ML SAMPUAN MAXIMUM FERHALIK,15.000750037501875
CLEAR MEN 350 ML SAMPUAN YOGUN ARINDIRICI,15.000750037501875
CLEAR MEN 350ML SAMP.GUNLUK ARINMA&FERAHLIK,15.000750037501875
CLEAR WOMEN 350 ML SAMPUAN SAC DOKULMESINE KARSI,0.0
CLEAR WOMEN 350 ML SAMPUAN YUMUSAK PARLAK,15.000750037501875
COFFEE BARDAK 400ML 9122,0.0
COLGATE 250 ML PLAX AGIZ BAKIM SUYU MAVI,0.0
COLGATE 500 MLPLAX AGIZ BAKIM SUYU MAVI,0.0
COLGATE D.FIRCASI 360 1+1 OPTIK BEYAZ ORTA,0.0
COLGATE D.MACUNU 75 ML MAX BEYAZLIK,0.0
COLGATE D.MACUNU 75ML BARBIE SPIDERMAN COCUK,0.0
COLGATE D.MACUNU 75ML MISVAK OZLU,0.0
COLGATE DIS IPI DIS ETI SAGLIGI,0.0
COOK B.DOLABI POSETI ORTA 4AL3 ODE,0.0
COOK B.DOLABI POŞET BÜYÜK 15 Lİ (30X45),0.0
COOK PİŞİRME KAĞIDI 16 LI HAZIR KESİLMİŞ,0.0
COOK STREÇ FİLM 15MT,0.0
COOK ÇÖP TORBASI BATTAL 7LI(75X90),0.0
COOK ÇÖP TORBASI EKO KÜÇÜK 30LI(40X47),0.0
CORNETTO DISC MILKA 130ML,0.0
CORNETTO DISC OREO 130ML,0.0
CORNETTO DİSK VANİLYA-KARAMEL 130 ML,0.0
COŞKUN PARMAK SUCUK KG(I.İ),0.0
CUMHURIYET 180 GR VAKUMLU KANGAL SUCUK,0.0
DAGLI YARIM YAGLI ERTIME PEYNIR KG,0.0
DALAN 4X150 GR GLISERINLI SABUN MISKET LIMONU,0.0
DALAN 4X150 GR GLISERINLI SABUN Z.YAGLI (ORGANIK),0.0
DALAN 5X180 GR ANTIK PIRINA SABUNU,0.0
DALAN 600GR BEYAZ BANYO SABUNU GUL,0.0
DALAN 600GR BEYAZ BANYO SABUNU KLASIK,0.0
DALAN 600GR YESIL BANYO SABUNU Z.YAGLI,0.0
DALAN ROXY MATIK 800 GR BAHAR CICEKLERI,0.0
DALIN KOLAY TARAMA SPREYI 200 ML,0.0
DALIN SAMPUAN 900 ML,10.00050002500125
DANA BIFTEK KG,0.0
DANA BUT 5'LI SET KG (KEMIKSIZ),0.0
DANA GULAS KG,0.0
DANA INCIK KG,10.00110001100011
DANA KASAP KOFTE KG,5.882422146142896
DANA KUSBASI KG,5.5556172846364955
DANA SOTE KG,0.0
DANA STROGONOF KG,0.0
DANA YEMEKLIK KIYMA KG,0.0
DANET 100 GR KAVURMA,0.0
DANET 200 GR FERMENTE SUCUK,0.0
DANET 300 GR FERMENTE SUCUK KUVET,0.0
DANET 50 GR MACAR SALAM,0.0
DANET 60 GR HINDI FUME,0.0
DANET 60 GR HINDI SALAM,-14.820303816228234
DANET 70 GR FUME KABURGA,-6.250390649415588
DANET 70 GR PASTIRMA,0.0
DANET FERMENTE SUCUK KG,-9.090991736288512
DANETTE 4X100 GR CIKOLATALI,0.0
DANINO 6*40 GR BISKUVILI,0.0
DANINO 6*40 GR MUZLU,0.0
DANINO 6*40 GR ORMAN MEYVELI,0.0
DANONE 180 ML 6 LI  AROMALI SUT  KAKAOLU,0.0
DANONE 180 ML DISNEY AROMALI SUT CILEK,0.0
DANONE 180 ML DISNEY AROMALI SUT MUZ,0.0
DANONE 70 GR DISNEY HUPPER CIKOLATALI,0.0
DANONE KREMA 200 ML BTKS.,4.349717268377556
DANONE SUT LAKTOZSUZ 1 LT,10.002000400080016
DANONE YOGURT ORMAN MEYVELI  400 GR,0.0
DARDANEL EKONOMIK 140 GRX2,0.0
DARDANEL EKONOMIK TON 4*75 GR(HEDIYELI),0.0
DARDANEL TON  2*140 GR,0.0
DARDANEL TON 4*75 GR (HEDIYELI),0.0
DARDANEL TON H.YEMEK 4 TAHILLI 160 GR,0.0
DARDANEL TON H.YEMEK MEKSIKA FASULYELI 160G,0.0
DARDANEL TON H.YEMEK MISIRLI 160 GR,0.0
DARDANEL TON Z YAGLI  3*75 GR,0.0
DEL BANVİT PİLİÇ BATON SALAM 750  GR,0.0
DEL BANVİT PİLİÇ SOSİS 1000 GR,0.0
DEL BANVİT VAKUMLU JUMBO SOSİS 330 GR,0.0
DEL BEBETO WACKY STICKS 75 GR,15.942028985507244
DEL COSBY BIGMIX 9  GR,18.181818181818183
DEL ETI BROWNI 200 GR,0.0
DEL ETI PAYKEK MEYVELI 200 GR,7.547169811320755
DEL ETI PAYKEK MOZAIK 200 GR,7.547169811320755
DEL KAHVE DUNYASI 125 GR GOFRIK GOFRET,0.0
DEL KINDER SURPRIZ YUMURTA 20 GR,0.0
DEL KOSKA KAGIT HELVA 45 GR,0.0
DEL KOSKA PEKMEZ 700 GR UZUM BIDON,-7.407681765991332
DEL NESTLE POLO 34 GR,0.0
DEL NUTELLA 1000 GR,0.0
DEL PAKKÖY GEZEN TAVUK YUMURTASI 30 LU,0.0
DEL ROCHER T3 38 GR,0.0
DEL SARELLE 350 GR FINDIK EZMESI BITTER,0.0
DEL SEYIDOGLU HELVA BLOK FISTIKLI KG,0.0
DEL SEYIDOGLU RECEL 380 GR KAYISI,0.0
DEL SEYIDOGLU RECEL 380 GR KURU INCIR,0.0
DEL TAMEK RECEL 380 GR AHUDUDU,0.0
DEL TAMEK RECEL 380 GR PORTAKAL,0.0
DEL TEKSUT TAZE KASAR PEYNIRI 600 GR,0.0
DEL ULKER 20 GR YUPO COKOJELO BOGURTLEN,99.85714285714286
DEL ULKER YUPO 20 GR COKOJELO PORTAKAL,99.85714285714286
DEL.ACTIVEX SIVI SABUN 700ML NEMLENDIRICI,0.0
DEL.AKMAN KEKIK 85 GR,73.00730073007303
DEL.ARIEL MATIK 7.5 KG DAG ESINTISI RENKLILER,0.0
DEL.ARKO KREM D.YAGLAR 250 ML AVOKADO,0.0
DEL.ARKO NEM KREM PREBIYOTIK 250 ML BADEM SUTU,0.0
DEL.ARKO NEM KREM PREBIYOTIK 250 ML YULAF,0.0
"DEL.ASPEROX YUZEY TEM. 2,5 LT PEMBE",0.0
DEL.ASPEROX YUZEY TEMIZLEYICI 2.5ML MOR,0.0
DEL.AYNES BEYAZ PEYNYR 900 GR,0.0
DEL.BABY TURCO ISLAK HAVLU 90'LI,0.0
DEL.BAGDAT PASTA SÜSÜ K.QUADRO 50 GR,0.0
DEL.BINGO MATIK 4 KG RENKLI BEYAZ,35.00175008750438
DEL.BINGO MATIK 4 KG ULTRA BEYAZ,35.00175008750438
DEL.BIOBLAS 1000 ML KERATIN SAMPUAN,0.0
DEL.BIOBLAS 1000 ML SARIMSAK SAMPUAN,0.0
DEL.BUNSA MISIR UNU 400 GR PAKET,0.0
DEL.CAMSAKIZI 240 GR AGDA,0.0
DEL.CIF SPREY HERYER SILIKONLU 1000 ML,0.0
DEL.COLGATE D.MACUNU 150 ML 2 LI UCLU ETKI,0.0
DEL.COLGATE D.MACUNU 75ML OPTIK ANINDA BEYAZLIK,0.0
DEL.COLGATE DIS MACUNU 75 ML BARBIE+FIRÇA,0.0
DEL.COOK STREÇ FİLM 100 MT  BIÇAK HEDİYELİ,0.0
DEL.DALIN SAMP. 700 ML,-22.22345685871437
DEL.DIFAS DIS FIRCASI YUMUSAK SOFT BLACK,0.0
DEL.DOVE 500 ML SIVI SABUN FRESH TOUCH X,0.0
DEL.DOVE 500 ML SIVI SABUN ORIJINAL,0.0
DEL.DOVE DEO 150 ML EVENTONE WOMEN,8.000320012800511
DEL.DOVE SAMPUAN 600 ML YOGUN ONARICI,0.0
DEL.DR.OETKER GLUTENSIZ KAK.PUDING 147 GR,0.0
DEL.DR.OETKER SAKIZLI MUHALLEBİ 450 GR 2+1,0.0
DEL.ERIS UN 2 KG,0.0
DEL.EST DOGAL DIS MACUNU 60 ML KARADUT OZLU,0.0
DEL.EST DOGAL DIS MACUNU 75 ML KARANFIL OZLU,0.0
DEL.EST GUL SUYU 350 ML,0.0
DEL.ETI BROWNI INTENSE 150 GR 3'LU PAKET,12.248038159716893
DEL.EVONY MESANE PEDI 10 LU  YOGUN,0.0
DEL.FEBREZE AEROSOL 300 ML DAG ESINTISI,0.0
DEL.GLADE 500 ML MULTI SPRAY TROPIKAL%TEMIZ CARSAF,0.0
DEL.GURSOY SUTLU FINDIK KREMA 400 GR %40,0.0
DEL.H.SAKIR 900GR BANYO SABUNU BEYAZ,0.0
DEL.HANUTA 2'Lİ GOFRET 44 GR,0.0
DEL.HASPILIC TAB.FLETO KG,0.0
DEL.KENT MEYVELI TOPPING SOS 320 GR,0.0
DEL.KOSKA TAHIN 550 GR BIDON,-10.00050002500125
DEL.MAGIC DOSE 8 ML DEKORATIF AYNA KOKUSU MANGO,0.0
DEL.OLD SPICE  DEO 150 ML MEN BEARGLOVE,0.0
DEL.OLD SPICE  DEO 150 ML MEN SLUGGER,0.0
DEL.OLD SPICE  DEO 150 ML MEN WOLFTHORN,0.0
DEL.OLD SPICE  STICK 50 ML MEN  SLUGGER,0.0
DEL.OLD SPICE  STICK 50 ML MEN WHITEWATER,0.0
DEL.ONEO ÇİLEK ARO.BOTTLE SAKIZ 60 GR,101.49253731343283
DEL.ORAL B D100 YETISKIN SARJLI D.FIRCASI CROSS BE,0.0
DEL.ORKID SUPER ULTRA EXTRA UZUN 36 LI,0.0
DEL.PANTENE 600 ML SAMPUAN GUC PARLAK,38.89104950275015
DEL.PANTENE 600 ML SAMPUAN KLASIK BAKIM 2IN1,38.89104950275015
DEL.PERMATIK BANYO 10LU,42.86020430030717
DEL.PEROS 1440ML ORKIDE ASKI KONSANTRE YUMUSATICI,0.0
DEL.PEROS 1440ML YASEMIN SAFLIGI K,0.0
DEL.PEROS MATİK 6 KG BEYAZ,0.0
DEL.PERSIL JEL 26 YIKAMA 1690 ML GUL,0.0
DEL.REMOVE 24LU YUZ AGDA BANDI HASSAS CILTLER,0.0
DEL.REXONA STICK 50ML EXTRA COOL MEN,4.166840285011875
DEL.REXONA STICK 50ML MEN QUANTUM X,4.166840285011875
DEL.RUFFLES & DORITOS 2'LI SET 310 GR,0.0
DEL.SECRET MILANO 100 ML BAYAN DERI PEMBE,0.0
DEL.SELPAK T.KAGIDI 16 LI,0.0
DEL.SEPETCIOGLU 180 GR CEKME HELVA SADE,14.287755393627663
DEL.SEPETCIOGLU 40 GR A.FISTIKLI CEKME HELVA,16.672224074691577
DEL.SEPETCIOGLU 40 GR CIK.KAPLI CEKME HELVA,20.01334222815209
DEL.SEYIDOGLU 1000 GR RECEL CILEK,-6.250390649415588
DEL.SEYIDOGLU RECEL 380 GR AHUDUDU,0.0
DEL.SIGNAL 75ML D.MACUNU BEYAZLATICI SYSTEM X,0.0
DEL.SITIL SUNGERLI HAZIR 200 GR BOYA KOYU KAHVE,0.0
DEL.SOLEN  40GR BOOMBASTIC FANTASTIK BAR,0.0
DEL.SOLEN 125 GR BISCOLATA MOOD BITTER,0.0
DEL.SOLEN 82 GR BISCOLATA STARZ SUTLU,0.0
DEL.SOLEN BISCOLATA MOOD CIKO  40 GR,0.0
DEL.TARIS 750 ML Z.YAGI NAT. SIZMA CAM,6.666814818107068
DEL.TORKU KREM PEYNIR 180 GR,0.0
DEL.TUKAS 700 GR RENDELENMIS DOMATES CAM,-9.092562284051645
DEL.ULKER 55 GR DANKEK 8 KEK DUBLE CIKO.,0.0
DEL.UNIFOOD 300 GR GRANUL ICECEK LIMON  AROMALI,0.0
DEL.XTRACARE BURUN BANDI COCUK 5+YA? 12 LI,0.0
DEL.YUMOS EXTRA 1440 ML MYSTIC,0.0
DERBY KOPUK NORMAL 200 ML,0.0
DERBY LADY 2 BICAKLI 5 LI POSET,0.0
DERBY SAMURAI 3 10'LU POSET,0.0
DERBY SAMURAI 3 PLATINUM BLISTER 3 LU,0.0
DERBY TEK BICAKLI 5'LI POSET,0.0
DEREOTU DEMET,0.0
DERMOKIL AYAK MASKESI KIL&KENEVIR TOHUMU 35 ML,0.0
DETAN DEFANS SU BAZLI LOSYON 100 ML,0.0
DETAN KARINCA ILACI 250 ML,0.0
DETAN MAXI 250ML,0.0
DETAN SUPER MAT CIHAZ+YEDEK,0.0
DIFAS DIS FIRCASI COCUK SWEET ANIMALS,0.0
DIFAS DIS FIRCASI COCUK Z TAKIMI,0.0
DIFAS DIS FIRCASI DOUBLE POWER 2 LI,0.0
DIFAS DIS FIRCASI PRO-CLINIC SLIM SOFT,0.0
DIFAS DIS FIRCASI PRO-CLINIC STIL BAMBOO,0.0
DIFAS DIS FIRCASI PRO-CLINIC STIL BAMBOO 2 LI,0.0
DIFAS DIS FIRCASI PRO-CLINIC ULTRA SOFT,0.0
DIFAS DIS FIRCASI SEYEHAT SETI,0.0
DIFAS DIS FIRCASI ULTRA CLEAN 3LU ORTA/SERT,0.0
DIFAS TARAK D-STYLE  BUYUK NEON 2021,0.0
DIFAS TARAK D-STYLE ZIGZAG NEON 2014,0.0
DIMES MILKSHAKE 310 ML CILEKLI BEYAZ CIKOLATALI,0.0
DIMES MILKSHAKE 310 ML MUZLU S. VE CIK.KURABI,0.0
DIS FIRCALIK KUTUSU (TEKLI),0.0
"DIXI YUZEY TEMIZLEYICI 2,5 KG CAM",3.2260145815859085
DOGAL YUFKA 5 YAPRAK,0.0
DOLMA BİBER,-48.001920076803074
DOMATES,25.00208350695893
DOMATES KOKTEYL,21.740075655463283
DOMATES PEMBE,11.111728429357186
DOMATES SALKIM KG,6.250390649415588
DOMESTOS 1850 ML DAG ESINTISI,0.0
DOMESTOS 1850ML KAR BEYAZI,0.0
DOMESTOS 3240ML DAG ESINTISI,0.0
DOMESTOS 3240ML KAR BEYAZI,0.0
DOMESTOS 750 ML DAG ESINTISI,0.0
DOMESTOS 750ML KAR BEYAZI,0.0
DOMESTOS 750ML OKALIPTUS FERAHLIGI,0.0
DOMESTOS DAĞ ESİNTİSİ 750 ML+KAR BEYAZ 750 ML,0.0
DOMESTOS YUZEY TEMIZLEYICI  1500ML CAM,-20.6365584570204
DORITOS EXTREME SUPER 113  GR,0.0
DORITOS MEGA 218 GR,14.230604372053163
DORITOS NACHO PARTI 169 GR,2.79643591501027
DORITOS NACHO SUPER 113 GR,0.0
DORITOS TACO PARTI 169 GR,2.79643591501027
DORITOS TACO SUPER 121 GR,0.0
DOVE CREAM BAR  FRESH TOUCH 90GR,0.0
DOVE CREAM BAR ORGINAL 4LU,0.0
DOVE CREAM BAR ORGINAL 90 GR,0.0
DOVE CREAM BAR PINK 90GR,0.0
DOVE DEO WOMEN 150 ML ORIGINAL,0.0
DP SAMPUAN 500 ML COREK OTU YAGI TUZSUZ,8.334027835652984
DP SAMPUAN 500 ML PAMUKSUTU,8.334027835652984
DR OETKER BUGDAY NISASTASI 150 GR,0.0
DR OETKER CREM OLE MUZLU 110 GR,0.0
DR OETKER CREM OLE VANILYALI 110 GR,0.0
DR OETKER GOURMET KAKAO 50 GR,0.0
DR OETKER H.KABARTMA TOZU 15 LI,0.0
DR OETKER H.KABARTMA TOZU 5 LI,22.0
DR OETKER KAKAO 50 GR,0.0
DR OETKER KAKAO KILITLI 100 GR,25.01250125012502
DR OETKER KARBONAT 5 LI,0.0
DR OETKER KAZANDIBI 150 GR,25.53191489361702
DR OETKER KEKUN SADE 450 GR,0.0
DR OETKER KREM SANTI SADE 75 GR,23.88059701492537
DR OETKER MISIR NISASTASI 150 GR,0.0
DR OETKER MUHALLEBI 210 GR,0.0
DR OETKER PANCAKE 134 GR,0.0
DR OETKER PASTA KREMASI KAKAOLU 160 GR,0.0
DR OETKER PASTA KREMASI VAN.140 GR,0.0
DR OETKER PASTA SUSU INCI 10 GR,0.0
DR OETKER PASTA SUSU KAK.10 GR,0.0
DR OETKER PASTA SUSU KELEBEK 10 GR,0.0
DR OETKER PASTACI KREMASI 156 GR,0.0
DR OETKER PUD.BITTER CIKO.111 GR,24.321234638468127
DR OETKER PUD.CIKO.FINDIKLI 102 GR,24.321234638468127
DR OETKER PUD.CIKO.PARCALI 115 GR,0.0
DR OETKER PUD.CILEKLI 120 GR,25.048095421315896
DR OETKER PUD.KAKAOLU 147 GR,24.321234638468127
DR OETKER PUD.MUZLU 120 GR,25.048095421315896
DR OETKER PUD.VANILYANI 120 GR,25.048095421315896
DR OETKER PUDRA SEKERI 150 GR,0.0
DR OETKER SEKERLI VANILIN 15 LI,0.0
DR OETKER SEKERLI VANILIN 5 LI,21.052631578947366
DR OETKER SOS CIKO.BITTER 125 GR,25.02717982170036
DR OETKER SOS CIKOLATALI 128 GR,25.02717982170036
DR OETKER SOS MEYVELI 80 GR,23.52941176470588
DR OETKER TAVUK GOGSU 125 GR,25.53191489361702
DR OETKER WAFFLE 210 GR,0.0
DR.OETKER 6 GR. JELATIN,0.0
DR.OETKER AKTIF MAYA 90 GR,0.0
DR.OETKER SADE IRMIK HELVASI 400 GR,0.0
DURACELL  PIL 9 VOLT TEKLI,0.0
DURACELL 2032 PIL DUGME 3 VOLT 2 LI,25.001562597662353
DURACELL PIL D BUYUK BOY 2LI,0.0
DURACELL PIL INCE KALEM 4LU AAA,30.00150007500375
DURACELL PIL KALEM 4LU AA,30.00150007500375
"DURU 1,5 LT SIVI SABUN AVOKADO",0.0
"DURU 1,5 LT SIVI SABUN KIRAZ CICEGI",0.0
"DURU 1,5 LT SIVI SABUN MANDALINA&GREYFURT",0.0
"DURU 1,5 LT SIVI SABUN OKYANUS",0.0
DURU BEYAZ 600 GR GUL ( 4X150 GR),0.0
DURU BEYAZ 600 GR KLASIK (4X150 GR),0.0
DURU BEYAZ 600 GR LAVANTA (4X150 GR),0.0
DURU BULGUR BASBASI 1000 GR,-7.693491306354813
DURU BULGUR CIGKOFTELIK 1000 GR,-7.693491306354813
DURU BULGUR IRI PILAVLIK 1000 GR,-7.693491306354813
DURU BULGUR KOFTELIK KISIRLIK 1000 GR,-7.693491306354813
DURU DUS JELI 450 ML CICEK TAZELIGI,12.500781298831177
DURU DUS JELI 450 ML D.TUZ&YOSUN,0.0
DURU DUS JELI 450 ML YASEMIN&AMBER,12.500781298831177
DURU FRESH DUS SABUNU OKYANUS ESINTI 4X150 GR,0.0
DURU FRESH DUS SABUNU ZEYTINYAGLI 4X150 GR,0.0
DURU GRANUL MATIK SABUN LAVANTA 1000 GR,0.0
DURU KOLONYASI 400 ML LIMON,0.0
DURU KOLONYASI 900 ML LIMON,0.0
DURU SAF VE DOGAL 4X70 GR ZEYTINYAGLI,0.0
ECE 3 GOZLU KOPUK TABAK 5 LI,0.0
ECE 3 GOZLU PLASTIK TABAK 8 LI,0.0
ECE ADANA SIS 20 LI 25 CM,0.0
ECE BATTAL BOY LUKS IZGARA(29*40),0.0
ECE COP SIS 100 LU 25 CM,0.0
ECE DEMET ÇIRA,0.0
ECE JELATINLI KURDAN 200 LU,0.0
ECE KAGIT BARDAK  12 OZ 10LU,0.0
ECE KAGIT BARDAK 4 OZ 25 LI,0.0
ECE KAGIT BARDAK 50 LI 7 OZ(TOPTAN),0.0
ECE KAGIT BARDAK 7 OZ 10'LU *30,0.0
ECE KAGIT TABAK LUX 10LU,0.0
ECE KOFTECI MASASI,0.0
ECE KRISTAL BARDAK 10 LU,0.0
ECE LUKS BICAK 10'LU,0.0
ECE LUKS CATAL 10 LU,0.0
ECE LUKS KASIK 10 LU,0.0
ECE LUX UZUN KOFTECI MAŞASI,0.0
ECE PARTY KORUKLU 50 LI JELATINLI PIPET,0.0
ECE PIPET LUKS PIPET 40 LI,0.0
ECE PLASTIK BARDAK 180 CC 10 LU OTOMAT,0.0
ECE PLASTIK BARDAK 180 CC 10LU  EKO OTOMAT,0.0
ECE PLASTIK BARDAK 180 CC 50 LI OTOMAT,0.0
ECE PLASTIK KARISTIRICI 50 LI,0.0
ECE PLASTIK TABAK BUYUK 10 LU,0.0
ECE PLASTIK TABAK KUCUK 10 LU,0.0
ECE YELPAZE,0.0
EKER KAYMAK (100GR),0.0
EKER KAYMAK (200GR),0.0
EKER KEFIR 200 ML ANANAS,25.00893176134335
EKER KEFIR 200ML SADE,25.00893176134335
EKER KEFIR 290 ML HAVUC ZERDECAL MANDALINA 290ML,12.503125781445359
EKER KEFIR 290ML PANCARLI LIMONLU ZENCEFIL,12.503125781445359
EKER PUDING CIKOLATALI 500 GR,12.501562695336919
EKER TATLI 125 GR ANTEP FISTIKLI SUTLU CIK.,0.0
EKER TATLI 125 GR PORTAKALLI BADEMLI BITTER CIK.,27.78549597110308
EKER TATLI 150 GR KAZANDIBI,0.0
EKER TATLI 150 GR SAKIZLI MUHALLEBI,0.0
EKER TATLI 150 GR SUPANGLE,0.0
EKER TATLI 150 GR SUTLAC,0.0
EKER TATLI 150 GR TAVUK GOGSU,0.0
EKER TATLI 500 GR SUTLAC,12.501562695336919
EKICI KASAR PEYNIRI 600 GR,3.8463017808377242
EKICI TAM YAGLI PEYNIR KG,0.0
EKMEK ADET 200 GR (KEPEK-SADE-PAPY. ),32.20338983050847
ELIDOR 350 ML SAC KREMI ANINDA ONARICI,17.648096946879228
ELIDOR 350 ML SAC KREMI ESMER PARLAKLIK,17.648096946879228
ELIDOR 350 ML SAC KREMI GUCLU VE PARLAK,17.648096946879228
ELIDOR 350 ML SAC KREMI SAC DOKULMESINE KARSI,17.648096946879228
ELIDOR 350 ML SAC KREMI SAGLIKLI UZAYAN SAÇLAR,17.648096946879228
ELIDOR 400 ML SAMPUAN KEPEGE KARSI 2IN1,0.0
ELIDOR 7/24 ONARICI BAKIM 265 ML,13.636983499249967
ELIDOR SAMPUAN 400+200 SAC KREMI GUCLU PARLAK,0.0
ELIDOR SAMPUAN 400+200 SAC KREMI ONARICI BAKIM,0.0
ELITLED 3LU BLISTER AMPUL,0.0
ELITLED RGB KUMANDALI AMPUL,-28.57346953353812
ELMA GOLDEN,0.0
ELMA GRANNY SMİTH,0.0
ELMA STARKİNG,0.0
ELMA STARKİNG EKONOMIK,0.0
EMOTION 50 ML ROLL ON NATURAL BLOOM,0.0
EMOTION 50 ML ROLL ON OCEAN FRESH,0.0
EMOTION 50 ML ROLL ON ROMANCE,100.0105274239394
EMOTION DEODORANT 150 ML AQUA KISS,0.0
EMOTION DEODORANT 150 ML DETOX FLORAL,0.0
EMOTION DEODORANT 150 ML DETOX FRESH,68.42825560585327
EMOTION DEODORANT 150 ML LOVE,0.0
EMOTION DEODORANT 150 ML ROMANCE,0.0
EMOTION DEODORANT 150ML NATURAL BREEZE,0.0
EMOTION DEODORANT 150ML VIOLET,0.0
ENSAR ASLAN YILDIZ ERKEK PENYE BOXER,0.0
ERNET CENK TABLET NAFTALIN 100 GR,0.0
ERNET TUZ RUHU 1000GR,0.0
ERİK  CAN  KG,0.0
ERİK MALTA,0.0
EST 1500 ML DOGAL ZEYTINYAGLI  S.SABUN BODRUM MAND,0.0
EST 1500 ML DOGAL ZEYTINYAGLI  S.SABUN KIRAZ CI,0.0
EST 1500 ML DOGAL ZEYTINYAGLI  S.SABUN OKYANUS,0.0
EST 500 ML DOGAL ZEYTINYAGLI SIVI SABUN AYVALIK ZE,0.0
EST 500 ML DOGAL ZEYTINYAGLI SIVI SABUN BODRUM MAN,0.0
EST 500 ML DOGAL ZEYTINYAGLI SIVI SABUN OKYANUS,0.0
EST 500 ML FRAMBUAZLI SIRKE&SAC TONIK,8.696030262185312
EST 750 ML DOGAL SIVI SABUN ZEYTINYAGLI,0.0
EST DOGAL DIS MACUNU 90 ML BAMBU/KARBON,0.0
EST DOGAL DIS MACUNU 90 ML MISVAK OZLU,0.0
EST DOGAL EL VE VUCUT KREMI 50 ML ZEYTINYAGLI,0.0
EST DOGAL EL VE VUCUT LOSYONU 250 ML  ZEYTINYAGLI,0.0
EST DOGAL SAMPUAN 600 ML  ZEYTINYAGLI,0.0
EST KOLONYA 1 LT LIMON,0.0
EST KOLONYA 150 ML SPREY PET LIMON,0.0
ETI 34 GR CIK.GOFRETLI SUTLU CIK.,0.0
ETI 40 GR FORM MAHLEP CIYA COREK OTLU BISK,10.714285714285714
ETI 50 GR BROWNI INTENSE,0.0
ETI 50 GR KARAM BITTER,0.0
ETI AHENK GURME 50 GR,0.0
ETI BIDOLU 81 GR YER FISTIKLI KAKAOLU,14.285714285714285
ETI BIDOLU YER FISTIKLI 81 GR,14.285714285714285
ETI BROWNI INT. MINI 160 GR KARAMELLI,-11.823529411764703
ETI BROWNI INTENSE CIK.160 GR,-11.823529411764703
ETI BROWNI INTENSE GOLD 48 GR,0.0
ETI BROWNI KLASIK 40 GR,0.0
ETI BROWNI PATISSERIE CIK.SOSLU KEK 165 GR,17.514689336167027
ETI BURCAK 100 GR LIMONLU KREMALI YULAFLI,0.0
ETI BURCAK 100 GR. H. CEVIZLI KREMALI BISK.,0.0
ETI BURCAK 131 GR,0.0
ETI BURCAK 273 GR COREK OTLU TUZLU BISK. MP,0.0
ETI BURCAK 3 LU 393 GR,-0.0666777796299369
ETI BURCAK 91 GR COREK OTLU TUZLU BISK.,0.0
ETI BURCAK 91 GR ZEYTINLI TUZLU BISK.,0.0
ETI BURCAK BITTER CIK.114 GR,5.263157894736842
ETI BURCAK KURABI 198 GR. YULAFLI YER FIST.,13.333333333333334
ETI BURCAK SUTLU KREMALI 100 GR,0.0
ETI BURCAK SUTLU KREMALI 300 GR,0.0
ETI CANGA DARK 45 GR,0.0
ETI CANGA GOLD 45 GR,0.0
ETI CANGA SUTLU 45 GR,0.0
ETI CICIBEBE 172 GR,10.638297872340425
ETI CICIBEBE 700 GR,11.959999999999992
ETI CIK.ICIBOL ANTEP FIST.30 GR,0.0
ETI CIK.KARE ANTEP FIST. 60 GR,0.0
ETI CIK.KARE KARAM 60 GR %54 KAKAO,34.026805361072206
ETI CIK.KARE KARAM BITTER 60 GR,34.026805361072206
ETI CIK.KARE SUTLU 65 GR,34.026805361072206
ETI CIK.UZUN ANTEP FISTIKLI 34 GR,0.0
ETI CIK.UZUN SUTLU 34 GR,0.0
ETI CIN LOKMALIK 114 GR,0.0
ETI CIN PORTAKALLI 25 GR,16.666666666666664
ETI CIN PORTAKALLI 325 GR,16.666666666666664
ETI CRAX 50 GR ACI BAHARATLI KRAKER,0.0
ETI CRAX 50 GR CHILI LIME MISKET LIMONLU ACILI,0.0
ETI CRAX BAHARATLI 80 GR,7.894736842105263
ETI CRAX PEYNIRLI KRAKER 175 GR,0.0
ETI CRAX PEYNIRLI KRAKER 80 GR,0.0
ETI ETIBOR 400 GR,0.0
ETI FORM 138 GR KIZARMIS KEPEKLI EKMEK,12.903225806451612
ETI FORM 41 GR TAHILLI BUGDAYLI PATLAGI,8.333333333333332
ETI FORM 45 GR,11.11111111111111
ETI FORM CIK.KAPL.BISKUVI 50 GR,8.108108108108109
ETI FORM LIMON LIFLI BISK.50 GR,8.333333333333332
ETI FRIGO ALASKA BITTER CIK.60 GR,13.684210526315791
ETI FRIGO ALASKA SUTLU CIK.60 GR,13.684210526315791
ETI GONG 64 GR MISIR VE PIRINC PATLAK,8.333333333333332
ETI GONG BALLI HARDALLI 68GR,8.333333333333332
ETI GONG PEYNIRLI ACILI 68GR,8.333333333333332
ETI HOSBES CILEKLI 142 GR,9.921984396879377
ETI HOSBES FINDIKLI 142 GR,9.921984396879377
ETI HOSBES KAKAOLU 142 GR,9.921984396879377
ETI KAKAOLU BISK.125 GR,0.0
ETI KRAKER BALIK 85 GR,0.0
ETI LIFALIF 250 GR INCE OGUTULMUS KIRMIZI MEYVELI,0.0
ETI LIFALIF 35 GR BITTER CIKO.MUSLI BAR,13.636363636363635
ETI LIFALIF 35 GR KURU YEMIS MUSLI BAR,13.636363636363635
ETI LIFALIF 35 GR YULAF BAR KIRMIZI MEY.,13.636363636363635
ETI LIFALIF 350 GR MEYV.FINDIKLI MUSLI,0.0
ETI LIFALIF 350 GR YULAF EZMESI INCE ÖGUTULMUŞ,7.086726675239332
ETI LIFALIF YULAF EZMESI 500 GR,7.086726675239332
ETI MAXIMUS SUTLU BAR 50 GR,0.0
ETI NERO 110 GR KAKAOLU BISKUVI,20.0
ETI PETIT BEURRE 400 GR,0.0
ETI PETITO BAMBU 15 GR,0.0
ETI PETITO SUTLU 18 GR,0.0
ETI PETITO TOPCU 16 GR,0.0
ETI POPKEK MINI KAKAOLU 180 GR,9.921984396879377
ETI POPKEK MINI LIMONLU 180 GR,9.921984396879377
ETI POPKEK MINI MUZLU 180 GR,9.921984396879377
ETI POPKEK MUZLU 60 GR,0.0
ETI PUF HIND.CEV.16 GR,0.0
ETI PUF KAKAOLU 18 GR,0.0
ETI PUF RENKLI 18 GR,0.0
ETI SOSBOM 50 GR CIK.SOSLU KAP.KEK,0.0
ETI SULTANI 123 GR,0.0
ETI SULTANI 3 LU 369 GR,0.0
ETI SUT BURGER BALLI 35 GR,21.95121951219512
ETI SUT BURGER CILEKLI 35 GR,21.95121951219512
ETI SUT BURGER KAKAOLU 35GR,21.95121951219512
ETI SUT BURGER MUZLU  35 GR,21.95121951219512
ETI TUTKU 138 GR KAKAO KREMALI BISK.,0.0
ETI TUTKU RULO 150 GR,0.0
ETI YULAFLI 3 LU 375 GR,0.0
ETI YULAFLI BISK.125 GR,0.0
FAIRY H1A KAPSUL 36 LI,0.0
FAIRY SIVI 1500 ML LIMON,0.0
FAIRY SIVI 650 ML ELMA,0.0
FAIRY SIVI 650 ML LIMON,0.0
FAKIR 1000 ML AHSAP TEMIZLEYICI,14.287755393627663
FAMILIA  HAVLU 6 LI,0.0
FAMILIA HAVLU 16 LI  COCONAT,0.0
FAMILIA PECETE 100 LU,0.0
FAMILIA PECETE 200 LU,0.0
FAMILIA T.KAGIDI 16'LI  COCONUT,0.0
FAMILIA T.KAGIDI 32 LI,0.0
FAMILIA T.KAGIDI 40 LI COCONAT,0.0
FATIH KURU BOYA KALEMI 12 LI,25.003125390673837
FAX SABUN 600GR KLASIK,0.0
FE STOP SIGAR FILTRESI,0.0
FE TIRNAK MAKASI,0.0
FEAST DONDURULMUS ELMA DILIMLI PATATES 1000 GR,0.0
FEAST DONDURULMUS VISNE  400 GR,0.0
FELIX KEDI KONSERVE 400 GR ETLI-TAVUKLU,-25.71575518601063
FELIX KEDI KONSERVE SOMONLU 400GR,-25.71575518601063
FELIX POUCH 4 LU AVANTAJ PAKET SOMONLU 85 GR,-50.00333355557037
FELIX POUCH CIFTE LEZZET ETLI-KANATLI 85 GR,-30.31221582297667
FELIX POUCH ETLI 85 GR,-32.36245954692558
FELIX POUCH KUZU ETLI 85 GR,-30.31221582297667
FELIX POUCH SENSATION TAVUK-HAVUC 85 GR,-30.31221582297667
FELIX POUCH SENSATION TON BALIKLI 85 GR,-30.31221582297667
FELIX POUCH SOMONLI 85 GR,-30.31221582297667
FELIX POUCH YAVRU TAVUKLU 85 GR,-30.31221582297667
FERIDE SERPME PUDRA 75 GR,0.0
FIDE KELLE PACA CORBASI 480 ML,15.385798907608276
FIDE TAVUK SUYU 480 ML,15.559013114025339
FIDE TON BALIGI 2X160 GR.,0.0
FIDE TON BALIGI EKO 3*80 GR,0.0
FIDE TON BALIGI KLASIK 3*80 GR,0.0
FILIZ CICEK TOPRAK 10 LT,0.0
FILIZ IRMIK 500 GR,13.161358252171624
FILIZ MAKARNA 500 GR ARPA SEHRIYE,8.064516129032258
FILIZ MAKARNA 500 GR BONCUK,8.064516129032258
FILIZ MAKARNA 500 GR BURGU,8.064516129032258
FILIZ MAKARNA 500 GR ERISTE,8.064516129032258
FILIZ MAKARNA 500 GR FIRIN,8.064516129032258
FILIZ MAKARNA 500 GR FIYONK,8.064516129032258
FILIZ MAKARNA 500 GR INCE UZUN,8.064516129032258
FILIZ MAKARNA 500 GR KALEM,8.064516129032258
FILIZ MAKARNA 500 GR KELEBEK,8.064516129032258
FILIZ MAKARNA 500 GR KUSKUS,8.064516129032258
FILIZ MAKARNA 500 GR MANTI,8.064516129032258
FILIZ MAKARNA 500 GR SPAGETTI,8.064516129032258
FILIZ MAKARNA 500 GR TEL SEHRIYE,8.064516129032258
FILIZ MAKARNA 500 GR YASSI SPAGETTI,8.064516129032258
FILIZ MAKARNA 500 GR YUKSUK,8.064516129032258
FINISH 40 ULTIMATE QUANTUM TABLET,0.0
FINISH MAKINE TEMZ.LIMONLU 250 ML,-26.317174588136215
FINISH PARLATICI 400GR LIMON,-24.659223234468122
FINISH PARLATICI 400GR NORMAL,-24.659223234468122
FINISH QUANTUM 36 LI,0.0
FINISH QUANTUM TABLET 50 LI,0.0
FINISH ULTIMATE 40 LI PLUS,0.0
FIRST 60 DK AHUD. LIMON AROM. SAKIZ 27 GR,0.0
FIRST 60 DK KARPUZ SEFTALI AROM.SAKIZ 27 GR,0.0
FISKOBIRLIK FINDIK EZMESI 300 GR,-10.714668381013608
FLEXI PLASTIK BIÇAK 10 LU,0.0
FRISKIES MINI MENU 1.5KG KOPEK MAMASI,-40.00080001600032
FRISKIES POUCH 85 GR YAVRU KEDILER ICIN,-33.344448149383126
FRISKIES POUCH ETLI 85 GR,-33.344448149383126
FRISKIES POUCH SOMONLU 85 GR,-33.344448149383126
GARNIER NEM BOMB.KAGIT MASKE KOMURLU YOSUN,10.00050002500125
GARNIER NEM BOMBASI KAGIT MASKE MAVI,10.00050002500125
GARNIER NEM BOMBASI KAGIT MASKE PEMBE,10.00050002500125
GARNIER SAF TEMIZ ARINDIRICI TEM.JELI 200ML,0.0
GEZER.Y23. MERDANE TERLIK 8025,0.0
GILLETTE 200ML TRAS JELI NORMAL,42.86020430030717
GILLETTE BLUE II PLUS 5+2 POSET,42.86020430030717
GILLETTE BLUE II REGULAR 5 LI POSET,44.00352028162254
GILLETTE MACH3 BICAK 2 LI,42.85889219968162
GILLETTE MACH3 BICAK 4 LU,0.0
GILLETTE MACH3 MAKINE + 2 YEDEK BICAK,43.33477782592753
GILLETTE VENUS 2 4'LU POSET,42.86326618088299
GILLETTE VENUS BREEZE MAKINA UP,42.85808479307238
GILLETTE VENUS RIVIERA 3 BICAKLI 2LI POSET,43.480151310926566
GILLETTE VENUS SIMPLY 3 BICAKLI 4LU POSET,43.752734545909114
GLADE AEROSOL ASKIN BUYUSU 300ML,-25.00178584184585
GLADE AEROSOL OKYANUS SERINLIGI  300 ML,-25.00178584184585
GLADE AEROSOL SABAH TAZELIGI 300ML,-25.00178584184585
GLADE AEROSOL TROPIKAL 300ML,-25.00178584184585
GLADE AEROSOL VANILYA 300 ML,-25.00178584184585
GLADE BANYO 10 ML CIHAZ+YEDEK TEMIZ CARSAF FER,-25.001388966053668
GLADE BANYO 10 ML YEDEK LAVANTA,-27.780864540504503
GLISS 360ML SAC KREMI INTENSE THERAPY,0.0
GLISS 360ML SAC KREMI MILLION GLOSS,0.0
GLISS 360ML SAC KREMI SUPREME LENGTH,0.0
GLISS 500 ML SAMP. BIO-TECH,5.555864214678593
GLISS 500 ML SAMP.FIBER  THERAPY,5.555864214678593
GLISS 500ML SAMP.SUPREME LENGTH,5.555864214678593
"GMAX ANTIFRIZ  -56 1,5LT",0.0
GOLDEN DAISY ANTIK KILIM 80X125 CM,0.0
GOLDEN DAISY YASTIK ALEZI JAKARLI,0.0
GOURMET GOLD KEDI KONS. KIYILMIS HINDI ETLI 85 GR,-33.33888981496916
GOURMET GOLD KEDI KONS. KIYILMIS SIGIR ETLI 85 GR,-33.33888981496916
GOURMET GOLD KEDI KONS. KIYILMIS TAVUK ETLI 85 GR,-33.33888981496916
GOURMET GOLD KEDI KONS. KIYILMIS TON BALIKLI 85 GR,-33.33888981496916
GUNSEVEN SIRKE ELMA 500 ML PET,0.0
GURSOY FINDIK EZMESI 320 GR %70FINDIK,0.0
GURSOY KAKAO FINDIK KREMA 700 GR,0.0
GURSOY KAKAOLU FINDIK KREMASI 400GR %15 FINDIK,0.0
GURSUT TOST PEYNIRI 1000 GR,0.0
GÖBEK SALATA,-22.2246916324036
H&S 350 ML SAMPUAN 2IN1 KLASIK,0.0
H&S 350 ML SAMPUAN 2IN1 LIMON,0.0
H&S 350 ML SAMPUAN EXTRA VOLUME,0.0
H&S 350 ML SAMPUAN SA DOKULME KARSITI KADIN,0.0
H&S 350 ML SAMPUAN SAC DOKULME KARSITI ERKEK,0.0
H.SAKIR 4X70GR GUZELLIK SABUNU ELEGAN,0.0
H.SAKIR 4X70GR GUZELLIK SABUNU KLASIK,0.0
H.SAKIR 600GR BANYO SABUNU BEYAZ.,38.46449726902069
H.SAKIR 600GR BANYO SABUNU LAVANTA,38.46449726902069
HALK MARGARİN 250 GR 6 LI,-17.07400360993219
HALK PAKET MARGARIN 250GR,11.431837667905114
HARIBO 70 GR MIX FIZZ FRIES,0.0
HARIBO AHUDUDU/BOGURTLEN 80 GR,-23.279069767441857
HARIBO ALTIN AYICIK 80 GR,-23.279069767441857
HARIBO CHAMALLOWS RUBINO 70 GR,0.0
HARIBO FIZZ EKSILI SOLUCAN 70 GR,-23.279069767441857
HARIBO JELLY FUNNY STARMIX 80 GR BAG,-23.279069767441857
HARIBO JELLY TROPIFRUTTI 80 GR BAG,-23.279069767441857
HARIBO MINI ALTIN AYICIK 200 GR MAXI,0.0
HARIBO ROULETTE MEYVELI  45 GR,0.0
HASATA BASMATI PIRINC 1000 GR,0.0
HASATA GONEN BALDO PIRINC 1000 GR,0.0
HASATA GONEN BALDO PIRINC 2000 GR,0.0
HAVUÇ,33.34444814938314
HEINZ AMERICAN BURGER SOS 230 GR,0.0
HEINZ KETCAP 570 GR,0.0
HEINZ MAYONEZ 330 GR,0.0
HERO BABY 120 GR KVN.YULAF KARISIK MEYV.,0.0
HERO BABY 120 GR PREB.CILEK YOGURT,0.0
HERO BABY 120 GR PREB.MUZLU YOGURT,0.0
HERO BABY 125 GR KVN.MUZ MAND.ARMUT,0.0
HERO BABY 200 GR SUTLU 8 TAHILLI MEYVELI,0.0
HERO BABY 200 GR SUTLU IRMIKLI BALLI,0.0
HERO BABY 200 GR SUTLU PIRINCLI MUZLU,0.0
HERO BABY ORG KVN. ELMALI 120 GR,0.0
HERO BABY ORG.KAYISILI 120 GR,0.0
HERO BABY SÜTLAÇ 125 GR,0.0
HIGHGENIC 1000 ML LEKE CIKARICI SPREY,0.0
HIGHGENIC 1000 ML SILIKONLU TEMIZLEYICI,0.0
HIPP KVN ORG.SUTLAC 125GR,0.0
HIPP KVN.ORG.ELMA PURESI 125 GR,0.0
HIPP KVN.ORG.ERIK PURESI 125 GR,0.0
HIPP KVN.ORG.KAYISI PURESI 125 GR,0.0
HIPP KVN.ORG.SEFTALI PURESI 125 GR,0.0
HIPP ORG. BEBE BISKUVISI 180 GR,0.0
HIPP ORG.BIBERON MAMASI 3 300 GR,0.0
HIPP ORGANİK 350 GR COMBİOTİC 1 BEBEK SUTU,0.0
HIPP ORGANİK 350 GR COMBİOTİC 2 DEVAM SÜTÜ,0.0
HIPP ORGANİK 350 GR COMBİOTİC 3 BEBEK SÜTÜ,0.0
HOBBY 3000 ML SIVI SABUN ORKIDE,0.0
HOBBY 600ML SAMP. GUL OZLU,14.287755393627663
HOBBY 600ML SAMP. KEPEK BADEM YASEMIN,14.287755393627663
HOBBY 600ML SAMP.ARGAN PAPATYA,14.287755393627663
HOBBY DUS JELI 500ML BOGURTLEN&A.DUDU,25.003125390673837
HOBBY DUS JELI 500ML CILEK,25.003125390673837
HOBBY DUS JELI 500ML VANILYA,25.003125390673837
HOBBY WAX  100 ML MATTE,0.0
HÜNNAP,0.0
ICIM  PRESIDENT 100 GR UCGEN CHEDDAR,9.092562284051645
ICIM BEYAZ PEYNIR 900 GR,-6.896789544467051
ICIM KEFIR 1000 ML,0.0
ICIM KEFIR 260 ML ARONYA KARADUT,7.501875468867217
ICIM KREM PEYNIR 180 GR,7.693491306354824
ICIM KREM PEYNIR 300 GR,5.000500050005001
ICIM KREMA %18 YAGLI 200 ML,0.0
ICIM LABNE 200 GR,7.693491306354824
ICIM LABNE 400 GR,7.692899453804138
ICIM PRESIDENT KREM CHEDDARLI 270 GR,3.703978072449811
ICIM PUDING MUZLU 200 ML,4.168403501458942
ICIM RULO KAYMAK 150 GR,0.0
ICIM SUT AROMALI CIK.6*180 ML,6.000600060006001
ICIM SUT AROMALI CILEK 180 ML,5.5586436909394115
ICIM SUT AROMALI MUZ 180 ML,5.5586436909394115
ICIM SUT DEVAM 1000 ML,6.250781347668459
ICIM SUT LAKTOZSUZ 1000 ML UHT,8.572653236176597
ICIM SUT LAKTOZSUZ 200 ML,4.168403501458942
ICIM SUT LAKTOZSUZ 500 ML,0.0
ICIM SUT LIGHT 1000 ML,2.9416090601559053
ICIM SUT T.YAGLI UHT 1000 ML,2.9416090601559053
ICIM SUT UHT 200 ML,4.547521600727604
ICIM SUT UHT 200 MLX6 LI,3.174855147233919
ICIM SUT Y.YAGLI 1000 ML,0.0
ICIM SUZME BEYAZ PEYNIR 250 GR,6.250781347668459
ICIM SUZME BEYAZ PEYNIR 500 GR,0.0
ICIM TAZE KASAR PEYNIRI 400 GR,4.348015131092656
ICIM TAZE KASAR PEYNIRI 600 GR,0.0
ICIM TAZE PEYNIR SADE 180 GR,14.287755393627663
ICIM TEREYAG 750 GR,16.00032000640013
ICIM TOST PEYNIRI 600 GR,3.703840882995666
ICIM UCGEN ERITME PEYNIRI 100 GR,4.167534903104814
ICIM UCGEN PEYNIR 24'LU 300 GR,7.692899453804138
ICIM YOGURT 1000 GR DOGAL,5.5561729081009
ICIM YOGURT 150 GR DOGAL,0.0
ICIM YOGURT 2000 GR DOGAL KAYMAKSIZ,3.125195324707794
ICIM YOGURT 3 KG YARIM YAGLI,33.335555703713574
ICIM YOGURT 500 GR DOGAL,10.002000400080016
INDOMIE 120 GR  JUMBO SEBZE  AROMALI,0.0
INDOMIE 120 GR JUMBO KORI AROMALI,0.0
INDOMIE 120 GR JUMBO TAVUK AROMALI,0.0
INDOMIE 60 GR BARDAK DANA ETI CESNILI NOODLE,0.0
INDOMIE 60 GR BARDAK KORI NOODLE,0.0
INDOMIE 60 GR BARDAK SEBZELI NOODLE,0.0
INDOMIE 60 GR BARDAK TAVUK CESNILI NOODLE,0.0
INDOMIE 70 GR PAK.TAVUK CESNILI NOODLE,0.0
INDOMIE 75 GR PAK.KORI NOODLE,0.0
INDOMIE 75 GR PAK.SPESIYAL NOODLE,0.0
INDOMIE 80 GR GURME ACI VE BAHARATLI,0.0
INDOMIE 80 GR GURME SOYA SOSLU,0.0
INDOMIE PAKET SEBZELI NOODLE 5 LI,0.0
IPEK SALCA DOMATES 1650 GR PET,0.0
"IRAK SUMBUL SAKSI NO:2  1,2 LT  SS105",0.0
ISTIRANCA GEZEN TAVUK YUMURTASI 15'LI,-7.143367383384527
"JACOBS 2 SI 1 ARADA 10,5 GR",0.0
JACOBS 3 U 1ARADA 16 GR,0.0
JUNGLE MUHABBET KUS YEMI GURME (KRAKER HED.) 400 G,0.0
JUNGLE YAVRU KEDI MAMASI TAVUKLU 500 GR,0.0
JUNGLE YETISKIN KEDI MAMASI TAVUK - BALIKLI 500 GR,0.0
K.KUKRER 250 ML %100 NAR EKSISI  CAM,0.0
K.KUKRER BEYAZ SIRKE 2 LT,0.0
K.KUKRER SIRKE ELMA 500ML PET,5.26371196968102
K.KUKRER SIRKE UZUM 1000 ML PET,0.0
K.KUKRER SIRKE UZUM 500ML  PET,5.5561729081009
K.KUKRER SOYA SOSU 375 ML PET,0.0
KAANLAR  ZEYTIN 450 GR SIYAH,0.0
KABAK,-28.575510787255315
KAHVE DUN.TAMBOL 77GR ANTEP FIST.SUTLU CIK,0.0
KAHVE DUNYASI 33 GR GOFRIK A.FISTIGI,0.0
KAHVE DÜNYASI 2SI1 ARD KLASİK 8LI,0.0
KAHVE DÜNYASI 3Ü1 ARD KLASİK 8LI,0.0
KARA SEVDA KLASIK TUZLU SIYAH AYÇEKIRDEĞI 135 GR,0.0
KARLIDAG TEREYAG 400 GR TUZLU,8.666955565185507
KARLIDAG TEREYAG 400 GR TUZSUZ,0.0
KARLIDAG TEREYAG 750 GR,0.0
KARPER 18 PORSIYON PEYNIR 324 GR MULTIPACK,0.0
KARPER 6 LI 108 GR SADE,0.0
KARPER SADE 8 LI 100 GR,0.0
KAVUN SARI,0.0
KEBIR GURME TEREYAGI 400 GR,0.0
KEBIR GURME TEREYAGI 400 GR TUZLU,0.0
KEBIR GURME TEREYAGI 750 GR,0.0
KEBIR KUYMAK PEYNIRI 500 GR,0.0
KELLOGS  60 GR GRANOLA KARISIK MEYVE,0.022227161591460345
KELLOGS 60 GR GRANOLA BEYAZ CIK.FISTIK,0.022227161591460345
KELLOGS 60 GR GRANOLA CIKOLATA FINDIK,0.022227161591460345
KELLOGS K FLAKES 400 GR KIRMIZI MEYVELİ,-14.285714285714285
KELLOGS K FLAKES 400 GR ÇİKOLATALI,-14.285714285714285
KENT 28 GR OLIPS STICK LIMON PORTAKAL,17.657445556209534
KENT 28 GR OLIPS STICK MENTOL OKALIPTUS,17.657445556209534
KENT BUBBLICIOUS 38 GR KARISIK MEYV.,0.0
KENT DOKME SEKER KG,0.0
KENT FALIM 5 LI CILEK 7 GR,0.0
KENT FALIM 5 LI KARPUZ 7 GR,0.0
KENT FALIM 5 LI MP KARISIK MEYVELI,25.006251562890718
KENT FALIM 5 LI NANE 7 GR,0.0
KENT FALIM CILEK 5 LI MP,25.006251562890718
KENT FALIM DAMLA SAKIZLI 5 LI,0.0
KENT FALIM DAMLA SAKIZLI 5 LI MP,25.006251562890718
KENT FALIM ISIL NANE  KARBONATLI 5 LI,0.0
KENT FALIM NANE 5 LI MP,25.006251562890718
KENT FIRST 27 GR 60 DK KESKIN NANE,0.0
KENT FIRST 27GR 60 DK YEŞİL NANE,0.0
KENT FIRST SENSATIONS 27 GR DAMLA SAKIZLI,0.0
KENT FIRST SENSATIONS 27 GR KARADUT,0.0
KENT FIRST SENSATIONS 27 GR KARPUZ,0.0
KENT FIRST SENSATIONS 27 GR KESKIN NANE,0.0
KENT FIRST SENSATIONS 27 GR TROPICAL,0.0
KENT FIRST SENSATIONS 27 GR YESIL NANE,0.0
KENT FIRST SENSATIONS CILEK 27 GR,0.0
KENT JELIBON AYICIK 80 GR,9.054545454545448
KENT JELIBON SOUR PATCH KIDS 80 GR,9.054545454545448
KENT JELIBON TOPİK 80 GR,9.054545454545448
KENT MISSBON KAHVELI 43 GR,0.0
KENT MISSBON TEREYAGLI 43 GR,0.0
KENT OLIPS 12.5 GR MINI MINTS NANE MENTOL,0.0
KENT OLIPS MINTS NANELI 12.5 GR,0.0
KENT OLIPS NANE 76 GR,0.0
KENT OLIPS SOFT MINTS KARPUZ 47 GR,0.0
KENT OLIPS STICK NANE 28 GR,17.657445556209534
KENT OLİPS STICK 28 GR KESKIN MENTOL,17.657445556209534
KENT SIPSEVDI MUZ CILEK 25 GR,0.0
KENT TOFITA BOGURTLEN 47 GR,0.0
KENT TOFITA CILEK 47 GR,0.0
KENT TOPITOP MEYVELI 88 GR,0.0
KENT TOPITOP MUZIK MEYVELI 13 GR,0.0
KERAMIKA KUPA CIFT RENKLI,0.0
KIMI 1000ML ULTRA CAMASIR SUYU,0.0
KIMI 1500 ML YUZEY TEMIZLEYICI GUL,0.0
KIMI 1500 ML YUZEY TEMIZLEYICI LAVANTA,0.0
"KIMI 2,5 KG CAMASIR SUYU",0.0
"KIMI 3,6 LT SIVI SABUN GUL BAHCESI",-22.2246916324036
"KIMI 3,6 LT SIVI SABUN OKYANUS",-22.2246916324036
KIMI 3000 ML YUMUSATICI GUL,0.0
KIMI 3000 ML YUMUSATICI LAVANTA,0.0
KIMI 4 KG SIVI BULASIK DETERJANI,0.0
KIMI 4 KG ULTRA CAMASIR SUYU,0.0
KIMI 750 ML BULASIK LIMON,0.0
KIMI 750 ML CAM TEMIZLEYICI,0.0
KIMI DEV KAGIT HAVLU,0.0
KIMI HAVLU 6 LI 2 KATLI,0.0
"KIMI SIVI BAKIM DETERJAN 2,5 LT BEYAZ VE RENKLILER",0.0
KIMI T.KAGIDI 16 LI  2 KATLI,0.0
KIMIN 170 GR CIPS FISTIK,0.0
KIMIN ANTEP FISTIGI 200 GR,0.0
KIMIN ASURELIK BUGDAY 1000 GR,0.0
KIMIN BADEM ICI 200 GR,-20.001600128010242
KIMIN BULGUR ESMER 1000 GR CIG KOFTELIK,0.0
KIMIN BULGUR IRI PILAVLIK 1000 GR,0.0
KIMIN BULGUR KOFTELIK 1000 GR,0.0
KIMIN CEVIZ ICI 150 GR,0.0
KIMIN CIFTE 150 GR KAV.KABAK CEKIRDEGI,0.0
KIMIN CIFTE KAV. LEBLEBI 200 GR,0.0
KIMIN CIN MISIR 1000 GR.,0.0
KIMIN CUBUK CIPS 200 GR,0.0
KIMIN DAKOTA ÇEKİRDEK SADE 330 GR,0.0
KIMIN FASULYE DERMASON 1000 GR.,0.0
KIMIN FINDIK ICI 250 GR,0.0
KIMIN KABAK NEVSEHIR 150 GR,0.0
KIMIN KABUKLU FISTIK 400 GR,-16.66944490748458
KIMIN KAJU 200 GR,-20.001600128010242
KIMIN KAV.SIYAH CEK.TUZLU 350 GR,0.0
KIMIN KIRIK PIRINC 1000 GR,0.0
KIMIN KIRMIZI IC MERCIMEK 1000 GR,0.0
KIMIN KOCBASI NOHUT 1000 GR,0.0
KIMIN KOKTEYL EKO 400 GR,0.0
KIMIN KOKTEYL LUX 250 GR,0.0
KIMIN KULAH CIPS 200 GR,0.0
KIMIN OSMANCIK PIRINC 1000 GR,0.0
"KIMIN SIYAH BOL TUZLU  CEK,120 GR",0.0
KIMIN SOSLU FISTIK 200 GR,0.0
KIMIN SOSLU MISIR 150 GR,0.0
KIMIN TUZLU FISTIK 200 GR,0.0
KIMIN TUZLU FISTIK 400 GR,0.0
KIMIN TUZLU LEBLEBI 200 GR,0.0
KIMIN YAKAN BIBER TURSU CAM 330 GR,-11.1123458162018
KIMIN YESIL MERCIMEK 1000 GR,0.0
KINDER BUENO T2 44 GR,0.0
KINDER BUENO WHITE T2 39 GR,0.0
KINDER CHOCOLATE T4 50 GR,0.0
KINDER JOY T1 ERKEK 20 GR,0.0
KINDER JOY T1 KIZ 20 GR,0.0
KINDER PINGUI CACAO 4 LU,0.0
KINDER SUT DILIMI 4 LU,0.0
KIRI LABNE 150GRX3'LU,0.0
KIVIRCIK ADET,0.0
KNORR BULYON TAVUK SUYU 120GR,0.0
KNORR BULYON TAVUK SUYU 240GR,0.0
KNORR CABUK CORBA 18 GR KREMALI TAVUK,0.0
KNORR CABUK CORBA 19 GR KREMALI MANTAR,0.0
KNORR CABUK CORBA 22 GR ACILI DOMATES,0.0
KNORR CABUK CORBA 22 GR KITIRLI DOMATES,0.0
KNORR CESNI 32 GR TAVUK MANGAL LEZZETI,-13.46412771686863
KNORR CESNI 37 GR TAVUK BAH. SARIMSAKLI,-13.46412771686863
KNORR CORBA ISKEMBE 63 GR,0.0
KNORR CORBA KREMALI DOMATES 69 GR,0.0
KNORR CORBA KREMALI MANTAR 63 GR,0.0
KNORR CORBA KREMALI TAVUK 65 GR,0.0
KNORR CORBA MERCIMEK 76 GR,0.0
KNORR HARC CITIR PANE  90 GR,-13.46412771686863
KNORR HARC KOFTE 82 GR,-13.46412771686863
KNORR HARC TAVUK PANE MIX 90 GR,-13.46412771686863
KNORR SEH. TAVK DOM. CORBASI 67 GR,0.0
KNORR SOS MAKARNA PEYNIRLI 50 GR,0.0
KODAK K3A-4 XTRALIFE 4 LU ALKALIN KALEM PIL,0.0
KODAK LITYUM DUGME PIL 2 LI CR2016,0.0
KODAK LITYUM DUGME PIL 2 LI CR2032,0.0
KODAK PIL KALEM CINKO 4LU AA,0.0
KODAK PIL ULTRA PREMIUM 4LU KALEM ALKALIN AA,0.0
KOLESTON KIT 3/0 KOYU KAHVE,44.0692904844232
KOLESTON KIT 8/0 ACIK KUMRAL,44.0692904844232
KOLESTON NATURALS 2/0 SIYAH,42.86020430030717
KOLESTON NATURALS 6/0  KOYU KUMRAL,42.86020430030717
KOLESTON NATURALS 6/7 CIKOLATA KAHVE,42.86020430030717
KOLESTON NATURALS 7/3 KARAMEL KUMRAL,42.86020430030717
KOLESTON NATURALS MAXI 8/0 ACIK KUMRAL,42.86020430030717
KOMILI AYCICEK YAGI 1 LT,0.0
KOMILI AYCICEK YAGI 5 LT PET,-7.070849916159923
KOMILI Z.YAGI RIVIERA 1 LT,0.0
KOMILI Z.YAGI RIVIERA 500 ML,0.0
KOROPLAST ALUMINYUM FOLYO 8MT,0.0
KOROPLAST BUZDOLABI POŞETI BÜYÜK 20 LI,0.0
KOROPLAST BUZDOLABI POŞETI KÜÇÜK 40 LI,0.0
KOROPLAST BUZDOLABI POŞETI ORTA 20 LI,0.0
KOROPLAST FIRIN TORBASI 8LI 25X38,0.0
KOROPLAST STREC FİLM 15 MT.,0.0
KOROPLAST ÇÖP TORBASI BÜZ. BÜYÜK VANILYALI 10LU,0.0
KOROPLAST ÇÖP TORBASI BÜZ.ORTA YASEMIN 15 LI,0.0
KOROPLAST ÇÖP TORBASI GUCLU KUCUK 30LU,0.0
KOROPLAST ÇÖP TORBASI GUCLU ORTA 15 LI,0.0
KOSKA DONDURMA KULAHI 10 LU,0.0
KOSKA HELVA 200 GR FISTIKLI,0.0
KOSKA HELVA 200 GR KAKAOLU,0.0
KOSKA HELVA 200 GR SADE,0.0
KOSKA HELVA 500 GR SADE,0.0
KOSKA KARISIK MEYVELI LOKUM 500 GR,0.0
KOSKA PEKMEZ 380 GR KECI BOYNUZU,0.0
KOSKA PEKMEZ 380 GR UZUM,0.0
KOSKA RECEL 380 GR CILEK,0.0
KOSKA TAHIN 300 GR CAM,0.0
KOSKA TAHIN PEKMEZ 350 GR CAM,0.0
KOTEX GUNLUK PED 28 LI ANYDAY EKO UZUN,0.0
KOTEX ULTRA 4 LU GECE 16LI,150.01875234404304
KOTEX ULTRA 4 LU NORMAL 24 LI,150.01875234404304
KOTEX ULTRA TEKLI PK GECE 6 LI,0.0
KOTEX ULTRA TEKLI PK NORMAL 8 LI,0.0
KOTEX ULTRA TEKLI PK UZUN 7 LI,0.0
KUHNE BEYAZ TEMIZLIK SIRKESI 2 LT,0.0
KUHNE SIRKE UZUM 500 ML CAM,0.0
KUHNE TURSU ALMAN TIPI KORNISON 350 GR CAM,0.0
KUHNE TURSU CUCCU KORNISON 340 GR,0.0
KUHNE TURSU GEWURZGURKEN SALATALIK 670 GR CAM,0.0
KUHNE TURSU JALAPENO 650 GR CAM,0.0
KUHNE TURSU TURK TIPI SALATALIK 670 GR CAM,0.0
KUMBASAR 10 LU YUMURTA M BOY (53-62 GR),-8.751093886735843
KUMBASAR 15 Lİ YUMURTA L BOY (63-72 GR),-18.183471224656788
KUMBASAR 30 LU YUMURTA M BOY (53-62 GR),-37.50234389649354
KUMBASAR 6 LI YUMURTA M BOY (53-62 GR),-10.002000400080016
KİVİ 4 LÜ PAKET,0.0
KİVİ KG,0.0
LA VACHE QUI RIT  270 GR KREM PEYNIR,0.0
LA VACHE QUI RIT 140 GR KREM PEYNIR,14.287755393627663
LA VACHE QUI RIT 200 GR 16 P,0.0
LA VACHE QUI RIT 200 GR DILIM PEY. CHEDDAR,13.334222281485431
LA VACHE QUI RIT 24'LU 300 GR MULTIPACK,0.0
LAHANA KARA DEMET,0.0
LAHANA KIRMIZI,225.0562640660165
LAYS  BAHARATLI PARTI 150 GR,1.387591727818535
LAYS BAHARATLI SUPER 107 GR,0.0
LAYS FIRINDAN  96 GR YOĞURT MEVSİM YES.SÜPER,0.0
LAYS FIRINDAN 134 GR YOGURT MEVSIM YES.PARTI,26.671111851975315
LAYS KLASIK SUPER 107 GR,0.0
LAYS MEGA 193 GR,18.51693099014146
LAYS PARTI 150  GR YOGURT MEVSIM YESILLIKLERI,1.387591727818535
LAYS PARTI KLASIK 150  GR,1.387591727818535
LAYS YOGURT 107 GR MEVSIM YES.SUPER,0.0
LEZITA PILIC NUGGET 700 GR,-11.765397964586152
LEZITA PILIC SCHNITZEL 700 GR,-11.765397964586152
LISTERINE 500ML COLL MINT,0.0
LİMON,11.1123458162018
M&M'S CIKOLATALI 45 GR,0.0
M&M'S CRISPY 36 GR,0.0
M&M'S FISTIKLI 45 GR,0.0
M.BIRLIK GOLD 800GR 261-290 KB TNK,0.0
M.BIRLIK HUSUSI AZT. 400 GR TNK,0.0
M.BIRLIK HUSUSI AZT. 800 GR TNK,4.166840285011875
M.BIRLIK KURU SELE 400 GR,0.0
M.BIRLIK KURU SELE 800 GR,0.0
M.BIRLIK SEPET SERISI 400GR 261-290 KB PET,-9.678043744757726
M.BIRLIK YESIL KOKTEYL 400 GR,0.0
M.BIRLIK ZEYTIN EZMESI 175 GR,0.0
M.BIRLIK ZEYTIN EZMESI 340 GR CAM BAHARATLI,0.0
M.BIRLIK ZEYTIN EZMESI 340GR,0.0
MAGNUM COOKIE 95 ML,0.0
MAGNUM MINI 345 ML  KLASİK BADEM BEYAZ,0.0
MAGNUM MINI BADEM 345 ML,0.0
MAGNUM MINI DOUBLE 360 GR K.DUT-BOGURTLEN,0.0
MAGNUM MINI MP CLASSIC 345 ML,0.0
MANDALİNA MURCOTT,0.0
MANGO ADET,0.0
MANTAR ISTIRIDYE PAKET 300 GR,0.0
MARC 250 ML CAMASIR MAKINE TEMIZLEYICI TEKLI,-29.169097424785402
MARC SPREY POWER HIJYEN 750 ML MUTFAK,0.0
MARET  PRATİK SERİ HİNDİ SALAM 60 GR,0.0
MARET 300 GR KUVET SUCUK,0.0
MARET AFİYETLE DANA SUCUK 200 GR,-31.819628164916587
MARET HİNDİ FÜME 60 GR,0.0
MARET LEZZETİNCE HINDI FÜME 110GR,14.287755393627663
MARET PRATIK MACAR SALAM 50 GR,0.0
MARET YORE PILIC SUCUK VAKUMLU 225 GR,0.0
MARS BAR 51 GR,0.0
MASTER FARM ERIK KURUSU 120 GR,0.0
MASTER FARM IC CEVIZ 150 GR,0.0
MASTER FARM IC FINDIK CIG 180 GR,0.0
MASTER FARM IC TATLI BADEM CIG 160 GR,0.0
MASTER FARM KURU KAYISI 140 GR,0.0
MASTER NUT 135GR BOL TUZLU SIYAH AYÇEKIRDEĞI,0.0
MASTER NUT FINDIK ICI 130 GR,0.0
MASTER NUT IC TATLI BADEM TUZLU 135 GR,0.0
MASTER NUT KABUKLU ANTEP FISTIGI 140 GR,0.0
MASTER NUT KAJU TUZLU 140 GR,0.0
MASTER NUT KIZARTILMIS YERFISTIGI - ACILI 150 GR,0.0
MASTER NUT MıSıR CEREZI 110 GR,0.0
MASTER POTATO ORIGINAL CIPS 160 GR,0.0
MASTER POTATO SOGANLI & EKSI KREMALI CIPS 160GR,0.0
MAYLO MENDIL  10 LU,0.0
MELIS BIBERIYE 370 ML,0.0
MELIS CUBUK TURSUSU 720 ML,0.0
MELIS JALAPENO 370 ML,0.0
MELIS KARISIK TURSU 720 ML,0.0
MELIS KORNISON 370 ML,15.855592145383584
MELIS LAHANA 720 ML,0.0
MELIS PANCAR 720 ML,0.0
MELIS SALATALIK TURSUSU  720 ML,0.0
MELIS SARIMSAK 210 ML,0.0
MELIS YAKAN BIBER 370 ML,0.0
MENTOS  21 GR 2 HOURS CLEAN INTENSE NANE,0.0
MENTOS 30 GR PURE FRESH KARPUZ,0.0
MENTOS 30 GR PURE FRESH NANE,0.0
MENTOS STICK RAINBOW 37.5 GR,0.0
MILKA  SUTLU 80 GR.,44.44938326480722
MILKA BONIBON 24.3 GR,52.82022784106696
MILKA BONIBON 3 LU 81 GR,11.1123458162018
"MILKA GOFRET KAKAKOLU 28,5 GR",0.0
"MILKA MILKINIS CIKO.87,5 GR.",0.0
MILKA OREO 92 GR SANDVIC.,44.44938326480722
MILKA OREO PARCACIKLI 100 GR.,44.44938326480722
MILKA TABLET CIKO.RUYASI 100 GR.,0.0
MILKA TABLET CILEK YOGURT 100 GR.,0.0
MILKA TABLET FINDIKLI 80 GR.,44.44938326480722
MILKA TABLET HAPPY COWS 100 GR.,44.44938326480722
MISS IP DIS IPLI KURDAN 50 LI,0.0
MIXMEY MEYVE BOGURTLEN BAR 20 GR,42.140468227424755
MIXMEY MEYVE CILEK BAR 20 GR,42.140468227424755
MIXMEY MEYVE HURMA BAR 20 GR,42.140468227424755
MOLFIX FIRSAT PAKET JUNIOR 48 LI,0.0
MOLPED GUNLUK PED 28 ILK VE SON GUN EKO,0.0
MOLPED GUNLUK PED 32 LI PURE&SOFT INCELIK EKO,0.0
MOLPED PURE & SOFT SUPER UZUN EKONOMIK 18'LI,0.0
MOLPED SUPERNIGHT 14 LI S.EKO GECE,0.0
MOLPED SUPERNIGHT 16 LI  S.EKO SUPER GECE,0.0
MOLPED SUPERNIGHT 18LI S.EKO UZUN,0.0
MOLPED SUPERNIGHT GECE 6LI,0.0
MOLPED TEKLI PURE&SOFT GECE 6'LI,0.0
MR.MUSCLE LAVABO AÇICI GRANUL 50 GR TEKLI,0.0
MRY DOLDURULABILEN TASLI CAKMAK,0.0
MRY RUZGAR CAKMAK,0.0
MRY SUNDAY MANYETOLU ELEKTRO CAKMAK,0.0
MURATBEY BURGU 200 GR,-10.526869835254486
MURATBEY LOR PEYNIRI 500GR,-10.001000100010002
MURATBEY SURMELI PEYNIR 700 GR,0.0
MURATBEY TAZE KASAR 300 GR,0.0
MURATBEY TAZE KASAR 500 GR,0.0
MURATBEY TEL PEYNIRI 200GR,0.0
MURATBEY TOPI PEYNIR 200 GR,-10.526869835254486
MUZ İTHAL,0.0
NAMET 7/24 HİNDİ FÜME 60 GR,8.573878250928836
NAMET 7/24 HİNDİ SALAM 60 GR,0.0
NAMET 7/24 HİNDİ SOSİS 140 GR,6.00120024004801
NAMET DANA SUCUK ISIL İŞLEM 200 GR,0.0
NAMET PİLİÇ FÜME 150 GR,7.143877696813831
NANE DEMET,-33.344448149383126
NESCAFE 2 SI 1 ARADA 10 GR,0.0
NESCAFE 2 SI 1 ARADA 10 LU,0.0
NESCAFE 3 U 1 ARADA 10 LU,0.0
NESCAFE 3 U 1 ARADA 10 LU EXTRA,0.0
NESCAFE 3 U 1 ARADA 10 LU SUTLU KOPUKLU,0.0
"NESCAFE 3 U 1 ARADA 17,4 GR SUTLU KOPUKLU",0.0
NESCAFE 3 U 1 ARADA 18 GR,0.0
NESCAFE 3 U 1 ARADA EXTRA 17 GR,0.0
NESCAFE CAPPUCCİNO 14 GR,0.0
NESCAFE CREMA LATTE 17 GR,0.0
"NESCAFE MILKY ICE ÇIKOLATALI 10,5G",0.0
NESCAFE XPRESS BLACK 250ML,0.0
NESCAFE XPRESS CHOCOLATE 250ML,0.0
NESCAFE XPRESS KARAMEL 250 ML,-21.431633090441483
NESCAFE XPRESS LATTE 250ML,-21.431633090441483
NESCAFE XPRESS VANİLYA 250 ML,-21.431633090441483
NESTLE CIK.SUTLU KARE 60 GR,0.0
NESTLE CORN FLAKES 200 GR,0.0
NESTLE CORN FLAKES 450 GR,0.0
"NESTLE DAMAK 176,4 GR ANTEP FISTIKLI KUTU",0.0
NESTLE GOFRET 1927 SUTLU 28 GR,0.0
NESTLE GOFRET 27 GR CITIR,0.0
NESTLE KITKAT CHUNKY38 GR,0.0
NESTLE NESFIT BALLI BADEMLI 400 GR,0.0
NESTLE NESFIT CIKOLATALI 400 GR,0.0
"NESTLE NESFIT CIKOLATALI BAR 23,5 GR",0.0
NESTLE NESFIT KARISIK MEY.400 GR,0.0
NESTLE NESFIT KIRMIZI MEY.400 GR,0.0
NESTLE NESGUIK CILEK GEVREK 310 GR,0.0
NESTLE NESGUIK GEVREK 450 GR,0.0
"NESTLE NESGUIK GOFRET 26,7 GR",0.0
NESTLE NESGUIK ÇOKOKARE 310 GR,0.0
NESTLE NESQUIK DUO 310 GR,0.0
NESTLE NESQUIK HARFLER GEVREK 310 GR,0.0
NESTLE NESQUIK SUT 6LI KAKAOLU 180 ML,55.56172908100901
NEUTROGENA 200ML YOGUN BAKIM KREMI,0.0
NEVZAT KEMALPAŞA  LÜX 150 GR,0.0
NEVZAT KEMALPAŞA EKSTRA 150 GR,0.0
NEVZAT KURABİYE 300 GR ÇEŞİTLERİ,0.0
NEVZAT ŞEKERPARE FINDIKLI 250 GR,0.0
NEVZAT ŞEKERPARE SADE  250 GR,0.0
NIVEA DEO ERKEK 150 ML DEEP,0.0
NIVEA DEO ERKEK 150 ML DEEP AMOZONIA,13.636983499249967
NIVEA DEO ERKEK 150 ML DRY FRESH,0.0
NIVEA DEO ERKEK 150 ML FRESH,0.0
NIVEA DEO ERKEK 150 ML INV B&W POWER,0.0
NIVEA DEO KADIN 150 ML FRESH,0.0
NIVEA DEO KADIN 150 ML INV B&W CLEAR,13.636983499249967
NIVEA DEO KADIN 150 ML INV B&W PURE,0.0
NIVEA DEO KADIN 150 ML MOR DUSLER,0.0
NIVEA KREM SOFT KAVANOZ 100 ML,0.0
NIVEA ROLL-ON ERKEK 50 ML FRESH,13.636983499249967
NIVEA ROLL-ON ERKEK 50 ML INV B&W POWER,13.636983499249967
NIVEA ROLL-ON KADIN 50 ML FRESH,13.636983499249967
NIVEA ROLL-ON KADIN 50 ML FRESH CHERY,0.0
NIVEA ROLL-ON KADIN 50 ML INV B&W CLEAR,13.636983499249967
NIVEA ROLL-ON KADIN 50 ML INV B&W PURE,13.636983499249967
NIVEA STICK ERKEK 50 ML FRESH,12.000480019200769
NIVEA STICK ERKEK 50 ML INV B&W FRESH,12.000480019200769
NIVEA STICK ERKEK 50 ML INV B&W ORGINAL,12.000480019200769
NIVEA STICK ERKEK 50 ML SILVER PROTECT,12.000480019200769
NIVEA STICK KADIN 50 ML FRESH,12.000480019200769
NIVEA STICK KADIN 50 ML INV B&W CLEAR,12.000480019200769
NIVEA STICK KADIN 50 ML INV B&W SILK,12.000480019200769
NIVEA STICK KADIN 50 ML PEARL BEAUTY,0.0
NIVEA YUZ TEMIZLEME KOPUGU 150 ML K/H,0.0
NUGA FINDIK KREMASI 350 GR,0.0
NUTELLA 400 GR,6.6671111407427155
NUTELLA 750 GR,0.0
NUTZZ POPCORN KLASIK 105 GR,-12.524999999999995
O. 01923 CANDY DOKTOR ÇANTASI,0.0
OFF! SINEKKOVAR LOSYON 100 ML,0.0
OGUT FASULYE DERMASON 1000 GR,-9.678043744757726
OGUT MERCIMEK KIRMIZI 1000 GR,5.555864214678593
OGUT MERCIMEK YESIL 1000 GR,0.0
OGUT NOHUT KOCBASI 1000 GR,-9.678043744757726
OGUT PIRINC GONEN BALDO 1000 GR,0.0
OKEY KLASIK 10LU,0.0
OKEY ROTAR 10LU,0.0
OLEA FAMILYA IZGARA ZEYTIN 440 GR,10.00050002500125
OLEA S. ZEYTIN YAGLI 150 GR,0.0
OLEA S.ZEYTIN 330-360 PET 1 KG,4.545661166416655
OLEA Y.ZEYTIN 150 G CIZIK,0.0
OLEA Y.ZEYTIN 150 G SOSLU BIBERLI,0.0
OMO EXPRESS FRESH 1485ML KOTU KOKU KARSI BEYAZLAR,0.0
OMO MATIK 1.5 KG  ACTIVE FRESH RENKLILER,0.0
OMO MATIK 1.5 KG ACTIVE BEYAZ,0.0
OMO MATIK 5.5 KG COLOR,12.500312507812694
"OMO MATIK 7,5 KG AKTIF FRESH RENKLILER",0.0
ONCU DOMATES SALCASI 830 GR,2.6670222696359516
ONCU SALCA BIBER ACI 700 GR CAM,0.0
ONCU SALCA BIBER TATLI 700 GR CAM,0.0
ONEO FRESH 60 STICK SAKIZ 33 GR,0.0
ONEO KARPUZ ARO BOTTLE SAKIZ 60 GR,101.49253731343283
ONEO NANE ARO.BOTTLE SAKIZ 60 GR,101.49253731343283
ONUR UCGEN YUFKA 25 LI,0.0
ONUR YUFKA 700 GR 5 LI,0.0
ORAL-B DIS FIRCASI SIMPLE SENSITIVE 35 SOFT,0.0
ORAL-B PROF DIS MACUNU HASS. ORIGINAL 50ML,0.0
OREO BISKUVI  220 GR,8.334027835652984
ORKID GUNLUK EKO NORMAL 40 LI,0.0
ORKID PLATINUM 6 LI TEKLI GECE EXTRA,0.0
ORKID PLATINUM TEKLI NORMAL 8 LU,0.0
ORKID PLATINUM TEKLI UZUN 7 LI,0.0
ORKID ULTRA TEKLI NORMAL 8 LU,0.0
ORKID ULTRA TEKLI UZUN 8 LI,0.0
OYUNCAK KIZILDERILI KOVBOY OYUN SETI 77116SUN-,0.0
OYUNCAK SUN YFN MUTFAK GERECLERI SET 10 PRC 37004,0.0
OZGULLU DILIMLI TAZE KASAR KG,0.0
P.BAHCE 420695 NOVA MESRUBAT BARDAGI 3 LU,0.0
P.BAHCE 42451 IREM CAY BARDAGI 6 LI,0.0
P.BAHCE 42741 LINKA CAY BARDAGI 3 LU,0.0
P.BAHCE 440410 DONDURMALIK TEKLİ,100.02000400080013
P.BAHCE 530083 SAKLAMA KABI ROSE KARE 355CC,0.0
P.BAHCE 55783 LİNA KULPLU 6 LI ÇAY BARDAĞI,0.0
P.BAHCE 59033 KP.LI YUV.TENCERE 1 LT.HK.DK.,0.0
P.BAHCE 80230 METAL UCLU YAGLIK SIRKELIK 1 LT,0.0
P.BAHCE 96942 VEFA CAY TAKIMI 12 LI,0.0
P.BAHÇE 420154 NOVA MESR. BARDAGI 3 LU,0.0
P.BAHÇE 42191 ÇAY BARDAĞI 6 LI TEMPO SADE,0.0
P.BAHÇE 42461 G4U MISIS 6LI ÇAY BARDAĞI,0.0
P.BAHÇE 52056 YONCA SU BARDAGI 6LI,0.0
P.BAHÇE 52944 FLOWERS 6LI SU BARDAGI,0.0
P.BAHÇE 62511 AIDA ÇAY BARDAĞI 6 LI,0.0
P.BAHÇE 97236 PERLA SEKERLIK,0.0
PAKMAYA  INSTANT MAYA 3X10 GR,0.0
PAKMAYA  PUDING ANTEP FIST  90 GR,0.0
PAKMAYA BITTER PARCA CIKOLATA 70 GR,0.0
PAKMAYA BUGDAY NISASTASI 200 GR,0.0
PAKMAYA CIKOLATALI SOS 125 GR,0.0
PAKMAYA HAMUR KABARTMA TOZU 15LI,0.0
PAKMAYA HAMUR KABARTMA TOZU 5LI,0.0
PAKMAYA KAKAO 2*25 GR,13.657028550645567
PAKMAYA KURU MAYA 100 GR,0.0
PAKMAYA MAYA  42GX2Lİ,0.0
PAKMAYA MISIR NISASTASI 200 GR,21.46327522149185
PAKMAYA ORMAN MEYV. SOS 78 GR,0.0
PAKMAYA PIRINC UNU 200 GR,0.0
PAKMAYA PUDING CIKOTALALI 106 GR,0.0
PAKMAYA PUDING KAKAOLU 145 GR,0.0
PAKMAYA PUDRA SEKERI 200 GR,17.62352941176471
PAKMAYA SADE KREM SANTI 2X75 GR,0.0
PAKMAYA SEKERLI VANILIN 15LI,0.0
PAKMAYA SEKERLI VANILIN 5LI,0.0
PAKMAYA SUTLU PUL CIKOLATA 100 GR,0.0
PALETTE NATURAL COLORS 4-0 AMBER KAHVE,0.0
PALETTE NATURAL COLORS 8-77 TARCIN BAKIR,0.0
PALETTE SAC BOYASI 1/0 SIYAH,0.0
PALETTE SAC BOYASI 1/1 GECE MAVISI.,0.0
PALETTE SAC BOYASI 10/2 PLATIN SARISI,0.0
PALETTE SAC BOYASI 3/65 CIKOLATA KAHVE.,0.0
PALETTE SAC BOYASI 5/60 SICAK CIKOLATA.,0.0
PALETTE SAC BOYASI 5/889 SARAP KIZILI.,0.0
PALETTE SAC BOYASI 6/0 KOYU KUMRAL,0.0
PALETTE SAC BOYASI 7/1 KULLU KUMRAL.,0.0
PALETTE SAC BOYASI 7/77 YOGUN BAKIR,0.0
PALETTE SAC BOYASI 8/01 KULLU ACIK KUMRAL,0.0
PALMOLIVE 500 ML DUS JELI SO RELAXED,0.0
PALMOLIVE DUS JELI 500 ML FIRMING,0.0
PANTENE 275 ML S.KREMI KLASIK BAKIM,5.882698982293076
PANTENE 275 ML S.KREMI ONARICI BAKIM,5.882698982293076
PANTENE 275 ML S.KREMI SAC DOKULMELERINE KARSI,5.882698982293076
PANTENE 600 ML SAMPUAN ONARICI BAKIM,38.89104950275015
PAPIA HAVLU 12 LI,0.0
PAREX MEGA COMFORT SUNGER OLUKLU 2LI,0.0
PAREX MIKROFIBER CAM BEZI (MIKROFIBER HEDIYELI),-30.436105917648593
PAREX OVMA TELI 3 AL 2 ODE,0.0
PAREX QUICK TEMIZLIK SETI,0.0
PAREX STANDART ELDIVEN BUYUK BOY,0.0
PAREX STANDART ELDIVEN KUCUK BOY,0.0
PAREX SUNGER CIZMEZ OLUKLU 4LU,-29.169097424785402
PAREX SUNGER KLASIK 5 LI OLUKLU,-33.33703744860539
PAREX SUNGER KLASIK 8 LI OLUKLU,-30.002000133342232
PAREX SUNGER OLUKLU 2 LI,-33.33888981496916
PAREX TEMIZLIK BEZI 5LI (%30 MIKROFIBERLI),0.0
PAREX TREND KLASIK SUNGER 5 LI OLUKLU,-31.253906738342284
PAREX TUY TOPLAYICI EASY 60LI RULO,-30.436105917648593
PARODONTAX 50 ML D.MACUNU TAM KOR.FERAHLIK,0.0
PASTAVILLA MAKARNA 500 GR BURGU,0.0
PASTAVILLA MAKARNA 500 GR DIRSEK,0.0
PASTAVILLA MAKARNA 500 GR KALEM,0.0
PASTAVILLA MAKARNA 500 GR KELEBEK,0.0
PASTAVILLA MAKARNA 500 GR LINGUINE,0.0
PASTAVILLA MAKARNA 500 GR MANTI,0.0
PASTAVILLA MAKARNA 500 GR RIGATONI,0.0
PASTAVILLA MAKARNA 500 GR SPAGETTI,0.0
PATATES BEYBİ  KG,0.0
PATATES TAZE,0.0
PATLICAN,-69.23609508423725
PATOS 109 GR ACI SOSLU S.PLUS,0.0
PATOS 109 GR BAHARATLI S.PLUS,0.0
PATOS 109 GR ROLLS ACI S.PLUS,0.0
PATOS 167 GRBAHARATLI PARTI %20 DAHA FAZLA,0.0
PATOS CRITOS 115 GR  ACI S.PLUS,0.0
PEDIGREE 180 GR KOPEK ODUL MAMASI  DENT.,0.0
PEDIGREE 400 GR  KOPEK KONSERVE ERISKIN BIFTEKLI,0.0
PEDİGREE 400 GR YAVRU KÖPEK KONS.DANA ETLI,0.0
PENA MASKE SAKLAMA KUTUSU,0.0
PENA METAL CIRPICI,0.0
PENA URVE DIK SOYACAK UR-3120,0.0
PENA WENKEN SPIRAL PATATES DILIMLEYICI,0.0
PENTI CORAP FIT 15 DIZALTI 500,0.0
PENTI CORAP FIT 15 DIZALTI 57,0.0
PENTI CORAP FIT KULOTLU 500-2,0.0
PENTI CORAP FIT KULOTLU 500-3,0.0
PENTI CORAP FIT KULOTLU 57-2,0.0
PENTI CORAP FIT KULOTLU 57-3,0.0
PENTI CORAP SUPER KULOTLU 500-2,0.0
PENTI CORAP SUPER KULOTLU 57-2,0.0
PENTI CORAP SUPER KULOTLU 57-3,0.0
PENTI MICRO 40 DIZALTI 500,0.0
PENTI MICRO 40 DIZALTI 57,0.0
PENTI MICRO 40 KULOTLU 500-2,0.0
PENTI SUPER KULOTLU CORAP 500-3,0.0
PENTI SUPER PANTOLON 500,0.0
PENTI SUPER PANTOLON 57,0.0
PERMATIK 10 LU POSET,42.86020430030717
PERMATIK BANYO 5 LI POSET,46.67288971862915
PERMATIK POSET 5 LI,46.67288971862915
PERSIL JEL 26 YIKAMA 1690ML COLOR,0.0
PERSIL MATIK 7 KG GÜLÜN BÜYÜSÜ.,0.0
"PERWOLL SIVI DETERJAN 2,97 LT RENKLI",0.0
"PERWOLL SIVI DETERJAN 2,97 LT SIYAH",0.0
PEYMAN 120 GR KARA SIMSEK BOL TUZLU,0.0
PEYMAN 140 GR  BAHCEDEN IC CIG FINDIK,0.0
PEYMAN 140 GR  BAHCEDEN KURU KAYISI,14.285714285714285
PEYMAN 140 GR BAHCEDEN GLUTENSIZ CIG KARISIK,0.0
PEYMAN 140 GR BAHCEDEN GUNKURUSU KAYISI,10.0
PEYMAN 150 GR  KABUKLU ANTEP FISTIGI,5.88235294117647
PEYMAN 165 GR BAHCEDEN CIG KARIŞIK,0.0
PEYMAN 180 GR BAHCEDEN TUZLU LEBLEBI,0.0
PEYMAN 180 GR SOSLU KARIŞIK KURUYEMİŞ,0.0
PEYMAN ANTEP FISTIKLI BAR 27 GR,0.0
PEYMAN ASORTI MIX 140 GR,0.0
PEYMAN BAHCEDEN 130 GR TUZLU KAVRULMUS FINDIK,0.0
PEYMAN BAHCEDEN 200 GR KURU UZUM,0.0
PEYMAN BAHCEDEN CEVIZ ICI 140 GR,0.0
PEYMAN BAHCEDEN DUT KURUSU 100 GR,0.0
PEYMAN FINDIKLI BAR 30 GR,0.0
PEYMAN IC FINDIK 160 GR,0.0
PEYMAN KARA SIMSEK 120 GR,0.0
PEYMAN KIZARTILMIS YER FISTIGI 150 GR,0.0
PEYMAN KLASIK KARISIK 180 GR,0.0
PEYMAN YER FISTIKLI BAR 30 GR,0.0
PIKNIK SETI 32 PRC,0.0
PINAR  HİNDİ MANGAL SUCUK 300 GR,10.00050002500125
PINAR 50 GR AÇ BİTİR HİNDİ SALAM FISTIKLI,0.0
PINAR 60 GR  AC BITIR MACAR SALAM XL,0.0
PINAR 60 GR AC BITIR HINDI SALAM XL,0.0
PINAR 60 GR AC BITIR MACAR SALAM,0.0
PINAR 75 GR AÇ BİTİR HİNDİ SALAM,12.503125781445359
PINAR AÇ BİTİR SOSİS 180 GR,0.0
PINAR BEYAZ 180 GR,11.1123458162018
PINAR DOYUM BUFE SALAM 700 GR,0.0
PINAR DOYUM SALAM 225 GR,0.0
PINAR HINDI SOSIS 430 GR,17.648096946879228
PINAR KLASİK SUCUK 225 GR,0.0
PINAR LABNE 180GR,10.001250156269533
PINAR LABNE 400 GR,8.334027835652984
PINAR SUT DENGE LAKTOZSUZ 1 LT,-6.66755567408988
PINAR SUT KIDO CILEK 180 ML,0.0
PINAR SUT KIDO MUZLU 180 ML,0.0
PINAR SUT ORGANIK 200 ML,7.145409074669526
PINAR SUT PROTEIN 1LT,0.0
PINAR SUT PROTEIN 500ML VANILYALI,12.501562695336919
PINAR SUT PROTEIN CILEK 500 ML,12.501562695336919
PINAR SUT PROTEIN MUZ YER FIST. 500 ML,12.501562695336919
PINAR SUT T.YAGLI UHT 1000 ML,0.0
PINAR SUT TAM YAGLI 200 ML,7.145409074669526
PINAR SUZME PEYNIR 500 GR,5.882698982293076
PINAR SUZME PEYNIR Y.YAGLI 500 GR,0.0
PINAR TEREYAG 125 GR,13.637603418492592
PINAR YOGURT %1YAGLI 1200GR,8.334027835652984
PINAR YOGURT 500 GR,7.693491306354824
PINAR YOGURT LAKTOZSUZ 750 GR,11.1123458162018
PIRASA,-20.004000800160032
PORCOZ PAS VE KIREC SOKUCU 1 LT,0.0
PORTAKAL SIKMA,0.0
PRIL BULASIK SIVISI 4 KG LIMON,-28.00112004480179
PRIMA FIRSAT MIDI 3 62 LI,0.0
PRONTO AHSAP 750 ML,0.0
PURINA ONE YETISKIN KEDI MAMASI TSIGIR ETLI 800 GR,-30.233261238633457
RAID AYARLANABILIR LIKIT MAKINE + YEDEK,0.0
RAID BOCEKSAVAR MAX 300ML,0.0
RAID ELECTRO ISITI (1 ISITICI +10 MAT  BEDAVA),0.0
RAID ELECTRO LIKIT 45 GECE MAKINA SISTEM,0.0
"RAID ELECTRO LIKIT YEDEK 27,4 ML",0.0
REIS BULGUR CIGKOFTELIK 1000 GR,0.0
REIS BULGUR ESMER CIGKOFTELIK 1000 GR,0.0
REIS BULGUR KOFTELIK 1000 GR,0.0
REIS MERCIMEK KIRMIZI 1000 GR.,2.38106576503643
REIS NOHUT 1000 GR,5.555864214678593
REMOVE 24'LU SIR AGDA BANTLARI INATCI VE SIK TUYLE,0.0
REMOVE 2LI TUY DOKUCU KREM HASSAS,0.0
REMOVE 2LI TUY DOKUCU KREM NORMAL,0.0
REMOVE MEN 100 ML TUY DOKUCU KREM CLASSIC,0.0
REMOVE ROLLON SIR AGDA 100ML INATCI-SIK,0.0
REMOVE ROLLON SIR AGDA 100ML NORMAL TUY,0.0
REMOVE SIR AGDA BANT 52LI NORMAL TUY,0.0
REXONA DEO MEN 150ML CHARCOAL,-25.00125006250312
REXONA DEO MEN 150ML EXTRA COOL,-25.00125006250312
REXONA DEO MEN 150ML INVISIBLE BLACK&WHITE,0.0
REXONA DEO MEN 150ML INVISIBLE ICE FRESH,0.0
REXONA DEO WOMEN 150 ML INVISIBLE FRESH,-25.00125006250312
REXONA DEO WOMEN 150ML ALOE VERA&BAMBU,38.892490045374586
REXONA DEO WOMEN 150ML COTTON DRY,-25.00125006250312
REXONA DEO WOMEN 150ML INVISIBLE BLACK&WHITE,0.0
REXONA DEO WOMEN 150ML SEXY BOUQUET,0.0
REXONA DEO WOMEN 150ML SHOWER FRESH,-25.00125006250312
REXONA ROLL ON MEN 50ML EXTRA COOL,-25.00125006250312
REXONA ROLL ON MEN 50ML INVISIBLE BLACK&WHITE,-25.00125006250312
REXONA ROLL ON WOMEN 50ML COTTON,-25.00125006250312
REXONA ROLL ON WOMEN 50ML INVISIBLE BLACK&WHITE,0.0
REXONA ROLL ON WOMEN 50ML SHOWER FRESH,-25.00125006250312
REXONA STICK WOMEN 40ML COTTON DRY,4.166840285011875
REXONA STICK WOMEN 40ML INVISIBLE BLACK&WHITE,4.166840285011875
RUFFLES 107 GR PEYNIR SOGAN KETCAP SUPER,0.0
RUFFLES 150 GR  MAXIMUM PEYNIR SOGAN PARTI BOY,1.387591727818535
RUFFLES KETCAP PARTI 150 GR,1.387591727818535
RUFFLES MEGA 193  GR,18.51693099014146
RUFFLES ORGINAL PARTI 150 GR,1.387591727818535
RUFFLES ORIGINAL SUPER 107 GR,0.0
RUFFLES PEYNIR SOGAN SUPER 107 GR,0.0
S.FRESH 1000 GR MİLFÖY,-12.500781298831177
S.FRESH 1000 GR PATATES,0.0
S.FRESH 1000 GR PATATES ELMA DILIMLI,0.0
S.FRESH 1000 GR PATATES JUMBO,0.0
S.FRESH 1000 GR PATATES ÇITIR,0.0
S.FRESH 360 GR ÇITIR TOPLAR,18.751171948246764
S.FRESH 400 GR KAYSERİ MANTISI,-28.57346953353812
S.FRESH 450 GR BEZELYE,18.1834712246568
S.FRESH 450 GR ISPANAK DOĞRANMIŞ,0.0
S.FRESH 450 GR SOĞAN HALKA KROKET GURME,0.0
S.FRESH 500 GR RULO BÖREK PATATESLİ,-11.765397964586152
S.FRESH 500 GR RULO BÖREK PEYNİRLİ,-11.765397964586152
S.FRESH 780 GR PİZZA KİNG 4 LÜ,-6.666888896296543
S.FRESH MISIR 200 GRX3LU,0.0
S.FRESH PIZZA KING SLIMMO SUPREME 300GR,0.0
S.FRESH TON BALIGI KLASIK 75 GR*3,0.0
SAKLIKOY ORGANIK YUMURTA 10'LU,-4.545867806164197
SALAMURA VAKUMLU 400 GR,-6.6671111407427155
SALAMURA YAPRAK PET 1 KG,0.0
SALAMURA YAPRAK PET 3KG,0.0
SALAMURA YAPRAK PET 750 GR,0.0
SALATALIK,-28.575510787255315
SALINA TUZ 750 GR IYOTLU,0.0
SANA 250 GR TEREYAGI LEZZETI PAKET,14.548099654482632
SANA KLASIK PAKET MARGARIN 250GR,15.220700152207002
SANA PAKET MARG 250 GRX6 LI,12.500520855035626
SARELLE KAKAOLU FINDIK EZMESI 700  GR,-15.151974302251583
SARIMSAK ORGU,15.000750037501875
SARTEN RENKLI KAVANOZ KAPAGI METAL 10 LU,0.0
SECRET MILANO 100 ML BAYAN PARFUM GOLD,0.0
SECRET MILANO 100 ML BAYAN PARFUM LILA,0.0
SECRET MILANO 100 ML BAYAN PARFUM SANDAL,0.0
SECRET MILANO 100 ML ERKEK PARFUM BLACK,0.0
SECRET MILANO 100 ML ERKEK PARFUM BLUE,0.0
SECRET MILANO BAMBU ODA KOKUSU ISTANBUL 100 ML,0.0
SECRET MILANO BAMBU ODA KOKUSU MANGO 100 ML,0.0
SELIN KOLONYA 150ML SPREY LIMON,0.0
SELIN KOLONYA 900 ML LIMON,0.0
SELIN KOLONYA PET 200 ML,0.0
SELIN KOLONYA PET 400ML,0.0
SELPAK 3 LU ISLAK CEP MENDIL,0.0
SELPAK COLLECTION PEÇETE DESENLI 20 LI,60.024009603841556
SELPAK DEV RULO HAVLU 2 LI,0.0
SELPAK HAVLU 12 LI,0.0
SELPAK HAVLU 6 LI.,0.0
SELPAK HAVLU 8 LI,-41.178892876051535
SELPAK MENDIL 10'LU KLASIK,0.0
SELPAK PECETE 75 LI,0.0
SELPAK T.KAGIDI 32 LI,0.0
SENPILIC TAB. BAGET KG,0.0
SENPILIC TAB. BONFILE DERISIZ KG,0.0
SENPILIC TAB. KALCALI BUT KG,0.0
SENPILIC TAB. KARISIK IZGARALIK KANAT,0.0
SENSODYNE 100 ML D.MACUNU NANE,33.335555703713574
SENSODYNE 75 ML D.MACUNU BEYAZLATICI.,35.71683691692263
SENSODYNE 75 ML D.MACUNU ONARIM VE KORUMA BEYAZLAT,0.0
SENSODYNE 75 ML D.MACUNU TAM KOR.+FIRCA HED(ıNOUT),33.335555703713574
SENSODYNE 75 ML D.MACUNU TAM KORUMA BEYAZLATICI,35.00175008750438
SENSODYNE 75ML D.MACUNU DERIN TEMIZLIK,0.0
SENSODYNE 75ML D.MACUNU HASSIYET& DIS ETI BEYAZLAT,33.33464057414016
SENSODYNE 75ML D.MACUNU HIZLI RAHATLAMA BEYAZ.,32.001280051202045
SENSODYNE DIS FIRCASI COK YONLU KORUMA 1+1,33.334920710510026
SENSODYNE DIS FIRCASI HIZLI RAHATLAMA 1+1,33.334920710510026
SENSODYNE DIS FIRCASI TAM KORUMA SOFT,31.25195324707794
SERVIS PEÇETE 200 LU,0.0
SESU 100ML ROLL-ON SIR AGDA HASSAS CILT,0.0
SESU 100ML ROLL-ON SIR AGDA NORMAL SARI,0.0
SESU 250 GR EL AGDA YESIL,0.0
SESU 250GR ILIK AGDA TURUNCU,0.0
SEYIDOGLU 300 GR TAHIN BIDON,0.0
SEYIDOGLU 350 GR  CEVIZLI YAZ HELVASI,0.0
SEYIDOGLU 400 GR PEKMEZ  UZUM BIDON,0.0
SEYIDOGLU 740 GR TAHIN PEKMEZ IKILI,-9.09132233283331
SEYIDOGLU BOOL 900 GR KAKAOLU FINDIK KREMASI,0.0
SEYIDOGLU CEVIZLI YAZ HELVASI KG,-10.714668381013608
SEYIDOGLU HELVA 175 GR FISTIKLI,0.0
SEYIDOGLU HELVA 175 GR KAKAOLU,0.0
SEYIDOGLU HELVA 175 GR SADE,0.0
SEYIDOGLU HELVA BLOK SADE KG,0.0
SEYIDOGLU KARISIK MEYVELI HELVA 350GR,0.0
SEYIDOGLU PEKMEZ 400 GR DUT CAM,0.0
SEYIDOGLU PEKMEZ 400 GR UZUM CAM,33.3370374486054
SEYIDOGLU RECEL 380 GR CILEK,0.0
SEYIDOGLU RECEL 380 GR VISNE,0.0
SEYIDOGLU TAHIN BIDON 550GR,0.0
SEYIDOGLU TAHIN CAM 300 GR,25.003125390673837
SICAK TAVA BAZLAMA 250 GR,0.0
SICAK TAVA KANEPE EKMEK 200 GR,0.0
SIFALIKOY DOLMALIK BIBER 20'LI,0.0
SIFALIKOY DOLMALIK BIBER KABAK PATLICAN 20'LI,0.0
SIFALIKOY DOLMALIK PATLICAN 20'LI,0.0
SIGNAL 100ML D.MACUNU.KARSI NANE FERAHLIGI,0.0
SIGNAL 120 ML D.MACUNU  UCLU KORUMA,0.0
SIGNAL 50 ML D.MACUNU UCLU KORUMA,0.0
SIGNAL 75 ML D.MACUNU WHITE NOW ANINDA BEYAZLIK,0.0
SIGNAL 75 ML DIS MACUNU SYSTEM BEYAZLATICI,0.0
SIGNAL D.FIRCASI 1+1 NAZIK DIS ETI BAKIMI,0.0
SIGNAL D.FIRCASI 1+1 PERFORMANCE BLACK,0.0
SINBO SHD SAC DUZLESTIRICI SHD-7057,0.0
SIRIM DESENLI KOTON BAYAN CORAP,0.0
SIRIM DESENLI KOTON ERKEK CORAP,14.257142857142863
SIRIM ERKEK CORABI 3LU,0.0
SIRIM PELUS BAYAN BABET,0.0
SIRIM PENYE ERKEK PATIK CORAP,16.669444907484568
SITIL SUNGER PREMIUM EVALI,0.0
SIYAH ZEYTIN 201-230 KB  KG,12.121579441801266
SIYAH ZEYTIN 260-290 KB,-10.000333344444815
SIYAH ZEYTIN 320-350 KB,25.001562597662353
SIYAH ZEYTIN OZEL KG 180-230 KB,0.0
SLEEPY 90 LI SENSITIVE ISLAK HAVLU,0.0
SLEEPY YUZEY TEMIZLEYICI 100 LU ISLAK MENDIL,9.489743776918022
SNICKERS BAR 50 GR,0.0
SOKE UN 1KG,0.0
SOLEN 100 GR BISCOLATA PIA FRAMBUAZLI KEK,0.0
SOLEN 34 GR BISCOLATA STIX P.PATLAKLI,0.0
SOLEN 36 GR BISCOLATA STIX H.CEVIZLI,0.0
SOLEN 40GR BOOMBASTIC CIKO.KEK BAR,0.0
SOLEN 8 LI LUPPO 184 GR SANDWICH KEK KAKAOLU,8.334722453742279
SOLEN BISCOLATA MOOD 125 GR,0.0
SOLEN NUTYMAX A.FISTIKLI 44 GR,0.0
SOLEN NUTYMAX FINDIKLI 44 GR,0.0
SOLEN OCTAVIA DOKME KG,0.0
SOLEN OZMO 25 GR CORNET CILEKLI,0.0
SOLEN OZMO CORNET 25 GR,0.0
SOLEN OZMO FUN SEKILLI 23 GR,0.0
SOLEN OZMO GO TASIT 30 GR,0.0
SOLEN OZMO HOPPO 40 GR,0.0
SOLEN OZMO HOPPO 90GR,0.0
SOLEN OZMO MINI EGGS 154 GR,0.0
SOLEN OZMO OGOPOGO 30 GR,0.0
SOLEN OZMO POPSY 24 GR,0.0
SOLEN OZMO TUP 35 GR,0.0
SOLEN OZMO YUMURTA ÇIK 20 GR,0.0
SOLEN VENI CIKOLATALI I 110 GR,0.0
SOLEN VENI FINDIKLI 110 GR,0.0
SOLO DEV RULO HAVLU,0.0
SOLO HAVLU 16 LI BAMBU,0.0
SOLO HAVLU 6 LI ULTRA,0.0
SOLO PEÇETE 100 LU,0.0
SOLO PEÇETE 200 LU,0.0
SOLO T.KAGIDI 16 LI,0.0
SOLO T.KAGIDI 40 LI BAMBU,26.92411246586407
SOĞAN ARPACIK 500 GR,0.0
SOĞAN KURU,-6.2539086929330825
SOĞAN TAZE,0.0
STARBUCKS 22 GR CAPPUCINNO.,0.0
STEPY 4LU MICROFIBER BEZ MULTI COLOR,0.0
STEPY MAGIC SUPER SUNGER 3LU,0.0
STEPY MIKROFIBER CAM BEZI 2LI,0.0
STEPY SUNGERI OLUKLU 5 LI,0.0
SUTAS AYRAN 1 LT,16.666666666666664
SUTAS AYRAN 170 ML 10 LU PAKET,15.115115115115108
SUTAS AYRAN 2 LT,-8.582857142857149
SUTAS AYRAN 200 ML,14.295925661186562
SUTAS AYRAN 300 ML,15.007503751875939
SUTAS AYRAN GENC SISE 250 ML,21.063717746182203
SUTAS BEYAZ PEYNIR 250 GR,0.0
SUTAS BEYAZ PEYNIR 500 GR,0.0
SUTAS BEYAZ PEYNIR 500 GR LIGHT,0.0
SUTAS BUYUMIX 6*40GR SUTLU-BISKUVI,0.0
SUTAS HUPTRIK CILEKLI KREMALI 3*40GR,0.0
SUTAS KAF KEFIR 1LT CILEK,0.0
SUTAS KAF KEFIR 1LT LAKTOZSUZ,0.0
SUTAS KAF KEFIR 1LT ORMAN MEYVELI,0.0
SUTAS KAF KEFIR ORMAN MEYVELI 250ML,5.26454330086865
SUTAS KASAR PEYNIR DILIMLI 150 GR 8LI,0.0
SUTAS KAYMAK 180 GR,15.384615384615385
SUTAS KREM PEYNIR 300 GR,0.0
SUTAS KREMA  200 ML %18 YAGLI YEMEKLIK,0.0
SUTAS KREMA 200 ML,10.668089078543806
SUTAS LABNE 200 GR,0.0
SUTAS LABNE 3*180GR,10.526869835254486
SUTAS LABNE 400 GR,5.926364915919698
SUTAS MINIMIX 85GR ORMAN MEYVELI,0.0
SUTAS PEYNIR 200GR CECIL,0.0
SUTAS PEYNIR 200GR DIL,0.0
SUTAS PEYNIR 200GR ORGU,0.0
SUTAS PUDING MUZLU 200GR,0.0
"SUTAS SUT %2,5 YAGLI 500 ML",8.110300081103
SUTAS SUT 6X180 ML CIKOLATALI,2.4099289070972407
SUTAS SUT LAKSOZSUZ 1000 ML,0.0
SUTAS SUT LIGHT 1 LT,10.001666944490736
SUTAS SUT T.YAGLI 1000 ML,5.263850506645611
SUTAS SUT UHT 6*180 ML,-5.5561729081009
SUTAS SUT YAGLI UHT 1000 ML,8.334722453742279
SUTAS SUZME BEYAZ PEYNIR 250 GR,0.0
SUTAS TATLIM TATLIM 4*65 GR CIKO-CILEK,0.0
SUTAS TATLIMMM TATLIM CIKO-SUT 4*65 GR,0.0
SUTAS TAZE  KASAR 225 GR,0.0
SUTAS TAZE KASAR 400 GR,0.0
SUTAS TAZE KASAR 600 GR,-3.2293906810035806
SUTAS TAZE KASAR BLOK KG,0.0
SUTAS TEREYAG 225 GR YAYIK,0.0
SUTAS TEREYAGI 750GR,14.545719013072963
SUTAS TOST PEYNIR 350GR DILIMLI,-10.526869835254486
SUTAS TOST PEYNIR DILIMLI 60 GR,0.0
"SUTAS UCGEN PEYNIR 8*12,5GR",0.0
SUTAS YOGURT 1000 GR KAYMAKSIZ,12.501562695336919
SUTAS YOGURT 3 KG YARIM YAGLI KOVA,0.0
SUTAS YOGURT 600 GR KAYMAKSIZ,0.0
SUTAS YOGURT 850 GR KAYMAKLI,0.0
SUTAS YOGURT SUZME DAHA YOGUN 900GR,0.0
SİVRİ BİBER,-56.524196704204535
T.OGLU 300 GR KAHVALTILIK LOR PEY.,0.0
T.OGLU 350GR EZINE KLASIK. PEYNIR,0.0
T.OGLU 350GR EZINE KOYUN PEYNIR,0.0
T.OGLU DILIM EZINE 450GR KECI PEYNIRI,0.0
T.OGLU DILIM EZINE 450GR KLASIK BEYAZ PEYNIR,0.0
T.OGLU DILIM EZINE 450GR KOYUN PEYNIRI,0.0
T.OGLU PEYNIR CECIL 250 GR,0.0
T.OGLU PEYNIR DIL 250 GR,0.0
TADELLE 30 GR FINDIK DOL.SUTLU CIK,0.0
TADELLE 30 GR MAXINUT GOFRETIİ FINDIKLI GRANUL BAR,0.0
TADELLE 35 GR BEYAZ ÇİKOLATA KAPLAMALI SÜTLÜ KREMA,0.0
TADELLE 35 GR ÇIKOLATALI GOFRET,0.0
TADELLE 52 GR FINDIK DOL.SUTLU CIK KING SIZE,25.025005001000196
TADIBU 330 GR KAKAOLU FINDIK KREMASI,0.0
TADIM  180 GR AYCEKIRDEK SIYAH BOL TUZLU,3.7037037037037033
TADIM 135 GR BADEM ICI KAV.,0.0
TADIM 180 GR AYCEKIRDEGI SIYAH,3.7037037037037033
TADIM 180 GR KLASIK TUZSUZ YER FISTIGI,0.0
TADIM 180 GR SARI LEBLEBI CİFTE KAV.,0.0
TADIM ANTEP FISTIKLI BAR 30 GR,0.0
TADIM CEVIZ ICI 150 GR,0.0
TADIM FINDIKLI BAR 30 GR,0.0
TADIM KABAK CEKIRDEGI 180 GR,0.0
TADIM KABUKLU YER FISTIĞI 250GR,0.0
TADIM KARISIK FESTIVAL 180 GR,0.0
TADIM KARNAVAL 122 GR,0.0
TADIM SPORTIF BAR 30 GR,0.0
TADIM YER FISTIGI 180 GR TUZLU,0.0
TADIM YER FISTIKLI BAR 30 GR,0.0
TAFT 250ML SAC SPREYI KERATIN,0.0
TAHA BADEM SEKERI 150 GR,0.0
TAHA DRAJE UZUM 150GR,0.0
TAHSILDAROGLU KLASIK BEYAZ PEYNIR KG,0.0
TAMEK BEZELYE 670 GR CAM,0.0
TAMEK DOMATES SALCASI 700 GR CAM,0.0
TAMEK GARNITUR 550 GR CAM,1.26598303582732
TAMEK KAHVALTI SOSU 300 GR ACI,0.0
TAMEK KAHVALTI SOSU 300 GR NORMAL,0.0
TAMEK KONSERVE MISIR 3X210 GR,0.0
TAMEK SALCA DOMATES 360 GR CAM,0.0
TAMEK SALCA DOMATES 830 GR TNK,-20.002667022269627
TARIS Z.YAGI NAT. SIZMA 750 ML CAM (1915 SERISI),4.651270959789763
TAT BEZELYE 680 GR CAM,0.0
TAT BEZELYE 830GR TNK,0.0
TAT CEVIZLI EZME 300 GR,22.2246916324036
TAT DOMATES PURE 200ML PKT,0.0
TAT DOMATES SALCASI 830 GR,14.287755393627663
TAT GARNITUR 550 GR CAM,0.0
TAT HASLANMIS BARBUNYA 800 GR TNK,-11.1123458162018
TAT HASLANMIS FASULYE 800 GR TNK,-11.1123458162018
TAT HASLANMIS NOHUT 800 GR TNK,-11.1123458162018
TAT KETCAP 650 GR+MAYONEZ 560 GR,0.0
TAT KOZLENMIS PATLICAN 520 GR CAM,0.0
TAT MISIR 3'LU 210 GR TNK,-16.668055671305943
TAT PATLICAN SALATASI 520 GR  CAM,-28.57346953353812
TAT SALCA BIBER ACI CAM 550 GR,0.0
TAT TURSU BIBERIYE 330 GR CAM,0.0
TAT TURSU KORNISON 350 GR CAM,0.0
TAT TURSU KORNISON 680 GR CAM,0.0
"TEKSUT 200GR UC YORESEL PEYNIR (CUBUK,CECIL,ORGU)",31.821074643149394
TEKSUT CECIL PEYNIRI 200 GR,9.091735612328394
TEKSUT HELLIM PEYNIRI 250 GR,6.250390649415588
TEKSUT KREM PEYNIR 270 GR,11.1123458162018
TEKSUT LOR PEYNIR 500 GR,16.669444907484568
TEKSUT MISKET PEYNIR 200 GR,8.000640051204108
TEKSUT SUT 200 ML YARIM YAGLI UHT,11.771630370806358
TEKSUT SUT T.YAGLI 1 LT,0.0
TEKSUT TAZE KASAR PEYNIRI 400 GR,4.76213153007286
TEKSUT TEREYAG 700 GR RULO,14.583637159107482
TEKSUT TOST PEYNIR KG,0.0
TELLIOGLU UN 5 KG,0.0
TENO PEÇETE 100 LU,0.0
TEREM MARGARIN 250 GR KASE,16.925680873980614
TEREM MARGARIN 250 GR PAKET,9.092562284051645
TEREM MARGARIN 250GRX3 LU,0.0
TEX 250 ML BULASIK MAK.TEMIZLEYICI,0.0
TEX 750 ML SIVI KREM Ç.SUYU ETKİLİ,0.0
TEX 750ML SIVI KREM AMONYAKLI,0.0
TEX ASPIRIX 750 ML KIRMIZI,0.0
TEX SIVI ARAP SABUNU 1000 GR,0.0
TEX TUZ RUHU 550 GR,0.0
TIKVESLI 200 ML AZ YAGLI UHT KREMA,-17.24435247456458
TIPITIP 27 GR,6.062443164595332
TITIZ DONDURMA KABI FUNNY LIP 9198,0.0
TITIZ KOKTEYL YOGURT KABI,0.0
TITIZ PIPETLI BARDAK 400 ML 9127,0.0
TORKU AV.PAKET MACAR SALAM 4X60GR,-12.500781298831177
TORKU BANADA 400 GR,0.0
TORKU BANADA CAM  700 GR,0.0
TORKU BEYAZ PEYNIR 900 GR,0.0
TORKU SUCUK 180 GR ISIL İŞL.GÖRMÜŞ VAK,0.0
TORKU SUT T.YAGLI 1000 ML,0.0
TORKU SUT Y.YAGLI 1000 ML,0.0
TORKU SUZME PEYNIR 450 GR,0.0
TORKU TEREYAG 750 GR,0.0
TORKU TOST KASAR 400 GR,0.0
TORKU TOST PEYNIRI 600 GR,0.0
TORKU YOGURT 900 GR.HOM.TAM YAG.,0.0
TOYBOX 4 DILIM SURPRIZ OYUNCAK ERKEK 94 GR,0.0
TOYBOX 4 DILIM SURPRIZ OYUNCAK KIZ 94 GR,0.0
TOYBOX BIG EGG 94 GR,0.0
TOYBOX CORNET 25 GR,0.0
TOYBOX LOLIPOP MIX 11 GR,10.89494163424125
TOYBOX MAX 20 GR YUMURTA KIZ&ERKEK,0.0
TOYBOX METRE SAKIZ 25 GR,11.172873818788226
TOYBOX OYUNCAKLI SAKIZ 5 GR,11.172873818788226
TOYBOX SNACK STICK 56 GR,0.0
TRABZON 300 GR TARIM FINDIK EZMESI,-20.00080003200128
TRABZON 300 GR TARIM FISTIK EZMESI,0.0
TUKAS KOZLENMIS BIBER 680 GR,0.0
TUKAS MISIR 3X220 GR,0.0
TUKAS SALCA DOMATES 830 GR TNK,0.0
TURP KURABİYE KG,0.0
TURSIL JEL 33 YIKAMA 2145 ML KIR ÇİÇELERİ,0.0
TWIX BAR 50 GR,0.0
ULK KREMALI BISKUVI CILEKLI  61 GR,15.384615384615385
ULKER  200 GR DANKEK CAY SAATI MOZAIK,-9.109090909090906
ULKER  3*84 GR IKRAM KREMALI FINDIKLI,0.0
ULKER  350 GR ECE FINDIKLI CIK.POSET,0.0
ULKER  40 GR  ALTINBASAK COREKOTLU KINOALI,-11.185185185185183
ULKER  BONBON NANELI 36 GR,100.0
ULKER  COCOSTAR 4 LU 100 GR,0.0
ULKER 100 GR SAKLIKOY SUTLU BISKUVI,0.0
ULKER 125 GR ALTINBASAK GRISSINI KEP.,8.333333333333332
ULKER 150 GR HANIMELLER COKODAMLA POSET,-12.524999999999995
ULKER 160GR DANKEK LOK.HAVUC TARCIN,10.0
ULKER 162 GR DANKEK DONUT MARSHMALLOW KEK,0.0
ULKER 180 GR DANKEK TART KEK CILEK,0.0
ULKER 200 GR DANKEK CAY SAATI MEYVELI,-9.109090909090906
ULKER 220 GR DELUXE GOFRET  FINDIKLI,4.761904761904762
ULKER 220 GR DELUXE GOFRET VANILYALI,4.761904761904762
ULKER 235  GR DANKEK RULO PASTA CIKO.,0.0
ULKER 24 GR  BEYAZ CIKOLATALI GOFRET,0.0
ULKER 264 GR  SAKLIKOY SUTLU BISKUVI,0.0
ULKER 28 GR ALPELLA 3GEN BEYAZ GOFRET,0.0
ULKER 36 GR CIKOLATALI GOFRET,0.0
ULKER 39 GR 9 KAT TAT FINDIKLI GOFRET,12.5
ULKER 40 GR KEKSTRA JOLEBOL CILEKLI,0.0
ULKER 40 GR KEKSTRA JOLEBOL PORTAKALLI,0.0
ULKER 450 GR PETIBOR CIFTE KAVRULMUS,0.0
ULKER 55 GR DANKEK 8 KEK CIKO.CILEKLI,0.0
ULKER 55 GR DANKEK 8 KEK CIKO.MUZLU,0.0
ULKER 65 GR MAGMA CIKOLATALI KEK,0.0
ULKER 70 GR BEYAZ TABLET CIKOLATA,0.0
ULKER 8 KEK ORMAN MEYVELI 55 GR,0.0
ULKER 81 GR HANIMELLER MAHLEPLI TUZLU KURABIYE,0.0
ULKER 82 GR CIK.GOF.MINI COKLU PAK.,0.0
ULKER 82 GR HANIMELLER FINDIKLI RULO,0.0
ULKER 84 GR IKRAM PRALINLI FINDIKLI,0.0
ULKER 9 KAT KAT FINDIKLI 114 GR,42.90818149339051
ULKER 9 KAT KAT INCE CILEKLI 114 GR,42.90818149339051
ULKER ALBENI  KURABIYEM 170 GR,0.0
ULKER ALBENI 40 GR,0.0
ULKER ALBENI 52 GR,23.749341758820442
ULKER ALBENI ATISTIRMALIK 72 GR,0.0
ULKER ALTINBASAK COREKOT&KINOA LABNE SANDVIC 60 GR,0.0
ULKER ALTINBASAK COREKOTLU 5*40  GR,-6.9922480620155
ULKER ALTINBASAK YULAFLI 46 GR,0.0
ULKER ALTINBASAK YULAFLI 5 LI 230 GR,0.0
ULKER BATON CIK.FISTIKLIM 30 GR,0.0
ULKER BATON CIK.SUTLU 30 GR,0.0
ULKER BEBE BISKUVI 172 GR,12.5
ULKER BEBE BISKUVI 400GR POSET,7.878787878787878
ULKER BEBE BISKUVI 800 GR,4.175347945662143
ULKER BISKREM EXTRA KAK.184 GR.,0.0
ULKER BISKREM KAKAOLU 100 GR,0.0
ULKER BISKREM RULO 150GR,-16.694444444444446
ULKER BUKLET MADLEN 208 GR,0.0
ULKER CIK.%60 BITTER KARE 60 GR,0.0
ULKER CIK.CARAMIO 32 GR,0.0
"ULKER CIK.DIDO GOFRET 55,5 GR",0.0
"ULKER CIK.DIDO TRİO BEYAZ 36,5 GR",0.0
ULKER CIK.FINDIKLI KARE 60 GR,0.0
ULKER CIK.GOFRET BITTER 36 GR,0.0
ULKER CIK.HOBBY 25 GR,0.0
ULKER CIK.KARE A.FISTIKLI 65 GR,1.26598303582732
ULKER CIK.KARE CARAMIO 55 GR,0.0
ULKER CIK.LAVIVA 35 GR,0.0
ULKER CIK.SUTLU KARE 60 GR,0.0
ULKER CIK.TABLET BITTER 70 GR,0.0
ULKER CIK.TABLET SUTLU 70 GR,0.0
ULKER CIZI CITIR 40 GR PEYNIR SOGAN KRAKER,0.0
ULKER CIZI CITIR 40 GR TULUM PEYN KOZ BIBER KRAKER,0.0
ULKER CIZI KRAKER 4*70 GR,16.690977286934775
ULKER CIZIVIC 3 LU 246 GR,0.0
ULKER CIZIVIC SANDIVIC 82 GR,0.0
ULKER COCOSTAR 25 GR,0.0
ULKER COCOSTAR ATIŞTIRMALIK 66 GR,0.0
ULKER COKOKREM 180 GR,0.0
ULKER COKOKREM 400 GR,0.0
ULKER COKOMEL MARSHMALLOW SADE 36 GR,0.0
ULKER COKOMILK 24 GR,0.0
ULKER COKONAT 3*33 GR,0.0
ULKER COKONAT 33 GR,0.0
ULKER COKOPRENS 30 GR,0.0
ULKER COKOPRENS 300 GR 10 LU,14.566284779050731
ULKER COKOPRENS 81 GR,0.0
ULKER CUBUK KRAKER 80 GR,21.73913043478261
ULKER DAMLA CIKOLATA 120 GR,16.6763896991416
ULKER DANKEK LOK.HIND.CEV.160 GR,0.0
ULKER DANKEK LOK.UZUMLU 160 GR,0.0
ULKER DANKEK MUZLU RULO 235 GR,0.0
ULKER DANKEK POTI HIND.CEV.35 GR,0.0
ULKER DANKEK POTI KAKAOLU 35 GR,0.0
ULKER DIDO GOFRET 35 GR,0.0
ULKER DOKME SEKER KG,0.0
ULKER DORE BISK.SADE 86 GR,0.0
"ULKER FINDIK RUYASI 40,5 GR",0.0
ULKER GOFRET 9 KAT KAT MUZLU 39 GR,12.5
ULKER HALLEY 30 GR,0.0
ULKER HALLEY 8 LI 240 GR,-14.287755393627652
ULKER HALLEY KARADUT 7 LI 236 GR,-14.287755393627652
ULKER HANIMELLER ASORTI 150 GR,-12.524999999999995
ULKER HANIMELLER COKODAMLA 82 GR,0.0
ULKER HANIMELLER TUZLU KARMA 150 GR,-12.524999999999995
ULKER HAYLAYF BISKUVI 64 GR,0.0
ULKER IKRAM CIKOLATALI 84 GR,0.0
ULKER IKRAM KREMALI 3*84 GR,0.0
ULKER KAT KAT FINDIK 25 GR,0.0
ULKER KRAKER CUBUK SUSAMLI 45 GR,4.3478260869565215
ULKER KRAKER SUSAMLI CUBUK 70 GR,6.0606060606060606
ULKER KRAKER ÇUBUK 40 GR,25.0
ULKER KREMALI BISKUVI 244 GR,15.306122448979592
ULKER KREMALI BISKUVI 61 GR,15.384615384615385
ULKER KREMALI BISKUVI 8 LI,6.66755567408988
ULKER KREMALI BISKUVILI  MUZLU 61 GR,15.384615384615385
ULKER KREMINI TOFFEE CILEK 44 GR,100.0
ULKER KREMINI TOFFEE KARPUZ 44 GR,100.0
ULKER KRISPI CUBUK KRAKER ACILI 43 GR,0.0
ULKER KRISPI CUBUK KRAKER BAHARATLI 43 GR,0.0
ULKER KRISPI CUBUK KRAKER PEYNIRLI 43 GR,0.0
ULKER METRO 36 GR,0.0
ULKER METRO 4*36,0.0
ULKER MINI HALLEY KARADUT 74 GR,0.0
ULKER NAPOLITEN 33 GR,-11.13333333333333
ULKER OLALA SUFLE KEK 70 GR,0.0
ULKER PETIBOR 800 GR,11.1123458162018
ULKER PETIBOR CIFTE KAV.175 GR,0.0
ULKER PETIBOR KAKAOLU 175GR,0.0
ULKER PETIT BEURRE 175GR,0.0
ULKER PETIT BEURRE 450 GR,0.0
ULKER PIKO PORT.BAR 18 GR,0.0
ULKER PROBIS 10 LU 280 GR,0.0
ULKER PROBIS BISKUVI 75 GR,8.695652173913043
ULKER PUL CIK.%54 BITTER 100 GR,16.6763896991416
ULKER PUL CIK.BEYAZ 100 GR,16.6763896991416
ULKER PUL CIKOLATA 100 GR,16.6763896991416
ULKER RULO KAT FINDIKLI 170 GR,7.142857142857142
ULKER RULOKAT FINDIKLI 42 GR,8.108108108108109
ULKER SAKLIKOY 100 GR  FRAMBUAZLI CHEESECAKE BISK.,0.0
ULKER SAKLIKOY CIK.KAK.BIS.87 GR,0.0
ULKER SAKLIKOY SUTLU CIKO.100 GR,0.0
ULKER SUTLU CIKOLATIN KG,0.0
ULKER TOZ KAKAO 25 GR,0.0
ULKER TOZ KAKAO 50 GR,20.02400480096019
ULKER YUPO AYICIK 80 GR,97.43589743589743
ULKER YUPO MEYVE BAHCESI 80 GR,97.43589743589743
UNAL ANADOLU ESKI KASAR 250 GR,-15.79030475288173
UNAL CECIL PEYNIRI 250 GR,0.0
UNAL ESKI KASAR KG,0.0
UNAL KLASIK BEYAZ PEYNIR 4 DILIM 450GR,0.0
UNAL KLASIK BEYAZ PEYNIR 500 GR,0.0
UNAL TAZE KASAR 250 GR,0.0
UNI BABY 90'LI AKTIF SENSITIVE,0.0
UNI BABY AILE ISLAK HAVLU 90 LI,0.0
UNI BABY CAMASIR DETERJANI 1500 ML,0.0
UNI BABY CAMASIR YUMUSATICI 1500 ML,0.0
UNI BABY SAMPUAN 900 ML,0.0
UNI ISLAK HAVLU  3X52 LI AILE,0.0
UNO GELENEKSEL LAVAS 15 CM 250 GR,0.0
UNO GELENEKSEL LAVAŞ 25 CM 390 GR,0.0
UNO GRİSSUNO KEPEKLİ 150 GR,10.001000100010002
UNO GİRİSSUNO 150 GR TAM BUG. DENGE VE CİYA TOH,10.001000100010002
UNO PREM. DENG TAM BUG&CIYA TOHUM 350 GR,11.1123458162018
UNO TAM BUĞDAY EKMEK 450 GR FIRINDAN,0.0
UNO TAM BUĞDAY TAVA 450 GR,0.0
UNO TAM CAVDAR EKMEGI 450GR  FIRINDAN,5.26371196968102
UNO TOST EKMEGI 550 GR BYK,6.66755567408988
UNTAD YORESEL TAM BUDAYLı LAVAS 25 CM,0.0
UNTAD YORESEL TANDIR LAVAŞ 6 ADET 276 GR,0.0
UNTAD YORESEL TORTILLA LAVAS 25 CM 560 GR,7.692899453804138
VANISH 1000ML  KOSLA SIVI GOLD BEYAZ,0.0
VANISH 1000ML KOSLA SIVI GOLD PEMBE,-25.00073531574458
VANISH 450 GR+500GR TUL SISTEM TOZ  PARLATICI,0.0
VANISH MULTIPOWER TOZ  400 GR,-25.715020429155118
VEET AGDA BANDI NORMAL 12+8'LI,0.0
VEET MEN IN-SHOWER DUSTA 150 ML,0.0
VEET MEN KREM 200 ML HASSA CILT,0.0
VEET MEN KREM 200 ML KURU CILT,0.0
VEET PROFESSIONAL YUZ AGDA BANDI 20LI NORMAL,0.0
VEET TUY DOKUCU KREM 200ML HASSAS,0.0
VEET TUY DOKUCU KREM 200ML NORMAL,0.0
VERNEL MAX 1440 ML SENSITIVE,-14.286734766769063
VERNEL MAX 1440 ML TAZE GUL,-14.286734766769063
VERNEL MAX 1440 ML TAZE LALE,-14.286734766769063
VILEDA CIZMEZ COLORS SUNGER 4 LU,-25.00208350695892
VILEDA ELDIVEN STANDART BÜYÜK,-26.668444562970873
VILEDA PARLAK KONFOR SUNGER OLUKLU 2LI,-25.00178584184585
VILEDA SUNGER ULTRA PARLAK,-25.00416736122687
VILEDA YEDEK PASPAS 2LI EKO,-27.587158177868204
VILEDA ÇELIK TEL INOX 2+1,-25.001388966053668
"VIVIDENT 37,5 MENTOS MEYVELI STICK",0.0
VIVIDENT CUZDAN EKSTRA 26  GR,0.0
VIVIDENT STORMING 45 DAKIKA 33 GR,0.0
VIVIDENT STORMING KARPUZ 33 GR,0.0
VIVIDENT STORMING NANE 33 GR,0.0
WASA ORIGINAL SADE 275 GR,0.0
WEE BABY  837 SEFFAF DESENLI DAMAKLI EMZIK NO:2,0.0
WEE BABY 122  MAMA KASIGI 2 'LI.,0.0
WEE BABY 753 AKITMAZ KLP PP BARDAK 125 ML (ANTIKOL,0.0
WEE BABY 754 AKITMAZ KLP  PP BARDAK 250 ML ANTIKOL,0.0
WEFOOD GLUTENSIZ KARABUGDAY PATLAGI 100 GR,0.0
WELLNAX  KOKU DOLAP VE CEKMECE CESITLERI,0.0
WHISKAS DREAMIES KEDI 60 GR ODUL MAMASI TAVUKLU,0.0
WHISKAS DREAMIES KEDI ODUL MAMASI SOMONLU 60GR,0.0
WHISKAS KEDI GUVEC 85 GR SIGIR ETLI,0.0
WHISKAS KEDI GUVEC TAVUK ETLI 85 GR,0.0
WHISKAS KEDI KONS. 400 GR ERISKIN TAVUKLU,0.0
WHISKAS KEDI KONS.400 GR ERISKIN TONLU,0.0
WHISKAS KEDI KONS.400GR  ERISKIN BIFTEKLI,0.0
"WHISKAS KEDI KURU MAMA 1,4 KG  TON - SEBZE",0.0
"WHISKAS KEDI KURU MAMA 1,4 KG TAVUK - SEBZE",0.0
WHISKAS KEDI KURU MAMA 300 G ERISKIN TON VE SEBZE,0.0
WHISKAS KEDI KURU MAMA 300 GR ERISKIN BİFTEKHAVU,0.0
WHISKAS KEDI POUCH  BIFTEKLI 85 GR,0.0
WHISKAS KEDI POUCH SOMON BALIKLI 85 GR,0.0
WHISKAS KEDI YAVRU 300 GR KURU MAMA  TAVUKLU,0.0
WHISKAS KEDI YAVRU POUCH ET ÇEŞT. 4 LU (4X85GR),0.0
WHISKAS KEDI YAVRU POUCH TAVUKLU 85 GR,0.0
WHISKAS POUCH TAVUK 85 GR,0.0
WHISKAS POUCH TON BALIKLI 85 GR,0.0
YABAN MERSİNİ,0.0
YAGIZER AHSAP SET CESITLERI,-50.02501250625312
YAGMUR B.PEYNIR 450GR 3 DILIM,0.0
YAYLA BULGUR NOHUTLU 250 GR,0.0
YAYLA DOMATES CORBASI 250 GR,0.0
YAYLA KINOALI BULGUR PILAVI 250 GR,0.0
YAYLA MERCIMEK CORBASI 250 GR,0.0
YAYLA NAPOLITEN SOSLU MAKARNA 250 GR,0.0
YAYLA PILAKI BARBUNYA 400 GR,0.0
YAYLA SIYEZLI BULGUR 250 GR,0.0
YESIL ZEYTIN AYVALIK TAS KIRMA 320 350,-13.044045393277967
YESIL ZEYTIN BIBERLI KG 140-160 KLB.,0.0
YESIL ZEYTIN CIZIK KG 230-260 KB,0.0
YESIL ZEYTIN GRILL KG,5.714448984256693
YESIL ZEYTIN KIRMA KG 110-140 KB,3.703840882995666
YORE YESIL ZEYTIN BIBERLI 400GR,0.0
YORE YESIL ZEYTIN CIZIK SOFRALIK 400 GR,0.0
YUDUM AYCICEK YAGI 1 LT,3.0304866961634036
YUDUM AYCICEK YAGI 5 LT PET,8.000160003200065
YUMOS 450 ML COMFORT SPREY LILYUM,-26.317174588136215
YUMOS 450 ML COMFORT SPREY ORKIDE,-26.317174588136215
YUMOS EXTRA 1440 ML AMBER,0.0
YUMOS EXTRA 1440  ML LILYUM LOTUS,0.0
YUMOS EXTRA 1440 ML Y.ORKİDE YASEMİN,0.0
YUMOS EXTRA YABANI ORKIDE YAS.1008ML,0.0
YUVA KURU MAYA 100 GR,27.772020725388614
YUVA YAŞ MAYA 2X42 GR,24.06896551724137
YUVA İNSTANT MAYA 3X11 GR,0.0
YUVAM HASLANMIS FASULYE 800 GR,0.0
YUVAM HASLANMIS NOHUT 800 GR,7.693491306354824
ZARIF CELIK CEZVE NO:4,0.0
ZUBER 40 GR YER FISTIKLI CIKOLATALI,0.0
ZUBER CILEKLI CIKO.40 GR,0.0
ZUBER FINDIKLI KAKAOLU 40 GR,0.0
ZUBER KAKAOLU FINDIK KREMASI 315 GR,0.0
ZUHRE ANA KARADUT OZU 670 GR,0.0
ÇARLİSTON BİBER,-56.524196704204535
ÇAĞLA,0.0
ÇENGELKÖY BADEM,0.0
