0,Daily Inflation(%)
1 Tb 990 Evo Plus Samsung Nvme M.2 Mz-v9s1t0bw P,0.0
1 Tb 990 Pro Samsung Nvme M.2 Mz-v9p1t0bw Pcie 7,0.0
1 Tb Bory Sata3 R500-c1t Ssd 550/510 Mbs (3 Yil,0.0
10 Tb Seagate 3.5 Exos Sata 7200rpm 256mb St1000,0.0
10 Tb Seagate 3.5 Skyhawk Ai Sata 7200rpm 256mb,0.0
12 Tb Seagate 3.5 Ironwolf Sata3 7200rpm 256mb S,0.0
128 Gb Bory Sata3 R500-c128g Ssd 550/510 Mbs (3,0.0
2 Tb 990 Evo Plus Samsung Nvme M.2 Mz-v9s2t0bw P,0.0
2 Tb Seagate 3.5 Ironwolf Sata3 5400rpm 256mb St,0.0
2 Tb Wd 3.5 Purple Sata3 5400rpm 64mb 7/24 Guven,0.0
240 Gb Kingston A400 Sata3 2.5 500/350mbs Sa400s,0.0
27 Cube Pa-27v165f Va 1ms 165hz 2xhdmi 2xdp 2k Q,0.0
27 Cube Pa-27v240f05-2k Va 0.5ms 240hz 2xhdmi 2x,0.0
4 Tb Seagate 3.5 Skyhawk Sata 5400rpm 256mb 7/24,0.0
8 Tb Seagate 3.5 Skyhawk Ai Sata 7200rpm 256mb 7,0.0
8 Tb Wd 3.5 Purple Sata3 5640rpm 256mb 7/24 Guve,0.0
A4 TECH F1010 Q Türkçe USB Multimedya Gri 1600dp,0.0
A4 TECH FG10 Nano Alıcılı Kablosuz 2000dpi Gri M,0.0
A4 TECH FG1010 Q Türkçe Kablosuz Gri 2000dpi Kla,0.0
A4 TECH KR-9276 Q Türkçe USB Standart Siyah Klav,0.0
A4 TECH OP-620D USB Siyah Mouse,0.0
AMD Ryzen 5 5500 6C 3.6GHz ~ 4.2GHz 19mb AM4 İşl,0.0
AMD Ryzen 5 8400F (6 Çekirdek) Up to 4.7 GHz 16m,0.0
AMD Ryzen 7 7800X3D 104mb AM5 İşlemci,0.0
ARGOX IX4-240/250 Termal Kafa,0.0
ARGOX IX4-250 Thermal + Thermal Transfer Seri +,0.0
ASUS PRIME A520M-R A520 DDR4 (Vga Yok) GLan mATX,0.0
ASUS PRIME A620M-K A620 DDR5 Vga GLan mATX HDMI,0.0
ASUS PRIME H610M-K ARGB H610 DDR5 Vga GLan mATX,0.0
ASUS PRIME Z790-P WIFI Z790 DDR5 (Vga Yok) GLan,0.0
AXLE AX-G210/1GD3P4CDIL 1GB Geforce G210 DDR3 64,0.0
AXLE AX-GT730/2GD3P8CDIL 2GB Geforce GT730 DDR3,0.0
AXLE AX-GT730/4GD3P8CDIL 4GB Geforce GT730 DDR3,0.0
Acer Aspire Lite AL15-71P-51AR NX.J7MEY.001 i5-1,0.0
Acer Aspire Lite AL16-52P-55S2 NX.J23EY.001 i5-1,0.0
Acer Nitro V15 ANV15-52 NH.QZ7EY.001 i5-13420H R,0.0
Amd Ryzen 7 7800x3d 4.2ghz 96mb 120w Am5 Fansiz,0.0
Amd Ryzen 9 9950x3d 5ghz 128mb 170w Am5,0.0
Argox Cp-2140ex Pro 203dpi Termal Transfer Usb+s,0.0
Argox OS-214 Ex Usb/ RS232/Ethernet Barkod Yazıc,0.0
Asus ExpertBook B1 B1503CVA-C78G512B4D Core7 150,0.0
Asus ExpertBook B1402CVA-I7161TBB0D06 i7-1355U 4,0.0
Asus ExpertBook B1503CVA-S75438 i7-13620H 15.6&q,0.0
Asus ExpertBook B3 Flip B3402FVA-I58512B2D006 i5,0.0
Asus ExpertBook B3 Flip B3402FVA-I58512S0D i5-13,0.0
Asus ExpertBook P1 P1403CVA-I716512G0D i7-13620H,0.0
Asus ExpertBook P1 P1503CVA-I58512G0D i5-13420H,0.0
Asus ExpertBook P3 PM3406CKA-R516512G0D Ryzen AL,0.0
Asus ExpertBook P3405CVA-I516512G1D i5-13420H 14,0.0
Asus ExpertBook P5 P5405CSA-I7321TBS0D Ultra7 25,0.0
Asus ExpertCenter PN53-BB5000X100-TT Ryzen5 6600,0.0
Asus ExpertCenter PN53-BB5000X100-TT01 Ryzen5 66,0.0
Asus ExpertCenter PN53-BB7000X100-TT Ryzen7 6800,0.0
Asus ExpertCenter PN53-BB7000X100-TT13 Ryzen7 68,0.0
Asus Geforce Prime-rtx5070-o12g 12gb Gddr7 192bi,0.0
Asus PN62S BB5000XFD3-LB i5-10210U FreeDOS Mini,0.0
Asus ROG Strix G16 G614JVR-N3095A021 i9-14900HX,0.0
Asus ROG Zephyrus M16 GU604VI-M16.I94070A012 i9-,0.0
Asus TUF Gaming A15 FA506NCR-HN007W Ryzen7 7435H,0.0
Asus TUF Gaming A15 FA507NU-LP157W009 Ryzen5 753,0.0
Asus VivoBook 15 X1504VA-NJ3665 Core5 120U 15.6&,0.0
Asus VivoBook Go 15 E1504FA-NJ115 Ryzen5 7520U 1,0.0
Asus Vivobook S16 UM5606WA-RK295W RyzenAI9 Hx370,0.0
Asus ZenBook 14 UM3402YA-WS74T Ryzen7 7730U 16GB,0.0
"CODEGEN CDG-1TB-SSD25 2.5"" 1TB (560/500MB/s",0.0
Casper Nirvana A90.1362-BE00X-V-S Siyah Intel Co,0.0
Codegen Codmax CDG-SSD-10BC NVME M.2 SSD Harici,0.0
"Cudy LT400 2,4GHz/5GHz 4Port Wi-Fi, 4G LTE IP65",0.0
DAHUA DDR-C300S8G32 8GB DDR4 3200Mhz Notebook Be,0.0
DAHUA HAC-B1A21P-U-IL Smart Dual Light 2MP 3.6mm,0.0
"DAHUA HFW2241T-ZAS 1/2.8"" PS CMOS 2MP 2.7-1",0.0
"DAHUA IPC-HFW1249S-S-IL 1/2.8""Cmos 2MP 3.6m",0.0
"DAHUA IPC-HFW2449S-S-IL 1/2.9"" PS CMOS 4MP",0.0
DAHUA NVR4216-4KS3 16 Kanal Network Video 8MP NV,0.0
DAHUA NVR4232-4KS3 32 Kanal Network Video 8MP NV,0.0
DAHUA NVR5864-EI 64 Kanal Network Video (NVR) 8M,0.0
"DAHUA SSD-C800AS128G C800A 2.5"" 128GB (550/",0.0
DAHUA XVR1B04-I 4 Kanal 1/1xSes 15fps@1080p 1x6T,0.0
DAHUA XVR1B16-I 16 Kanal 1/1xSes 15fps@1080p 1x6,0.0
DAHUA XVR5108HS-I3 8 Kanal 1/1xSes 5M-N 1*10TB H,0.0
DARK DKCCA90 AM4 Ryzen 92 mm İşlemci Soğutucu,0.0
DATALOGIC M3410 1D/2D Karekod USB Masa Tipi Kabl,0.0
DATALOGIC QW2100 İmager Tek Çizgili USB El Tipi,0.0
DELL Pro 15 Essential PV15255 Ryzen 5 7520U 8GB,0.0
DELL Vostro 3530 N3409PVNB3530U-16G i5-1334U 16G,0.0
Datalogic Quickscan Qd2200 1d Imager Usb Barkod,0.0
Dell Alienware M18 7845HX00TT05 Ryzen9 7845HX 64,0.0
Dell Latitude 5550 N007L555015U Ultra5 125U 15.6,0.0
Dell Nb Essentials I5-1334u 16gb 512ssd Dos Pv15,0.0
Dell Nb Pro 16 Ultra7 255u 16gb 512ssd Dos Bto10,0.0
Dell Optiplex 7020MFF N003O7020MFFU i3-14100T Mi,0.0
Dell Optiplex 7020MFF N007O7020MFFEMEA i5-14500T,7.161993686835194
Dell Poweredge Per760xs1spl Xenon Silver 1x4410y,0.0
Dell Precision M3580 PRE0164447-R0023600TT01 i7-,0.0
Dell Precision M3591 XCTOP3591EMEA_VP1 Ultra7 15,0.0
"Dell Pro 14 BTO107_PC14250 Ultra7 255U 14""",0.0
Dell Pro 14 BTO113_PC14250_W007 Ultra5 235U 64GB,0.0
Dell Pro 15 Essential PV15250 Core3-100U 15.6&qu,0.0
Dell Pro 15 Essential PV15255 Ryzen5 7520U 15.6&,0.0
"Dell Pro 16 BTO108_PC16250 Ultra7 255U 16""",0.0
"Dell Pro 16 XCTOPRO16-U Core5-120U 16"" WUXG",0.0
Dell Pro Max 16 Ultra7 255H MC16250 RTX1000 16&q,0.0
Dell R760 Hdd Kizak 2.5 Kizak,0.0
Dell Vostro 3530 N1601PVNB3530U i7-1355U 15.6&qu,0.0
Dell Vostro 3530 N3404PVNB3530U i5-1334U 15.6&qu,0.0
Dell Ws Pro Max T2 Fct2250_1 U7 265 1x16gb 512ss,0.0
Eset Home Security Essential 1 Kullanici 1 Yil K,0.0
FRISBY FC-2905B 400W Siyah Mid Tower ATX Kasa,0.0
FRISBY FC-9320G 600w 80+ Siyah Dual-Ring RGB Fan,0.0
FRISBY FC-9405G 650W 80+ Siyah Dual-Ring RGB Fan,0.0
FSP Hyper 650W 80+ Siyah 12cm Fanlı (H3-650) Pow,0.0
Fonri 2G Kablosuz Alarm Seti,0.0
Frisby Fc-2730b 300w 1x120mm Fan Usb 2.0 Mini To,0.0
Frisby Fc-2735b 300w 1x80mm Fan Usb 2.0 Mini Tow,0.0
Frisby Fc-9480g 600w +80 Bronze Rgb 4x8120mm Fan,0.0
GODEX T10 HARICI ETIKET SARICI 011-T10082-000,0.0
Godex Ez-1105 Plus 203dpi Termal Transfer Usb+et,0.0
Godex Ge300 203dpi Termal Transfer Seri+usb+ethe,0.0
HI-LEVEL HLV-M2PCIeSSD2280/256G M.2 256GB (3300/,0.0
HI-LEVEL HLV-PC10600D3-8G 8GB 1333Mhz DDR3 PC Be,0.0
HI-LEVEL HLV-PC12800D3-4G 4GB DDR3 1600Mhz PC Be,0.0
HI-LEVEL HLV-PC17066D4-8G 8GB 2133Mhz DDR4 PC Be,0.0
HI-LEVEL HLV-PC19200D4-8G 8GB 2400Mhz DDR4 PC Be,0.0
HI-LEVEL HLV-PC21300D4-8G 8GB 2666Mhz DDR4 PC Be,0.0
HI-LEVEL HLV-PC25600D4-16G 16GB (Tek Parça) 3200,0.0
HI-LEVEL HLV-PC25600D4-8G 8GB DDR4 3200Mhz PC Be,0.0
HI-LEVEL HLV-SOPC12800LV/8G 8GB DDR3 1600Mhz Not,0.0
HI-LEVEL HLV-SOPC21300D4/8G 8GB DDR4 2666Mhz Not,0.0
HI-LEVEL HLV-SOPC25600D4/8G 8GB DDR4 3200Mhz Not,0.0
"HI-LEVEL HLV-SSD30ELT/128G Elite Seri 2.5""",0.0
"HI-LEVEL HLV-SSD30ELT/1T Elite Seri 2.5"" 1T",0.0
"HI-LEVEL HLV-SSD30ELT/256G Elite Seri 2.5""",0.0
"HI-LEVEL HLV-SSD30ELT/512G Elite Seri 2.5""",0.0
HIKVISION DS-2CD1023G2-LIUF 1/2.8 PS CMOS 2MP 2.,0.0
"HIKVISION DS-2CD1027G2H-LIUF 1/2.8""Cmos 2MP",0.0
HIKVISION DS-2CD1047G2H-LIUF 1/3'' Cmos,0.0
HIKVISION DS-2CD1323G2-LIUF 1/2.8 PS CMOS 2MP 2.,0.0
"HIKVISION DS-2DE4425IW-DE 1/2.5"" PS CMOS 4M",0.0
HIKVISION DS-7104NI-Q1/M 4 Kanal Network Video 4,0.0
HIKVISION DS-7108HGHI-M1 8 Kanal 1 Kanal Ses 720,0.0
HIKVISION DS-7116HGHI-M1 16 Kanal 1 Kanal Ses 10,0.0
HIKVISION DS-7616NI-Q2/16P 16 Kanal Network Vide,0.0
HIKVISION DS-7632NXI-K2 32 Kanal Network Video 1,0.0
"HIKVISION DS-D5024FN10 23.8"" LED IPS 6.5ms",0.0
HIKVISION DS-PS1-E-WE Kablosuz Harici Siren,0.0
HIKVISION DS-PWA64-Kit-WE AX PRO Kit Kablosuz Al,0.0
HONEYWELL 1470G Kablolu Karekod 1D/2D Ayaklı Bar,0.0
"HONEYWELL EDA52 6603 5,5""(inç) 4GB/64GB 1D/",0.0
"HP 17-CN4065CL 9X400TT Core7 150U 17.3"" HD+",0.0
"HP 17-CN5075CL B97M5UA Ultra7 255U 17.3"" HD",0.0
HP 17-CP3045CL Ryzen7 7730U 16GB 512SSD+1TB 17.3,0.0
"HP 250 G10 9G1E4ET i5-1334U 15.6"" FHD Dizüs",0.0
"HP 250 G10 B2PH1ES i7-1355U 15.6"" FHD Dizüs",0.0
"HP 250 G10 B9YT2ET i7-1355U 15.6"" FHD Dizüs",0.0
"HP 255 G10 9G1G0ET Ryzen5 7530U 15.6"" FHD",0.0
HP 255 G10 9G1G0ET11 Ryzen5 7530U 32GB 1TBSSD 15,0.0
HP Elite x360 830 G11 970P5ET Ultra 7-155U 16GB,0.0
"HP EliteBook 640 G11 14"" Notebook – Intel C",0.0
"HP EliteBook 650 G10 B2PK5ES i5-1335U 15.6""",0.0
HP EliteBook Ultra G1i B68YZET Ultra5 228V 14&qu,0.0
"HP OmniBook 5 BB600TT XPlus X1P-42-100 14""",0.0
HP Pro Tower 290 G9 624A6ET Masaüstü Bilgisayar,0.0
HP Pro Tower 290 G9 9M9C0AT i5-12500 Masaüstü Bi,0.0
HP ProBook 4 G11 CV0E7AT Ryzen5-220 8GB 512SSD 1,0.0
HP ProBook 4 G1iR 14 B9ZL0ET Core5 120U 24GB 512,0.0
"HP ProBook 440 G10 8A567EA i7-1355U 14"" Ful",0.0
HP ProBook 450 G10 725Q0EA i7-1355U 16GB 512SSD,0.0
"HP ProBook 450 G10 969H2ET i7-1355U 15.6"" F",0.0
"HP ProBook 450 G10 B2NC6ES i5-1334U 15.6"" F",0.0
"HP ProBook 460 G11 A23BKEA Ultra5 125U 16""",0.0
"HP ProOne 240 G10 885G6EA i5-1335U 23.8"" FH",0.0
"HP ProOne 240 G10 938B0EA i5-1334U 23.8"" FH",0.0
HP Victus 16-R0072NT 8W8A4EA i7-13700H RTX4070 1,0.0
HP Victus 16-R1061NTT 9J263EA i5-14500HX RTX4060,0.0
"HP Z1 G1i Workstation – Intel Core Ultra 7-265,",0.0
HP ZBook Power ZX 16 G1i B30HNES Ultra7-265H 32G,0.0
Honeywell Voyager 1472G2D-2USB-5-R Kablosuz Kare,0.0
Hpe Dl380 Gen11 4510 1x64gb 8sff 2x960gb Ssd 8x3,0.0
INTEL (13.Nesil) Raptor Lake i5-13400F 2.50GHz ~,0.0
INTEL E97379-003 1150 /1151/1155 /1156/1200 CPU,0.0
KINGSTON DTX/64GB DataTraveler Exodia 64GB USB 3,0.0
KINGSTON DTXM/64GB DT ExodiaM 64GB USB 3.2 Siyah,0.0
KINGSTON SNV3S/2000G NV3 M.2 2TB (6000-5000MB/s),0.0
"KIOXIA LTC10Z480GG8 EXCERIA 2.5"" 480GB (555",0.0
"KIOXIA LTC10Z960GG8 EXCERIA 2.5"" 960GB (555",0.0
Kingston NV3 1TB M.2 NVMe PCIe Gen4 SSD – 6000/4,0.0
LENOVO 4P57A72666 1100W 230V Titanium Gen2 Serve,0.0
LENOVO 4Y50X88824 Bluetooth Kablosuz Gri ThinkBo,0.0
LENOVO 7D76A024EA SR650 GOLD 5418Y 24C 2GHz 1x64,0.0
LENOVO ThinkPad E14 G7 21SX007CTX Ultra 7-255H 1,0.0
LENOVO ThinkPad E14 G7 21SX007HTX Ultra 7-255H 1,0.0
LENOVO V15 G4 82YY0013TR Ryzen 7 7730U 16GB 512G,0.0
LENOVO V15 G4 83A100A9TR i5-13420H 16GB 512GB SS,0.0
Lenovo // Pc Neo 50t Thinkcentre 12uas0gl00 I7-1,0.0
"Lenovo E14 21M70031TX Ultra7 155H 14"" FHD+",0.0
Lenovo E14 21M70091TX Ultra7 155H 16GB 512SSD 14,0.0
"Lenovo E16 21MA003MTX Ultra5 125U 16"" FHD+",0.0
"Lenovo E16 21SR006RTX Ultra7 255H 16"" WUXGA",0.0
Lenovo IdeaPad Slim 3 82XQ00JGTX Ryzen3 7320U 15,0.0
Lenovo IdeaPad Slim 3 83EM00KYTR i5-13420H 15.6&,0.0
Lenovo Ideapad Slim 3 83K1004ETR i5-13420H 15.3&,0.0
Lenovo Ideapad Slim 3 83K2001RTR i5-13420H 16&qu,0.0
Lenovo Ideapad Slim 3 83K2001VTR i7-13620H 16&qu,0.0
Lenovo LOQ 83JC00DYTR Ryzen5 7235HS RTX3050 15.6,0.0
Lenovo LOQ 83JE00EWTR i7-13650HX 24GB 1TBSSD RTX,0.0
Lenovo Nb E14 Thinkpad 21m70092tx Ultra 5-125u 1,0.0
Lenovo Nb E16 Thinkpad 21sr006utx Ultra7 255h 32,-2.220831299210904
Lenovo Nb E16 Thinkpad 21sr0076tx Ultra7 265u 16,0.0
Lenovo Nb Loq 15irx10 83je00kntr I7-13700hx 16gb,0.0
Lenovo Nb Thinkpad E16 21ma008ytx Ultra 5 125u 1,0.0
Lenovo Neo 50a Thinkcentre 12sa000ktr I5-13420h,0.0
Lenovo Neo 50a Thinkcentre 12sc000ktr I7-13620h,0.0
Lenovo Neo 50a Thinkcentre 12sc000ytr I5-13420h,0.0
Lenovo Slim 7i 82VB0000US00TT02 i7-12700H 32GB 2,0.0
Lenovo ThinkBook 14 21MR0050TR Ultra7 155H 14&qu,0.0
"Lenovo ThinkBook 16 21KG00Y5TR i5-1335U 14""",0.0
"Lenovo ThinkBook 16 21KH00V1TR i7-13700H 16""",0.0
Lenovo ThinkBook 16 21MS005KTR021 Ultra5 125U 16,0.0
Lenovo ThinkBook 16P 21R0001JTX023 Ultra9 275HX,0.0
Lenovo ThinkBook 16P 21U00013TX Ryzen9 8940HX RT,0.0
Lenovo ThinkCentre Neo 50A 12SA000KTR i5-13420H,0.0
Lenovo ThinkCentre Neo 50A 12SA000RTR i7-13620H,0.0
Lenovo ThinkCentre Neo 50A 12SA0013TR i7-13620H,0.0
Lenovo ThinkCentre Neo 50A 12SC000QTR i5-13420H,0.0
Lenovo ThinkCentre Neo 50A 12SC000YTR i5-13420H,0.0
Lenovo ThinkCentre Neo 50A 12SC001MTR i5-13420H,0.0
Lenovo ThinkCentre Neo 50A 24 12SC000KTR i7-1362,0.0
Lenovo ThinkCentre Neo 50Q 12LN006KTR i5-13420H,0.0
Lenovo ThinkCentre Neo 50T 12UB000BTR i5-13400 M,0.0
Lenovo ThinkCentre Neo 50T 12UB000HTR i7-13700 M,0.0
Lenovo ThinkCentre Neo 50T 12UB000LTR i7-13700 M,0.0
Lenovo ThinkCentre Neo 50T G5 12UB000ETR i5-1340,0.0
Lenovo ThinkPad E14 21SX007DTX Ultra5 225U 14&qu,0.0
Lenovo ThinkPad P16 21FA0005TX i9-13980HX RTX400,0.0
Lenovo ThinkPad X1 Nano 20UQS12G0000TT i7-1180G7,0.0
Lenovo Thinkstation 21kx001stx Mws P16 V2 Ultra-,0.0
"Lenovo V14 83A00064TR i5-13420H 14"" FHD Diz",0.0
"Lenovo V15 82YU0124TX Ryzen5 7520U 15.6"" FH",0.0
"Lenovo V15 82YY0013TR Ryzen7 7730U 15.6"" FH",0.0
"Lenovo V15 83A1008XTR i5-13420H 15.6"" FullH",0.0
"Lenovo V15 83A100HXTR i7-1355U 15.6"" FHD Di",0.0
"Lenovo V15 83A100KXTR i7-1355U 15.6"" FHD Di",0.0
"Lenovo V15 83A100QRTR i7-13620H 15.6"" FHD D",0.0
Logitech Brio 100 Full Hd 1080p Mikrofonlu Web K,0.0
Logitech H110 Mikrofonlu Kulaklik 981-000271,0.0
"M3 MOBILE BLACK 3,5""1D/2D Okuyucu Wifi Wind",0.0
"M3 MOBILE SL20K SE4710 4,0"" (İnç) 4GB/64GB",0.0
M3 Mobile SL20W Android El Terminali - 2D Barkod,0.0
MSI Cyborg 17 B13WFKG-210XTR i7-13620H RTX5060,0.0
"MSI Modern 15 F13MG-631XTR i5-1334U 15.6"" F",0.0
Microsoft Surface Pro ZHY-000TT XPlus X1P-64-100,-0.9651676911463389
Msi Geforce Gt710 2gd3h Lp 2gb Ddr3 64bit 1xvga,0.0
Msi Pro B650m-b Ddr5 6800mhz 1xvga 1xhdmi 1xm.2,0.0
Msi Pro B650m-p Ddr5 7200mhz 1xvga 1xhdmi 1xdp 2,0.0
Msi Pro H610m-e Ddr4 3200mhz 1xvga 1xhdmi 1xm.2,0.0
Msi Pro H610m-e Ddr5 5600mhz 1xvga 1xhdmi 1xm.2,0.0
NEWLAND HR1550-CE CCD USB EL TİPİ KABLOSUZ(RF)BA,0.0
"NPO 8"" IPS Ekran 4GB 64GB Android 13.0 A133",0.0
NPO A5577 Kablolu/Kablosuz 8000mAh Şarjlı Taşına,0.0
NPO CTL12 60W 1.2m TPE Type-C to Lightning Hızlı,0.0
"NPO Citylife CL01S Smart 16"" Notebook Sırt",0.0
NPO DK02 NVMe M.2 USB-A/Type-C Kablolu Taşınabil,0.0
NPO Diamond PP(Polipropilen) Kırılmaz Valiz,0.0
"NPO GC3001PW Masajlı,RGB,4D Kolçaklı,Ayak Destek",0.0
NPO NPC Türkçe OBDII/EOBD+CAN Modlu Hata Hafızal,0.0
"NPO NPM3 15.6-17.3"" FHD 1080p IPS Type-C Ta",0.0
NPO Nicefeel FC163 Uyumlu Standart 8'li Yede,0.0
"NPO Nicefeel FC5170 Mini Taşınabilir,Şarjlı,Masa",0.0
NPO Nicefeel FC5170 Uyumlu Standart 2'li Yed,0.0
NPO Yogaroma Derin Nefes Ferahlatıcı Aromaterapi,0.0
NPO Yogaroma Ferahlatıcı Aromaterapi 10mL Saf ve,0.0
NPO Zenon Smart Starry Projektör Uyumlu Orjinal,0.0
"Npo Array Kablo, Makyaj ve Aksesuar Organizer Ça",0.0
OEM 110mmX74mt Ribon Wax,0.0
OEM VESA uyumlu AIO PC için Pivot Ayak Outlet,0.0
OEM ZN-100 PAN AYAK Plastik Hareketli Kamera Aya,0.0
OEM ZN-200 PAN + TİLT AYAK Plastik Hareketli Kam,0.0
PERFORMAX PR-17 Lazer USB El Tipi Kablolu Barkod,0.0
PERFORMAX PR-52 Kablosuz Karekod 1D/2D USB Dongl,0.0
PERFORMAX PR90 1D LINEAR USB EL TIPI KABLOSUZ BA,0.0
PERKON CS22 Kablolu Karekod 1D/2D Ayaksız Barkod,0.0
PERKON CS26 Lazer 1D Kablosuz Standlı Barkod Oku,0.0
PERKON PS5700 KAREKOD(2D)USB MASAUSTU KABLOLU BA,0.0
PERKON TİGER PS23 LAZER TEK ÇİZGİLİ USB EL TİPİ,0.0
PERKON TİGER PS30 Lazer USB El Tipi Kablolu Bark,0.0
"PHILIPS 27E2N1100L 27"" 1ms 100Hz FullHD Led",0.0
POWER BOOST BST-ATX750WEU FURY 750W 80+ Power Su,0.0
Performax PR-92 2D Karekod Kablosuz Barkod Okuyu,0.0
Perkon FG1200 Fiyat Gör Cihazı Eth. Usb Com,0.0
Perkon Tiger LS41 CCD Standlı El Tipi Kablosuz 1,0.0
REDROCK T815BB PEAK 500W Siyah Mid Tower ATX Kas,0.0
RaXius DK03 USB-A/Type-C Kablolu RGB 22x80 M.2 N,0.0
RaXius Zenith Z1-i7-4060-127F i7-12700F RTX4060,0.0
S-LINK SL-KA67 12V 7 Amper Metal Adaptör,0.0
SAMSUNG SAMSO3200/8 8GB DDR4 3200Mhz Notebook Be,0.0
SUNCOM Panacea Pro SCA-115 i5-6500 16GB 512GB SS,0.0
SUNLUX XL5500 CCD USB El Tipi Kablolu Barkod Oku,0.0
SUNLUX XL6200A USB El Tipi Kablolu Barkod Okuyuc,0.0
SUNLUX XL9310 Lazer 1D Kablosuz Standlı Barkod O,956.6066838046272
"SYNOLOGY DS223 2 X 3,5 SATA Destegi RAID(1-0-5-6",0.0
"Samsung 870 EVO 500GB 2.5"" SATA III SSD - 5",0.0
Samsung PM9B1 512GB M.2 2242 NVMe SSD,0.0
Sunlux Rp8020 203dpi Direkt Termal Usb+seri+ethe,0.0
TEKNİM ATP-105 Pır Montaj Ayağı,0.0
TEKNİM ATP-546 Digital Pır Kablolu Dedektör,0.0
TEKNİM ATP-546P Kablolu Pır Dedektör (Hayvan Alg,0.0
TEKNİM TFA-0120 Dedektör Montaj Ayağı,0.0
TEKNİM TFA-0165 Kırbas için Plastik Kapak,0.0
TEKNİM TFB-3165 Yangın Alarm (Kırbas) Butonu,0.0
TEKNİM TFD-4230 Konv. Optik Duman Dedektör,0.0
TEKNİM TFD-4240 Konvansiyonel Isı Dedektörü,0.0
TEKNİM TFP-4404P 4 Bölgeli Konv. Plastik Kasa Ya,0.0
TEKNİM TFP-4408P 8 Bölgeli Konv. Plastik Kasa Ya,0.0
TEKNİM TFS-3192R Kırmızı Flaşörlü Dahili Siren,0.0
TEKNİM TSD-5135 Optik Duman Dedektörü Hırsız Ala,0.0
TEKNİM TSP-5324LCD Kablolu Alarm Seti GSM/GPRS P,0.0
TEKNİM TSP-5334LCD Kablolu Alarm Seti ETHERNET/N,0.0
TEKNİM TSS-5790B Mavi Harici Siren,0.0
TEKNİM VAS-701 Sahte Ledli Harici Siren,0.0
"TIWOX TP-4950 18.5"" I5 5.NESİL 128GB NWME S",0.0
"TIWOX TP-5610D 18.5"" I5 10.NESİL 128GB NWME",0.0
"TIWOX TP-7610 18.5"" I7 10.NESİL 128GB NWME",0.0
"TOSHIBA HDWT720UZSVA S300 3.5"" 2TB 5400rpm",2.09411371947981
"TOSHIBA HDWT840UZSVA S300 3.5"" 4TB 5400rpm",3.575616155283902
"TOSHIBA HDWT860UZSVA S300 3.5"" 6TB 5400rpm",0.5299293167808352
TUNÇMATİK TSK5201 LITEII 850 VA LED Siyah Line I,0.0
TWINMOS MDD34GB1600D 4GB 1600Mhz DDR3 PC Bellek,0.0
TWINMOS MDD38GB1600D 8GB 1600Mhz DDR3 PC Bellek,0.0
TWINMOS MDD3L4GB1600N 4GB DDR3 1600Mhz Notebook,0.0
TWINMOS MDD3L8GB1600N 8GB DDR3 1600Mhz Notebook,0.0
TWINMOS MDD416GB2666N 16GB (Tek Parça) DDR4 2666,0.0
TWINMOS MDD416GB3200D 16GB (Tek Parça) 3200Mhz D,0.0
TWINMOS MDD416GB3200N 16GB (Tek Parça) DDR4 3200,0.0
TWINMOS MDD48GB2666D 8GB 2666Mhz DDR4 PC Bellek,0.0
TWINMOS MDD48GB2666N 8GB DDR4 2666Mhz Notebook B,0.0
TWINMOS MDD48GB3200D 8GB 3200Mhz DDR4 PC Bellek,0.0
TWINMOS MDD48GB3200N 8GB DDR4 3200Mhz Notebook B,0.0
TWINMOS NVMe1TB2280AP AlphaPro M.2 1TB (3600/325,0.0
TWINMOS NVMe256GB2280AP AlphaPro M.2 256GB (3600,0.0
TWINMOS NVMe512GB2280AP AlphaPro M.2 512GB (3600,0.0
"TWINMOS TM1000GH2UGL H2 ULTRA 2.5"" 1TB (580",0.0
"TWINMOS TM2000GH2UGL H2 ULTRA 2.5"" 2TB (580",0.0
"TWINMOS TM512GH2UGL H2 ULTRA 2.5"" 512GB (58",0.0
TWINMOS TMD516GB5600S46 16GB (Tek Parça) DDR5 56,0.0
TX TXCCT30G 30 Gr Termal Macun,0.0
Teknim TFD-4250 Optik Duman ISI,0.0
ThermoPro LED Ekran Daldırma/Saplama Gıda Pişirm,0.0
ThermoPro TP19H Su Geçirmez Katlanabilir Gıda Te,0.0
ThermoPro TP30 Endüstriyel Kızılötesi Katı-Sıvı,0.0
ThermoPro TP55 Termometre İç Mekan Dijital Isı v,0.0
Thermopro TP620 Su Geçirmez Katlanabilir LED Ekr,0.0
"Tiwox Tp-7610d 18.5"" I7 10.nesil 128gb Nwme",0.0
Tiwox Vs-6000 2d Karekod Kablolu Usb Masaustu Ba,0.0
Transcend USB 10Gbps 1050/950MB/s Gizlenebilir B,0.0
Ttec IPBP-2330M-M-Lite 1/3 2MP 2.8mm POE Sesli B,0.0
Ttec IPDP-2330M-M-Lite 1/3 2MP 2.8mm POE Sesli D,0.0
Ttec NVR-3108HP/8P-Lite 8 Port Poeli 6MP NVR Güv,0.0
UniWiz XVR-108G3 8 Kanal 1 Kanal Ses 5MP 1X8 TB,0.0
Veikk S640 ve A30 Grafik Tabletler İçin 8192L Pi,0.0
"WESTERN DIGITAL WD23PURZ PURPLE 3.5"" 2TB 54",0.0
"WESTERN DIGITAL WD43PURZ PURPLE 3.5"" 4TB 54",0.0
Waterpulse V580 Water Flosser Taşınabilir Şarjlı,0.0
ZEBRA DS2208 Symbol Kablolu Karekod 1D/2D Ayaklı,0.0
ZEBRA ZB-ZD23042-30EC00E ZD230TT Thermal + Therm,0.0
ZEBRA ZD220T Usb 203 dpi Barkod Yazıcı,0.0
ZEBRA ZT231 Thermal+Thermal Transfer Seri+Usb+Et,0.0
ZenPos GNS180 Usb + Ethernet 80 mm/sn 203 dpi Fi,0.0
