product_name,price
AF-G Sepet Grubu Siyah,1399.99
AF-G Sepet Grubu Siyah-Bakır,1499.99
AF-G Sepet Grubu Siyah-Krom,1499.99
AQUA OPTIMA Su Arıtma Filtresi Beyaz,399.99
Abstract Flowers Kolay Ütülenir Tek Kişilik Çarşaflı Nevresim Takımı 160x220 cm Yeşil-Mavi,839.99
"Acalis Akasya-Cam 4 Parça Sunumluk 33x10,5x6 cm Şeffaf",329.99
Adela Ahşap Masa Saati Naturel,1259.99
Adelina Masa Örtüsü 150x200 cm Beyaz-Gold,1439.99
Adelina Runner 40x140 cm Beyaz-Gold,479.99
"Adora Cam Vazo 28,5 cm Krem",1049.99
Adora Metal Dekoratif Tepsi Gold,639.99
Adra Cam Vazo Amber,1439.99
Adrea Paslanmaz Çelik Süzgeç 40 cm Gri,539.99
Akasya Dekoratif Tepsi Koyu Kahverengi,314.99
Akuante Dekoratif Tepsi 30x42 cm Multicolor,559.99
Albus Dekoratif Jüt Kilim 100 cm Beyaz,1259.99
Alexi Mutfak Gereci Yeşil,399.99
Alice Cam Kase Şeffaf,419.99
"Alicia Cam Vazo 20,5 cm Kahverengi",1259.99
Alicia Polyresin Çerçeve 10x15 cm Krem,584.99
Aligne Pamuklu Bukle Kilim Krem,629.99
Alina Cam 4lü Baharatlık Şeffaf,494.99
Alina Polyresin Çerçeve 10x15 cm Beyaz,389.99
Alina Polyresin Çerçeve 10x15 cm Krem,584.99
Aline Dekoratif Kutu Krem,1139.99
Alissa Polyresin Çerçeve 10x15 cm Beyaz,389.99
All Fresh Square Borosilikat Erzak Kabı Şeffaf,479.99
All Stripe New Bone China Kupa 345 ml Siyah - Beyaz,399.99
Allure Hasır Ekmek Sepeti Bej,350.0
Almina Dekoratif Tepsi 33x33 cm Krem,419.99
Aloe Vera – Ylang Ylang 5li Aromaterapi Set,559.99
Alva Yılbaşı Ağaç Süsü Multicolor,350.0
Alvin Cam 15 Dk Kum Saati Füme,399.99
Alvin Cam Sunumluk 32x11 cm Şeffaf,419.99
"Alvin Paslanmaz Çelik Rende 24,5 cm Mavi",359.99
Alvin Polyresin Dekoratif Tepsi 32x46 cm Kahve,1279.99
Amora Seramik Kahvaltı Takımı 14 parça 6 kişilik Lacivert-Kırmızı,1199.99
Amy Dekoratif Jüt Kilim Natural,2559.99
"Andora Yılbaşı Ağaç Süsü 13,5 cm Gold",300.0
"Andora Yılbaşı Ağaç Süsü 13,5 cm Kırmızı",479.99
Andre Çerçeve 13x18 cm Bej,419.99
Andre Çerçeve Krem,419.99
Anemone Kaydırmaz Taban Banyo Paspası 50x80 cm Lacivert,489.99
Angelo Seramik Pasta Seti 18 Parça 6 Kişilik Renkli,1599.99
Anissa Takı Kutusu 16x16x6 cm Gold,500.0
"Anna Banyo Sıvı Sabunluk 14,5 cm Pembe",287.99
"Antique Ribbon Polyresin Dekoratif Obje 11,5 cm Siyah",559.99
"Apple Biblo 11,5x11,5x13cm Kahve",489.99
Apple Biblo 14x14x16cm Gri,699.99
Apple Rose Kolonya 200 ml Şeffaf,227.99
Aqua Pamuk Banyo Havlusu 90x150 cm Fildişi,629.99
Aqua Pamuk Banyo Havlusu 90x150 cm Gri,699.99
Aqua Pamuk Banyo Havlusu 90x150 cm Lacivert,699.99
Aqua Pamuk Banyo Havlusu 90x150 cm Yeşil,699.99
Aquamarine Dijital Baskı Dekoratif Kırlent 35x55 cm Mavi - Yeşil,419.99
Aquamarine Seramik Vazo 15 cm Beyaz,699.99
Aquamarine Seramik Vazo 18 cm Lacivert,699.99
Aquatic Flowers Tek Kişilik Çok Amaçlı Örtü 160x220 cm Lacivert,489.99
Aquatic Flowers Çift Kişilik Çok Amaçlı Örtü 200x220 cm Lacivert,639.99
Arborelle Runner 40x140 cm Siyah - Beyaz,359.99
Arian Borosilikat Saklama Kabı Şeffaf,219.99
Ariella Dekoratif Jüt Kilim Multicolor,1539.99
Aris Mum 10 cm Kırmızı,879.99
Aris Mum 10 cm Yeşil,879.99
Armin Yılbaşı Kar Küresi 21 cm Kırmızı,1519.99
Artistic Bloom Dekoratif Kırlent 40 cm Yeşil,559.99
"Artistic Bloom Dekoratif Kırlent 40,0x1,3x55,0 cm Bej",639.99
"Artistic Bloom Dekoratif Kırlent 40,0x15,5 cm Hardal",719.99
Artistic Flower Emaye Katlı Servis 21x29 cm Renkli,759.99
Arya Metal Dekoratif Obje 33 cm Gold,629.99
Arzu Sabancı Bounce Runner 40x150 cm Krem - Mavi,559.99
Arzu Sabancı Bounce Stoneware Kupa 350 ML Mavi-Lacivert,239.99
Arzu Sabancı Calle Cam El Yapımı Bardak 250 ml Mavi,209.99
Arzu Sabancı Calle Cam El Yapımı Kadeh Mavi,269.99
Arzu Sabancı Torcello Cam El Yapımı Bardak 440 ml Beyaz,239.99
"Ashle Banyo Sıvı Sabunluk 14,5 cm Beyaz",429.99
Ashley Baskılı Pamuklu Tek Kişilik Pike 150x220 cm Mavi,559.99
Ashley Baskılı Pamuklu Çift Kişilik Pike 200x220 cm Mavi,699.99
Astrion New Bone China Kupa 460 ml Lacivert,539.99
Aura Cam Sunumluk Şeffaf,454.99
Aura Porselen Yemek Takımı 53 Parça 12 Kişilik Gold,9599.99
Aura Solaire Parfüm Seti 100 ml + 20 ml,699.99
"Aurelia Paslanmaz Çelik 5li Servis Seti 20,5x22,8x21,8x23,5x22 cm Silver",779.99
Autumn Seramik Kahvaltı Takımı 10 parça 4 kişilik Renkli,1039.99
Autumn Whisper Tek Kişilik Pike 150x220 cm Yeşil,499.99
Autumn Whisper Çift Kişilik Pike 200x220 cm Yeşil,479.99
Avani Vazo Krem,1959.99
Avelia Bone Porselen 4 Parça 2 Kişilik Kahve Fincan Takımı 90 ml Pembe - Gold,639.99
Avin Çerçeve Kahverengi,299.99
Axel Akrilik 6 Bölmeli Kahvaltılık 25x35 cm Antrasit,629.99
Axel Akrilik 6 Bölmeli Kahvaltılık 25x35 cm Mavi,543.99
Azul Paslanmaz Çelik Çatal Kaşık Bıçak Takımı 18 Parça 6 Kişilik Silver,1599.99
Azule Baskılı Pamuklu Tek Kişilik Pike 150x220 cm Mavi,559.99
Azule Baskılı Pamuklu Çift Kişilik Pike 200x220 cm Mavi,699.99
Azure Bloom Emaye Bakraç 16 cm Lacivert,479.99
Azure Porselen Kahvaltı Takımı 20 Parça 6 Kişilik Renkli,2499.99
Baby Dog Bebe Pelüş Dekoratif Kırlent 38x25 cm Beyaz,559.99
Bake&Serve Cam Fırın Kabı Kırmızı,319.99
Bake&Serve Cam Fırın Kabı Şeffaf,449.99
"Baker’s Choice Flower Karbon Çelik Kek Kalıbı 26 x 6,8 cm Kırmızı",439.99
Baldwin Borosilikat Yağdanlık Şeffaf,449.99
Balmy Çift Kişilik Yatak Pedi 160x200 cm Beyaz,2799.99
Bamboo Bambu Dekoratif Tepsi Natural-Siyah,719.99
Bamboo Cam Dekoratif Tepsi Krem-Altın,639.99
Bamboo Metal Çerçeve Gold,489.99
Bamboo Metal Çerçeve Silver,349.99
Barley Dekoratif Jüt Kilim 120 cm Natural-Siyah,1539.99
Basic Cam 3lü Cup - Dondurma Kasesi 300 ml Şeffaf,399.99
Basic Shine Cam 3’lü Lüsterli Cup 300 ml Şeffaf,419.99
Bealy Porselen 4 Parça 2 Kişilik Çay Fincanı Takımı 220 ml Yeşil-Sarı,1079.99
Becca Duş Kaydırmazı 50x70 cm Kahve,489.99
Becca Duş Kaydırmazı 50x70 cm Kahverengi,629.99
Becky Duş Kaydırmazı 40x60 cm Açık Kahverengi,447.99
Becky Metal Çerçeve Silver,299.99
Becky Seramik Vazo 35 cm Kırmızı - Yeşil,1749.99
Belicia Dekoratif Kırlent 35x55 cm Bordo,799.99
Belita Seramik Vazo 10 cm Kiremit,489.99
Bella Plastik 2li Mutfak Düzenleyici 3 L – 5 L Şeffaf,384.99
Belle Bloom Tek Kişilik Yatak Örtüsü Takımı 160x220 cm Yeşil,1799.99
Belle Cam Saklama Kabı Natural,349.99
Beloved Porselen Isıtıcılı Demlik Seti 850 ml Beyaz,809.99
Berghoff Dina Entity Paslanmaz Çelik 6 Parça Bloklu Bıçak Seti 34x80 cm Gri,4100.0
Berghoff Dina Pica Paslanmaz Çelik 7 Parça Bloklu Bıçak Seti 34x80 cm Siyah,2799.99
"Berghoff Essentials Paslanmaz Çelik 4 Yönlü Rende 18,5 cm Siyah",449.99
Berghoff LEO Phantom Seramik Tava Latte,2199.99
Berghoff LEO Phantom Seramik Tencere Latte,4199.99
Berilda Dekoratif Tepsi 33x33 cm Krem,419.99
Berlin Fusion Pro Basık Tencere Yeşil,1367.99
Berlin Fusion Pro Seramik Tencere Gri,1439.99
Berry Dekoratif Obje Kırmızı,959.99
Berry Garden Baskılı Pamuklu Tek Kişilik Pike 150x220 cm Kırmızı,559.99
Berry Garden Baskılı Pamuklu Çift Kişilik Pike 200x220 cm Kırmızı,719.99
Berryscus Kolay Ütülenir Çarşaflı Tek Kişilik Nevresim Takımı 160x220 cm Mor,1039.99
Bertrand Paslanmaz Çelik Bıçak Kırmızı,1999.98
Bertrand Paslanmaz Çelik Bıçak Mavi,159.98
Best Wishes Stoneware Kupa 400 ml Kırmızı - Yeşil,239.99
Bianca Seramik 6lı Pasta Seti 20 cm Renkli,699.99
Bianca Seramik Set Fırın Kabı Beyaz,359.99
Big and Tiny Kaydırmaz Taban Banyo Paspası Seti 60x90 + 40x60 cm Bej,779.99
Big and Tiny Kaydırmaz Taban Banyo Paspası Seti 60x90 + 40x60 cm Mavi,719.99
Birdlight Tek Kişilik Pike 150x220 cm Yeşil,419.99
Birdlight Çift Kişilik Pike 200x220 cm Yeşil,479.99
Bistro Seramik 4lü Pasta Seti 20 cm Kırmızı-Siyah,419.99
Black Lines Porselen Çerezlik 11 cm Siyah - Beyaz,159.99
Blare 6lı Organizer Set Gri,629.99
Blare 6lı Organizer Set Siyah,559.99
Blend Cam-Bambu 5 Parça Sunumluk 10x5 cm Şeffaf,559.99
Bleu Blanc Cam Dekoratif Tepsi  31x46 cm Gold,419.99
Block Dots Kolay Ütülenir Çift Kişilik Çarşaflı Nevresim Takımı 200x220 cm Mavi,1259.99
Block Patch Kolay Ütülenir Çift Kişilik Nevresim Seti 200x220 cm Mavi-Kırmızı,639.99
Bloom Cam 3 Parça Su Takımı 1150 Ml + 400 Ml Mavi,419.99
Bloom Crest Tek Kişilik Pike 150x220 cm Yeşil,359.99
Bloom Crest Çift Kişilik Pike 200x220 cm Yeşil,489.99
Bloom Rhombus  King Size Çok Amaçlı Örtü 220x240 cm Yeşil,809.99
Bloom Rhombus  Tek Kişilik Çok Amaçlı Örtü 160x220 cm Yeşil,489.99
Bloom Rhombus  Çift Kişilik Çok Amaçlı Örtü 200x220 cm Yeşil,719.99
Bloomelle Pamuklu Çift Kişilik Nevresim Seti 200x220 cm Sarı-Yeşil,959.99
Bloomlet Tek Kişilik Pike 150x220 cm Yeşil,499.99
Bloomline Bone Porselen 12 Parça 6 Kişilik Çay Seti 170 ml Beyaz,1349.99
Bloomora Dijital Baskılı Kolay Ütülenir Tek Kişilik Çarşaflı Nevresim Takımı 160x220 cm Bej-Sarı,899.99
Bloss Mist Pamuklu Tek Kişilik Nevresim Seti 160x220 cm Lila,639.99
Blossira Kolay Ütülenir Tek Kişilik Çarşaflı Nevresim Takımı 160x220 cm Lila,959.99
Blossira Kolay Ütülenir Çift Kişilik Çarşaflı Nevresim Takımı 200x220 cm Pembe,1119.99
Blossom Frame New Bone China Demlik Seti 400 – 290 ml Pembe - Beyaz,599.99
Blossom Haze King Size Çok Amaçlı Örtü 220x240 cm Mor,809.99
Blossom Haze Tek Kişilik Çok Amaçlı Örtü 160x220 cm Mor,629.99
Blossom Pamuklu Bukle Kilim Krem,719.99
Blue Bouquet Baskılı Pamuklu Tek Kişilik Pike 150x220 cm Mavi,559.99
Blue Bouquet Baskılı Pamuklu Çift Kişilik Pike 200x220 cm Mavi,639.99
Blue Flowers New Bone China Demlik 400 ml Mavi,559.99
Blue Spring Tek Kişilik Pike 150x220 cm Mavi,419.99
Blue Spring Çift Kişilik Pike 200x220 cm Mavi,489.99
Blue Vista Seramik Pasta Seti 18 Parça 6 Kişilik Lacivert,1799.99
Blume Kar Küresi 9 cm Kırmızı,599.99
Blura Kağıt 20li Kağıt Peçete 33x33 cm Mavi,174.99
Blush Twig King Size Çok Amaçlı Örtü 220x240 cm Pembe,809.99
Blush Twig Tek Kişilik Çok Amaçlı Örtü 160x220 cm Pembe,559.99
Blush Twig Çift Kişilik Çok Amaçlı Örtü 200x220 cm Pembe,639.99
Bohemian Dolgulu Kırlent 45x45 cm Multicolor,599.99
Boho Elegance Kolay Ütülenir Çarşaflı Tek Kişilik Nevresim Takımı 160x220 cm Bej,839.99
Boho Rattan Katlı Servis Kahverengi,419.99
Boho Rattan Sunumluk Kahverengi,699.99
Boho Rattan Tepsi Kahverengi,399.99
Boise Sepet Naturel,879.99
Bon Vita Cam 2li Baharatlik 220 ml - 220 ml Mavi-yeşil,279.99
Bona Dekoratif Kutu Bej,479.99
Bona Stoneware 6 Parça 3 Kişilik Kahve Fincan Takımı 70 ml Siyah-Beyaz-Bej,559.99
Bonita Kum Saati Bej,699.99
Bonnie Tek Kişilik Pike 150x220 cm Sarı,359.99
Bonnie Çift Kişilik Pike 200x220 cm Sarı,489.99
Border Dots Kolay Ütülenir Çarşaflı Tek Kişilik Nevresim Takımı 160x220 cm Lacivert,1199.99
Border Dots Kolay Ütülenir Çarşaflı Çift Kişilik Nevresim Takımı 200x220 cm Lacivert,1439.99
Botanic Stoneware Kase Renkli,979.99
Botanic Stoneware Kayık Tabak Renkli,543.99
Botanic Stoneware Kupa 375 ml Renkli,449.99
Botanic Stoneware Sunumluk Renkli,639.99
Botanical Patch Pamuklu Tek Kişilik Nevresim Seti 160x220 cm Mavi - Yeşil,799.99
Botanical Patch Pamuklu Çift Kişilik Nevresim Seti 200x220 cm Mavi - Yeşil,959.99
Botelya Cam Başucu Sürahi Mavi,223.98
Botelya Cam Başucu Sürahi Pembe,223.98
Boty Borosilikat Detoks Şişe 450 ml Beyaz,215.98
Boty Borosilikat Detoks Şişe 450 ml Yeşil,215.98
Bouquet Buhurdanlık Beyaz,384.99
Bowsie Bone Porselen 4 Parça 2 Kişilik Kahve Fincan Takımı 90 ml Kırmızı - Yeşil,399.99
Brayden Sepet Naturel,524.99
Brice Cam Kek Standı 20 cm Şeffaf,489.99
Briel Dekoratif Tepsi Kahverengi-Siyah,899.99
Briel Metal Fener 16x16x30 cm Krem,959.99
Bright Bloom Tepsi 33 cm Renkli,489.99
Bright Delight Seramik Bardak Altlığı 10 cm Yeşil,188.99
Bright Floral Fırın Eldiveni ve Tutacak Seti Pembe - Yeşil,439.99
Bright Floral Melamin Cam Kapaklı Kahvaltılık Renkli,1349.99
Bright Garden Dijital Baskılı Kolay Ütülenir Tek Kişilik Çarşaflı Nevresim Takımı 160x220 cm Pembe - Sarı,799.99
Bright Ophelia New Bone China Kupa 460 ml Renkli,599.99
Bright Parade Emaye Tepsi 31 cm Renkli,500.0
Bright Parade Masa Örtüsü 150x200 cm Beyaz - Kırmızı,1119.99
Bright Parade New Bone China Çerezlik 10 cm Renkli,224.99
Bright Parade Tepsi 33 cm Renkli,489.99
Bright Petals Tepsi 35x35 cm Renkli,559.99
Bright Vionna New Bone China Kupa 460 ml Pembe-Kırmızı-Turuncu,500.0
Brims Paslanmaz Çelik Süzgeç 18 cm Siyah,359.99
Brims Paslanmaz Çelik Süzgeç 26 cm Gri,439.99
Brims Paslanmaz Çelik Süzgeç Siyah,349.99
Brittle Rose Dolgulu Kırlent 45x45 cm Multicolor,489.99
Bruna Metal Çerçeve Silver,319.99
Bubble Pamuk Bornoz Ekru,699.99
Bubbles Cam Kase Şeffaf,224.99
Bubbles Cam Kek Standı 18x11 Cm Şeffaf,639.99
Buds Nakışlı Dekoratif Kırlent 33x50 cm Ekru,479.99
Bunny Sıcak Su Torbası Pembe,419.99
Bıçak Grubu  Kea Yedek Parça Beyaz,289.99
Bıçak Grubu  Kea Yedek Parça Siyah,289.99
CMK 6010 İNOX DEMLİK GRUBU Beyaz-Krom,729.99
CMK DEMLİK KAPAĞI BEYAZ LOGOLU Bakır,149.99
CMK DEMLİK KAPAĞI BEYAZ LOGOLU Krom,199.99
CMK DEMLİK KAPAĞI SİYAH LOGOLU Bakır,199.99
"Cage Cam Kayık Tabak 39,5x15,5 cm Şeffaf",384.99
"Cage Cam Çerezlik 39,5x15,5 cm Şeffaf",384.99
Calida Yılbaşı Ağaç Süsü Multicolor,494.99
Calloge Dolgulu Kırlent 45x45 cm Multicolor,479.99
Calm Horizon İpliği Boyalı Tek Kişilik Çarşaflı Nevresim Takımı 160x220 cm Mavi,2079.99
Cam 3lü Flüt Kadeh 195 ml Kırmızı,449.99
Cam 3lü Flüt Kadeh 195 ml Yeşil,459.99
Cam 3lü Kadeh 490 ml Kırmızı,479.99
Cam 3lü Kadeh 490 ml Yeşil,419.99
Camille Ray King Size Çok Amaçlı Örtü 220x240 cm Lacivert,899.99
Camille Ray Tek Kişilik Çok Amaçlı Örtü 160x220 cm Lacivert,559.99
Camille Ray Çift Kişilik Çok Amaçlı Örtü 200x220 cm Lacivert,639.99
Candies Dekoratif Aydınlatma Şeffaf,1049.99
Candlelight Fener Siyah,600.0
Candlestick Ledli Dekoratif Aydınlatma Siyah,559.99
Cara Duvar Saati 30 cm Koyu Krem,879.99
Cara Duvar Saati 30 cm Krem,559.99
Caren Seramik Vazo Sarı,1259.99
Carina Kum Saati Turuncu,419.99
Carlin Kokulu Mum,399.99
Carly Sepet Naturel,629.99
Carny Bone Porselen Servis Tabağı 25 cm Fuşya,207.99
Carny Bone Porselen Servis Tabağı 25 cm Lacivert,207.99
Carny Bone Porselen Servis Tabağı 25 cm Turuncu,207.99
Carolie Cam Dekoratif Tepsi 30x42 cm Bordo,479.99
Carolie Dekoratif Kırlent 45x45 cm Bronz,699.99
Celine Runner 40x150 cm Gold,489.99
"Cerise Dekoratif Tepsi 48x25,2x4,5 cm Kahverengi",839.99
"Chain Dekoratif Obje 14x11,5 cm Kahve",659.99
Chain Patch Kolay Ütülenir Çarşaflı Çift Kişilik Nevresim Takımı 200x220 cm Mürdüm,1259.99
Chaplet Hasır Tepsi Kahverengi,319.99
Charming Garden Pamuklu Bebe Battaniye 100x120 cm Pudra,404.98
Checkmate Kolay Ütülenir Çift Kişilik Nevresim Seti 200x220 cm Lacivert- Terracotta,719.99
Chequer %100 Pamuk Yüz Havlusu 50x80 cm Gri,239.99
Chequer Pamuk Banyo Havlusu 80x150 cm Bej,479.99
Chequer Pamuk Bornoz Bej,959.99
Chequer Pamuk Bornoz Beyaz,959.99
Chequer Pamuk Yüz Havlusu 50x80 cm Mavi,223.99
Chera Halı 160X230 cm Bej,3239.99
Cherries Melamin Tepsi 24x39 Cm Kırmızı,499.99
"Cherry Emaye Baharatlık 0,75 L Sarı",479.99
Cherry Plaid Tek Kişilik Yatak Örtüsü Takımı 160x220 cm Fuşya,639.99
Cherry Plaid Çift Kişilik Yatak Örtüsü Takımı 200x220 cm Fuşya,839.99
Chic Bloom Kolay Ütülenir Çarşaflı Tek Kişilik Nevresim Takımı 160x220 cm Yeşil,839.99
Chic Bloom Kolay Ütülenir Çarşaflı Çift Kişilik Nevresim Takımı 200x220 cm Yeşil,1119.99
Chic Diamond Pamuk Banyo Havlusu 80x150 cm Fildişi,419.99
Chic Diamond Pamuk Bornoz Fildişi,1119.99
Chic Diamond Pamuk Yüz Havlusu 50x80 cm Açık Yeşil,287.99
Chris Cam Şamdan Mavi,449.99
Chris Kum Saati Beyaz,559.99
Christmas Tree Dolomite 2li Tuzluk - Biberlik 6x14 cm Beyaz,350.0
Christmas Tree Yılbaşı Ağacı Yeşil,181.99
Circle Art Dekoratif Jüt Kilim Natural-Siyah,1199.99
Classic Yastık 50x70 cm Beyaz,159.99
Classy Rose Dolgulu Kırlent 33x50 cm Multicolor,559.99
Claudi Çerçeve Yeşil,299.99
"Clementine Borosilikat-Akasya 2li Tuzluk - Biberlik 5,5x5 cm Şeffaf",419.99
CloudSoft Pamuk Yüz Havlusu 50x80 cm Beyaz,349.99
Clouded Grid İpliği Boyalı Çift Kişilik Çarşaflı Nevresim Takımı 200x220 cm Koyu Yeşil,1679.99
Cloves Seramik Kahvaltı Takımı 32 parça 6 kişilik Pembe,1749.99
Coaspiral Cam 6lı Bardak 180 ml Lacivert,399.99
Coaspiral Melamin Tepsi Lacivert,159.99
Coastal Bliss Seramik 4 Parça 2 Kişilik Çay Fincanı Takımı 184 ml Koyu Mavi,543.99
Coastal Hasır Ekmek Sepeti Gri,239.99
Coastline Runner 40x140 cm Mavi - Yeşil,279.99
Coastlinear Plastik Katlı Servis 20+27 cm Krem,479.99
Coastlinear Plastik Kek Standı 30x9 cm Krem,350.0
Coconut Rose Kolonya 200 ml Şeffaf,227.99
Coconut Rose Oda Spreyi 300 ml Şeffaf,183.99
Colessa Saklama Kabı Yeşil,279.99
Colin Borosilikat Yağdanlık Şeffaf,419.99
Colin Kokulu Mum,399.99
Color Wave Pamuklu İpliği Boyalı Plaj Havlusu 90x150 cm Yeşil,719.99
Colorful Stripeway King Size Çok Amaçlı Örtü 220x240 cm Kırmızı,809.99
Colorful Stripeway Çift Kişilik Çok Amaçlı Örtü 200x220 cm Kırmızı,719.99
Comfort Pamuklu Sıvı Geçirmez Tek Kişilik Alez 140x200 + 30 cm Beyaz,500.0
Comfort Pamuklu Sıvı Geçirmez Çift Kişilik Yatak Koruyucu Alez 180x200 + 30 cm Beyaz,699.99
Comfy Pamuk Yastık 50x70 cm Beyaz,629.99
Comfy Pamuk Yorgan 155x215 cm Beyaz,1439.99
Comfycover Triko Kırlent Kılıfı Antrasit,215.99
Confetti Melamin Tepsi 37x18 cm Renkli,199.99
Contemporary Chic King Size Çok Amaçlı Örtü 240x220 cm Lacivert,719.99
Corallo Punch Nakışlı Kırlent Kılıfı 45x45 cm Mavi - Yeşil,519.99
Corazon Paslanmaz Çelik 4 Cup Moka Pot 160 ml Turuncu,1279.99
Cornflower Tek Dal Yapay Çiçek 64 cm Mavi,200.0
Cosmic Cam 2li Kadeh 450 ml Şeffaf,349.99
Cosmic Cam 4lü Bardak Şeffaf,395.99
Cosmic Cam 4lü Cup - Dondurma Kasesi,559.99
Cosmic Cam 4lü Kahve Yanı Bardak Şeffaf,599.99
Cosmic Cam 4lü Meşrubat Bardağı,395.99
Cosmic Cam Kek Standı Cm,909.99
Cosmic Cam Sunumluk Şeffaf,799.99
Cosmos Cam 2 Bölmeli Sunumluk Şeffaf,359.99
Cosy Stripe Melamin Kaydırmaz 2li Tepsi 42x31 cm + 25x38 cm Mavi,629.99
Cottage Stoneware Fırın Kabı Açık Pembe,479.99
Cottage Stoneware Fırın Kabı Koyu Pembe,479.99
"Cottage Stoneware Kalp Fırın Kabı 14,5x13,5 cm Açık Yeşil",279.99
Cozy Check Kolay Ütülenir Çarşaflı Tek Kişilik Nevresim Takımı 160x220 cm Mavi-Sarı,1199.99
Cozy Check Kolay Ütülenir Çarşaflı Çift Kişilik Nevresim Takımı 200x220 cm Mavi-Sarı,1439.99
"Creil Paslanmaz Çelik 5 Parça Bloklu Bıçak Seti 20,5-24,5-33-33-33 cm Silver",1439.99
Crispcheck İpliği Boyalı Tek Kişilik Çarşaflı Nevresim Takımı 160x220 cm Turuncu,1439.99
Crispcheck İpliği Boyalı Çift Kişilik Çarşaflı Nevresim Takımı 200x220 cm Turuncu,1759.99
Crispy Garden Tek Kişilik Çok Amaçlı Örtü 160x220 cm Pembe,584.99
Cross Cam 2li Kayık Tabak 23x17 cm Şeffaf,300.0
Crustic Ekmek Sepeti Kahverengi,279.99
Crux Cam Sunumluk Şeffaf,489.99
Cubic Abajur 30 cm Turuncu,959.99
Curve Pamuk Bornoz Bej,779.99
Curve Pamuk Bornoz Mavi,909.99
Curveline Kaydırmaz Taban Banyo Paspası Seti Mavi,319.99
Cute Birds Polyresin Biblo Siyah,279.99
Cute Dogs Pelüş Sıcak Su Torbası Kahverengi,479.99
Cyrus Cam Kek Standı 25 cm Şeffaf,479.99
DGR 3001 Doğrayıcı Hazne,149.99
DGR 3001 Hazne Ayak Lastiği Kırmızı,169.99
DGR 3001 Hazne Ayak Lastiği Siyah,169.99
DGR 3001 Hazne Kapağı,199.99
DGR 3001 Hazne Kapağı Contası,169.99
DGR3010 Bıçak Mili,159.99
DGR3010 Hazne 1500 ml Siyah,299.99
"Dahlia Biblo 13,5 cm Kırmızı",350.0
Dainty Ahşap-Cam 5 Parça Sunumluk 10x5 cm Şeffaf,384.99
Daisy Bebe Pelüş Dekoratif Kırlent 40 cm Beyaz,489.99
Daisy Charm Tek Kişilik Çok Amaçlı Örtü 160x220 cm Yeşil,463.99
Daisy Charm Çift Kişilik Çok Amaçlı Örtü 200x220 cm Yeşil,543.99
Daisy Days New Bone China 4 Parça 2 Kişilik Cam Tabaklı Kahve Fincan Takımı 80 ml Pembe - Yeşil,629.99
Daisy Touch Kolay Ütülenir Tek Kişilik Nevresim Seti 160x220 cm Lila-Turuncu,719.99
Daisy Touch Kolay Ütülenir Çift Kişilik Nevresim Seti 200x220 cm Lila-Turuncu,719.99
Dalia Alüminyum Dekoratif Gold,479.99
Dalia Jüt 2li Amerikan Servis Siyah,239.99
Danny Kum Saati Siyah,479.99
Danny Porselen Dekoratif Aydınlatma Beyaz,1759.99
Darcy Polyresin Dekoratif Tepsi Kahve,559.99
Daria Alüminyum Dekoratif Siyah,629.99
Darkness Kağıt 20li Kağıt Peçete 33x33 cm Siyah - Beyaz,174.99
Dazzle Cam Sürahi 1500 ml Şeffaf,350.0
Deanna Dekoratif Jüt Kilim 90x150 cm Natural-İndigo,1539.99
Delicate Bloss Pamuklu Tek Kişilik Nevresim Seti 160x220 cm Sarı-Yeşil,719.99
Delicate Bloss Pamuklu Çift Kişilik Nevresim Seti 200x220 cm Sarı-Yeşil,1199.99
Delonghi Magnifica Evo Next Ecam 310.60.b Espresso Makinesi Siyah,27899.99
Delonghi Rivelia Exam440.55.bg Espresso Makinesi Bej,39899.99
Deluxe Jakarlı Dekoratif Kırlent 35x55 cm Ekru,479.99
Deluxe Jakarlı Dekoratif Kırlent 35x55 cm Krem,559.99
Deluxe Roses Tek Dal Yapay Çiçek Beyaz,279.99
Denver Kağıt İp Abajur 25x20 cm Natural-Siyah,1439.99
Denver Kağıt İp Dekoratif Tepsi Natural-Siyah,719.99
Dessa Hasır Sepet Naturel,599.99
"Destin Dekoratif Obje 13,5 cm Gold",350.0
Detroit Borosilikat Cam Sürahi 1400 ml Şeffaf,479.99
Diamond Clam Tek Kişilik Çok Amaçlı Örtü 160x220 cm Bordo,809.99
Diamond Twist Kolay Ütülenir Tek Kişilik Çarşaflı Nevresim Takımı 160x220 cm Koyu Mavi,959.99
Diamond Twist Kolay Ütülenir Çift Kişilik Çarşaflı Nevresim Takımı 200x220 cm Koyu Mavi,1259.99
Dice Dekoratif Kırlent 20x20 cm Siyah,384.99
Dice Dekoratif Obje 6x6x6 cm Kahve,539.99
"Dice Oyun 9x6,5x4 cm Kahve",375.0
Dina 3lü Banyo Seti Antrasit,899.99
Dipsy New Bone China Kupa 460 ml Hardal,479.99
"Doris Dekoratif Tepsi 33x3,5x19,5 cm Naturel",719.99
Dorothy Dekoratif Tepsi Kahve,629.99
Dorothy Metal Çerçeve Silver,251.99
Dorothy Çerçeve Gold,399.99
Dottie Pamuk Banyo Havlusu 80x150 cm Antrasit,447.99
Dotty Gingham Kolay Ütülenir Tek Kişilik Çarşaflı Nevresim Takımı 160x220 cm Koyu Mavi-Yeşil,1079.99
Dream Baskılı Pamuklu Tek Kişilik Pike Takımı 150x220 cm Pembe,1259.99
Dream Touch Örme Sıvı Geçirmez King Size Alez 180x200 cm Beyaz,419.99
Dreamy Garden Opal Masa Örtüsü 140x200 cm Renkli,489.99
Dulcie Tek Kişilik Pike 150x220 cm Mavi,479.99
Dulcie Tek Kişilik Pike 150x220 cm Pembe,539.99
Dulcie Çift Kişilik Pike 200x220 cm Mavi,559.99
Dynamic Cam 3lü Bardak 400 ml Mor,191.99
ELB Parçalayıcı Ayak Siyah,279.99
ELM 3001 HAMUR KARIŞTIRICI - SAĞ,199.99
ELM 3001 HAMUR KARIŞTIRICI - SOL,199.99
ELM 3010 Çırpıcı Tel,649.99
Earl Cam Kek Standı 20 cm Şeffaf,400.0
Eclipsed Porselen 4 Parça 2 Kişilik Kahve Fincan Takımı 85 ml Beyaz-Gold,479.99
Edenic 4lü Bardak Altlığı 14 cm Beyaz - Lacivert,223.98
Elegant Cam 6lı Baharatlık 90 ml Kahverengi,639.99
Elegant Mermer Sunumluk Beyaz,1119.99
Elegant İpliği Boyalı Tek Kişilik Çarşaflı Nevresim Takımı 160x220 cm Gold,1439.99
Elephant Biblo Kahverengi,384.99
Elise Porselen Sahan Fırın Kabı Beyaz,279.99
Elise Çelik 4 Parça 2 Kişilik Çay Seti 170 ml Gold,359.99
Elixir Cam Karaf 1800 ml Şeffaf,239.99
"Ella Silikon Buz Kalıbı 24x15,5 cm Renkli",299.99
Elm 3010 Yoğurucu Tel,499.99
Elodie Porselen Kayık Tabak Beyaz,699.99
"Elodie Porselen Servis Tabağı 25,5 cm Beyaz",279.99
Elroy Akasya-Cam Kek Fanusu 30 cm Şeffaf,1679.99
Elsie Çerçeve Gold,314.99
Elyra Bone Porselen 4 Parça 2 Kişilik Kahve Fincan Takımı 90 ml Mavi Gold,639.99
Emberly Cam 4 Parça 2 Kişilik Çay Seti 165 ml Kahverengi-Gold,359.99
Emberly New Bone China 4 Parça 2 Kişilik Çay Fincanı Takımı 230 ml Kahverengi,719.99
English Home AIF 2030 XL Sıcak Tutma Hazneli Air Fryer 1500W Siyah-Krom,4249.99
English Home AIF 2030 XL Sıcak Tutma Hazneli Airfryer 1500W Siyah,3499.99
English Home AIF 2030 XL Sıcak Tutma Hazneli Airfryer 1500W Siyah-Bakır,4999.99
English Home CMK 6001 Cam Çay Makinesi ve Kettle Siyah,2699.99
English Home CMK 6001 Cam Çay Makinesi ve Kettle Siyah-Bakır,2349.99
English Home CMK 6001 Cam Çay Makinesi ve Kettle Siyah-Krom,2409.99
English Home CMK 6010 Inox Çay Makinesi ve Kettle Beyaz-Krom,2699.99
English Home CMK 6010 Inox Çay Makinesi ve Kettle Siyah,2579.99
English Home CMK 6010 Inox Çay Makinesi ve Kettle Siyah-Bakır,2699.99
English Home CMK 6010 Inox Çay Makinesi ve Kettle Siyah-Krom,2699.99
English Home CMK 6030 Çay Makinesi ve Kettle 2 Litre Antrasit,1799.99
English Home CMK 6030 Çay Makinesi ve Kettle 2 Litre Mint,1689.99
English Home DGR 3001 Plastik Doğrayıcı Kırmızı,1104.99
English Home DGR 3001 Plastik Doğrayıcı Siyah,1104.99
English Home DGR 3010 Doğrayıcı 1500 ml Siyah,1274.99
English Home EKM 5001 Dijital Ekmek Kızartma Makinesi 920W Siyah-Krom,1199.99
English Home ELB 3001 4 Bıçaklı El Blenderı 1500W Beyaz-Krom,1274.99
English Home ELB 3001 4 Bıçaklı El Blenderı Siyah-Krom,1274.99
English Home ELM 3001 El Mikserı 600 W Kırmızı,1104.99
English Home ELM 3001 El Mikserı 600 W Siyah,1104.99
English Home ESM 6001 Espresso Makinesi Siyah,4699.99
"English Home FKM 6001 Coffee Talks Filtre Kahve Makinesi 1,5 LT Siyah",1999.99
"English Home FKM 6010 Coffee Talks Intelligent Filtre Kahve Makinesi 1,8L Siyah",2799.99
"English Home FKM 6020 Coffee Talks Expert Filtre Kahve Makinesi 1,35 Litre Siyah",4999.99
English Home KBL 3001 Shake Away Smoothie Blender Beyaz-Bakır,1529.99
English Home KBL 3001 Shake Away Smoothie Blender Siyah-Krom,1529.99
English Home KBL 3010 Shake Away Smoothie Blender Beyaz-Bakır,2549.99
English Home KBL 3010 Shake Away Smoothie Blender Kırmızı,2549.99
English Home KBL 3010 Shake Away Smoothie Blender Lacivert,2549.99
English Home KBL 3010 Shake Away Smoothie Blender Siyah-Krom,2549.99
English Home MBS 3001 4 Bıçaklı Mini Blender Seti Siyah-Krom,2199.99
English Home MBS 3010 4 Bıçaklı Mini Blender Seti 1500W Beyaz-Krom,2499.99
English Home RMB 3001 4 Bıçaklı Multi Blender Seti 1500W Beyaz-Krom,2294.99
English Home RMB 3001 4 Bıçaklı Multi Blender Seti Siyah-Krom,2294.99
English Home SBL 3001 Cam Sürahi Blender 1750 ml Beyaz-Krom,2974.99
English Home SBL 3001 Cam Sürahi Blender 1750 ml Siyah-Krom,2974.99
"English Home SMR 3001 Hammurix Hamur Yoğurma Makinesi 5,5 L Siyah-Krom",5999.99
"English Home SMR 3001 Hammurix Stand Mikseri 5,5 L Mint",5999.99
English Home SMR 3002 Kıyma Aparatı Uyumlu Stand Mikseri 7 L Kırmızı,6299.99
"English Home SUI 6001 Inox Su Isıtıcı 1,7L Siyah",1199.99
English Home TKM 6001 Çelik Cezve Çift Taşım Türk Kahvesi Makinesi Siyah-Krom,1699.99
English Home TKM 6002 Çift Taşım Türk Kahvesi Makinesi Siyah-Bakır,1399.99
English Home TKM 6002 Çift Taşım Türk Kahvesi Makinesi Siyah-Krom,1299.99
English Home TKM 6011 Sütlü Türk Kahvesi Makinesi Siyah-Bakır,1699.99
English Home TKM 6020 Çift Hazneli İkili Türk Kahvesi Makinesi Siyah-Bakır,6549.99
English Home TKM 6020 Çift Hazneli İkili Türk Kahvesi Makinesi Siyah-Krom,6999.99
English Home TKM 6030 Çift Taşım Türk Kahvesi Makinesi Siyah-Bakır,1399.99
English Home TKM 6030 Çift Taşım Türk Kahvesi Makinesi Siyah-Krom,1399.99
English Home TKM 6031 Çelik Cezve Çift Taşım Türk Kahvesi Makinesi Beyaz-Bakır,1699.99
English Home TKM 6031 Çelik Cezve Çift Taşım Türk Kahvesi Makinesi Siyah-Krom,1699.99
English Home TKM 6040 Sütlü Türk Kahvesi Makinesi Antrasit,1699.99
English Home TKM 6040 Sütlü Türk Kahvesi Makinesi Siyah-Bakır,1699.99
English Home TKM 6040 Sütlü Türk Kahvesi Makinesi Siyah-Krom,1599.99
English Home TMK 5001 Mini Tost ve Waffle Makinesi Siyah,2179.99
English Home TMK 5001 Mini Waffle ve Tost Makinesi 900W Yeşil,2399.99
English Home TMK 5010 Çıkarılabilir Plakalı Tost Makinesi Siyah-Krom,2399.99
English Home TMK 5030 Izgara ve Tost Makinesi Inox,4099.99
English Home TMK 5050 Teflon Çıkarılabilir Plakalı Tost Makinesi 1800W Antrasit,2299.99
English Home TMK 5050 Teflon Çıkarılabilir Plakalı Tost Makinesi 1800W Kırmızı,2299.99
Essentials Paslanmaz Çelik Rende Gri,379.99
Esta Çerçeve Silver,209.99
"Estella Borosilikat-Akasya 2li Tuzluk - Biberlik 8x4x5,5 Cm Şeffaf",359.99
Ethnic Charm Kolay Ütülenir Tek Kişilik Çarşaflı Nevresim Takımı 160x220 cm Yağ Yeşili,959.99
Etna Halı Bej,2719.99
Etnich Pamuklu Bukle Kilim Bej - Kahve,1339.99
Eva Buhurdanlık Kahve,439.99
Evelina New Bone China 4 Parça 2 Kişilik Kahve Fincan Takımı 90 ml Lacivert,629.99
Evelyn Borosilikat Çaydanlık 650 – 1300 ml Şeffaf,799.99
Evie Bone Porselen 12 Parça 6 Kişilik Kahve Fincan Takımı Turuncu-Mavi,699.99
Evie Borosilikat-Akasya 2li Yağlık - Sirkelik 200 ml Şeffaf,489.99
FKM 6020 Fırça,139.99
FKM 6020 Süzgeç,649.99
Falbelo Pamuklu Yuvarlak Banyo Paspası Pembe,909.99
Fancy Dekoratif Kırlent 35x55 cm Pembe - Yeşil,439.99
Fancy Katlanabilir 2 Bölmeli Bambu Çamaşır Sepeti Bej,629.99
Fancy  Square Koltuk Şalı 120x160 cm Bej,479.99
Fancy  Square Koltuk Şalı 120x160 cm Bordo,350.0
Farleg Bambu 4lü Amerikan Servis 4Siyah,279.99
Feel Happy New Bone China Demlik Seti 400 ml Beyaz,479.99
Felice Cam 3 Bölmeli Reçellik 31 Cm,999.99
Felicita Çerçeve Gold,269.99
Felix Baskılı Pamuklu Çift Kişilik Pike Takımı 200x220 cm Sarı,1399.99
Festa Dekoratif Kırlent 33x50 cm Ekru,959.99
Fiesta Baskılı Mikrofiber Tek Kişilik Yorgan 155x215 cm Taş Rengi,799.99
Fiesta Baskılı Mikrofiber Çift Kişilik Yorgan 195x215 cm Taş Rengi,1039.99
Fig branch Tek Dal Yapay Çiçek 82 cm Bordo,329.99
Fig branch Tek Dal Yapay Çiçek 82 cm Pembe,384.99
Fiora Kırlent Kılıfı 45x45 cm Bordo,359.99
Fiore Baskılı Pamuklu Tek Kişilik Pike 150x220 cm Mor,559.99
Fiore Baskılı Pamuklu Çift Kişilik Pike 200x220 cm Mor,629.99
Fiore Cam 4lü Kadeh 540 Ml Açık Yeşil,359.99
Fiore New Bone China Kase Gri,399.99
Fiore New Bone China Servis Tabağı Gri,419.99
Fioreline Dijital Baskılı Kolay Ütülenir  Tek Kişilik Çarşaflı Nevresim Takımı 160x220 cm Yeşil-Sarı,799.99
Fish 20li Kağıt Peçete Turuncu,188.99
Fissler Adamant Classic Tava,3869.99
Fissler Adamant Premium Tava,5399.99
Fissler Adamant Çift Kulplu Tava,5669.99
Fissler Vitaquick Glossy Düdüklü Tencere Siyah,22499.99
"Fissler Vitaquick Premium Ek Cam Kapak + Buharda Pişirme Aparatlı Düdüklü Tencere Seti 6 + 3,5 L",21599.99
Fissler Vitavit Premium Düdüklü Tencere Mat,16199.98
"Fissler Vitavit Premium Düdüklü Tencere Seti 6 + 3,5 L Mat",25199.99
Fiyonklu Dekoratif Kırlent Bordo,489.99
Flair Masa Saati Siyah,500.0
Fleur Cam 2li Bardak Pembe,269.99
Fleur Multicolore King Size Çok Amaçlı Örtü 220x240 cm Yavruağzı,899.99
Fleur Multicolore Tek Kişilik Çok Amaçlı Örtü 160x220 cm Yavruağzı,629.99
Fleur Multicolore Çift Kişilik Çok Amaçlı Örtü 200x220 cm Yavruağzı,719.99
Flor Pura Masa Örtüsü 150x220 cm Mint,899.99
Flor Pura Masa Örtüsü 150x220 cm Pembe,899.99
Flora Drape Tek Kişilik Çok Amaçlı Örtü 160x220 cm Mavi,559.99
Flora Drape Çift Kişilik Çok Amaçlı Örtü 200x220 cm Mavi,899.99
Flora Paslanmaz Çelik Kokteyl Çatalı 4 Parça Gold,399.99
Floral Breeze Baskılı Pamuklu Tek Kişilik Pike 150x220 cm Yeşil,559.99
Floral Breeze Baskılı Pamuklu Çift Kişilik Pike 200x220 cm Yeşil,629.99
Floral Cascade Tek Kişilik Çok Amaçlı Örtü 160x220 cm Pembe,629.99
Floral Cascade Çift Kişilik Çok Amaçlı Örtü 200x220 cm Pembe,719.99
"Floral Garden Melamin 4lü Kahvaltılık 24,5x21,5 cm Renkli",799.99
Floral Grace Stoneware Sunumluk Siyah - Beyaz,519.99
Floral Serenade King Size Çok Amaçlı Örtü 240x220 cm Pembe,809.99
Floral Serenade Tek Kişilik Çok Amaçlı Örtü 160x220 cm Pembe,489.99
Floral Serenade Çift Kişilik Çok Amaçlı Örtü 200x220 cm Pembe,639.99
Floral Stripe Seramik Bardak Altlığı 11 cm Renkli,188.99
Floral Symphony Bone Porselen Yemek Takımı 24 Parça 6 Kişilik Renkli,3999.99
Floral Trail Tek Kişilik Pike 150x220 cm Bej,499.99
Floral Trail Çift Kişilik Pike 200x220 cm Bej,479.99
Florana New Bone China 4 Parça 2 Kişilik Çay Fincanı Takımı 220 ml Koyu Pembe,989.99
Florana New Bone China 4 Parça 2 Kişilik Çay Fincanı Takımı 220 ml Yeşil,989.99
Floreline Bone Porselen Ayaklı Kek Standı 30 cm Renkli,1119.99
Florella Kağıt 20li Kağıt Peçete 33x33 cm Yeşil,188.99
Florentis New Bone China Demlik Seti 400 – 290 ml Pembe - Yeşil,500.0
Floretta Bone Porselen 4 Parça 2 Kişilik Kahve Fincan Takımı 90 ml Mor,447.99
Florish Pamuk Tek Kişilik Çarşaflı Nevresim Takımı 160x220 cm Yeşil,1199.99
Flossy Masa Örtüsü 150x200 cm Beyaz - Bej,899.99
Flower Chic Dekoratif Tepsi Gold,479.99
Flower Joy Koltuk Şalı 120x160 cm Kahve,375.0
Flower Kırlent Kılıfı 45x45 cm Multicolor,319.99
Flowerella Dolomite Katlı Servis 21+26 cm Kırmızı-Pembe,719.99
Flowerella Dolomite Katlı Servis 21+26 cm Mavi,719.99
Floweret Pamuklu Bukle Kilim Krem,1599.99
"Flowery Duvar Aksesuarı 13,5x3,5x34,5 cm Turuncu",779.99
Flowery Hurç Beyaz,159.99
Fluffy Pelüş Kırlent Kılıfı 45x45 cm Vişne,449.99
Forest Blossom Baskılı Pamuklu Çift Kişilik Pike 200x220 cm Yeşil,639.99
Frame Pamuk Bornoz Beyaz,1039.99
Frame Pamuk Bornoz Gri,1039.99
Freda Seramik Buhurdanlık Yeşil,447.99
Fresh Ivy Kolay Ütülenir Çarşaflı Tek Kişilik Nevresim Takımı 160x220 cm Mavi,1199.99
Frezya Porselen Yemek Takımı 24 Parça 6 Kişilik Sarı-Yeşil,2799.99
Friends Cam 3lü Lisanslı Bardak 315 Ml Renkli,223.99
Fun Koltuk Şalı 130x170 cm Siyah - Beyaz,959.99
Funny Stripe Pamuklu Baskılı Plaj Havlusu 90x150 cm Pembe,639.99
Furry Pelüş Post 120x180 cm Antrasit,2699.99
Furry Pelüş Post 80x150 cm Acı Kahve,1759.99
Garden Glory Pamuk Tek Kişilik Çarşaflı Nevresim Takımı 160x220 cm Yeşil,1199.99
Garden Lullaby  Kolay Ütülenir Tek Kişilik Çarşaflı Nevresim Takımı 160x220 cm Koyu Mavi,959.99
Garden Petals Fırın Eldiveni ve Tutacak Seti Sarı,329.99
Garden Serenity Stoneware Sunumluk Renkli,559.99
Garden Toile Pamuklu Çarşaflı Tek Kişilik Nevresim Takımı 160x220 cm Bej,1439.99
Garden Veil Kolay Ütülenir Çarşaflı Tek Kişilik Nevresim Takımı 160x220 cm Pudra,959.99
Garden Veil Kolay Ütülenir Çarşaflı Tek Kişilik Nevresim Takımı 160x220 cm Yağ Yeşili,839.99
Garden Veil Kolay Ütülenir Çarşaflı Çift Kişilik Nevresim Takımı 200x220 cm Pudra,1259.99
Garden Veil Kolay Ütülenir Çarşaflı Çift Kişilik Nevresim Takımı 200x220 cm Yağ Yeşili,1259.99
Gentle Swirl Kolay Ütülenir Çarşaflı Tek Kişilik Nevresim Takımı 160x220 cm Yeşil,839.99
Gentle Swirl Kolay Ütülenir Çarşaflı Çift Kişilik Nevresim Takımı 200x220 cm Sarı,1259.99
Geo Harmony Kolay Ütülenir Çarşaflı Tek Kişilik Nevresim Takımı 160x220 cm Mavi-Sarı,1039.99
Geo Harmony Kolay Ütülenir Çarşaflı Çift Kişilik Nevresim Takımı 200x220 cm Mavi-Sarı,1279.99
Geomora Kolay Ütülenir Tek Kişilik Çarşaflı Nevresim Takımı 160x220 cm Vizon,959.99
Geomora Kolay Ütülenir Çift Kişilik Çarşaflı Nevresim Takımı 200x220 cm Vizon,1259.99
Georgia Cam Dekoratif Tepsi Mavi,419.99
Gia Koltuk Şalı 140x170 cm Multicolor,1079.99
Gifty Petal New Bone China Kupa 310 ml Pembe-Sarı-Mavi,499.99
Gina Bambu Sepet Açık Kahverengi,299.99
Ginger Glow Cam Kavanoz 950 ml Beyaz - Kırmızı,639.99
"Glacis Akasya-Cam 4 Parça Sunumluk 33x10,5x6 cm Şeffaf",384.99
Glam Rose Dolgulu Kırlent 45x45 cm Multicolor,799.99
Glamour Metal Dekoratif Obje Gold,1599.99
Glance Borosilikat Cam Sürahi Şeffaf,479.99
Glare Jakarlı Tek Kişilik Çarşaflı Nevresim Takımı 160x220 cm Bej,1599.99
Glare Jakarlı Tek Kişilik Çarşaflı Nevresim Takımı 160x220 cm Beyaz,1599.99
Gleam Cam 3lü Kadeh 350 ml Gold,499.99
Gleam Cam 3lü Kadeh 350 ml Silver,399.99
Gleam Paslanmaz Çelik Tepsi 35 cm Silver,439.99
Gleam Pipetli Cam Bardak 400 ml Lila,199.99
Glen Plaid İpliği Boyalı Tek Kişilik Çarşaflı Nevresim Takımı 160x220 cm Koyu Bej,1439.99
Glen Plaid İpliği Boyalı Çift Kişilik Çarşaflı Nevresim Takımı 200x220 cm Koyu Bej,1759.99
Glimmer Cam 2li Bardak Pembe - Yeşil,399.99
Glint Metal İkram Tepsisi 20 cm Silver,559.99
Glint Stripes İpliği Boyalı Tek Kişilik Çarşaflı Nevresim Takımı 160x220 cm Bej-Gri,1259.99
Glint Stripes İpliği Boyalı Çift Kişilik Çarşaflı Nevresim Takımı 200x220 cm Bej-Gri,1979.99
Glintter Cam 3lü Cup 380 ml Şeffaf,419.99
Glitter Cam 3lü Bardak 350 ml Gold,299.99
Glossline İpliği Boyalı Tek Kişilik Çarşaflı Nevresim Takımı 160x220 cm Gold,1259.99
Glossline İpliği Boyalı Çift Kişilik Çarşaflı Nevresim Takımı 200x220 cm Gold,1759.99
Glossy Cam Dekoratif Kutu Gold,699.99
Glossy Kaydırmaz Taban Banyo Paspası Seti 60x90 + 40x60 cm Beyaz,909.99
Glossy Kaydırmaz Taban Banyo Paspası Seti 60x90 + 40x60 cm Yeşil,909.99
Glossy Kolay Ütülenir Perkal Tek Kişilik Çarşaflı Nevresim Takımı 160x220 cm Beyaz,1259.99
Glossy Kolay Ütülenir Perkal Tek Kişilik Çarşaflı Nevresim Takımı 160x220 cm Sisli Mürdüm,1439.99
Glossy Kolay Ütülenir Perkal Çift Kişilik Çarşaflı Nevresim Takımı 200x220 cm Beyaz,1759.99
Glow Borosilikat Cam Sürahi 1800 ml Şeffaf,400.0
Glowing Bears Pamuklu Bebe Battaniye 100x120 cm Seledon,404.99
Glowy White Bone Porselen 4 Parça 2 Kişilik Kahve Fincan Takımı 90 ml Siyah-Beyaz-Gold,559.99
Golden Gleam Porselen Kupa 440 ml Beyaz-Gold,399.99
Goldenite Masa Örtüsü 145x200 cm Gold,1039.99
Goldenite Runner 45x145 cm Gold,419.99
Good Mood Dora Çelik Kaşıklı Saklama Termosu 750 ml Mavi,1039.99
Good Mood Dora Çelik Kaşıklı Saklama Termosu 750 ml Yeşil,1039.99
Good Mood Elise Çelik Termos 2 Litre Petrol Mavisi,959.99
Good Mood Elise Çelik Termos 2 Litre Sütlü Kahve,959.99
Good Mood Fiera Çelik Termos 350 ml Kırmızı,447.99
Good Mood Florinox Çelik Termos 500 ml Inox,559.99
Good Mood HeatLock Çelik Bardaklı Termos 1 Litre Koyu Yeşil,839.99
Good Mood HeatLock Çelik Bardaklı Termos 1 Litre Siyah,839.99
Good Mood HeatLock Çelik Bardaklı Termos 500 ml Petrol Mavisi,419.99
Good Mood HeatLock Çelik Bardaklı Termos 500 ml Sütlü Kahve,384.99
Good Mood Jenga Çelik Termos 750 ml Inox,699.99
Good Mood Journey Çelik Termos 600 ml Gri,559.99
Good Mood Journey Çelik Termos 600 ml Krem,559.99
Good Mood Journey Çelik Termos 600 ml Mor,559.99
Good Mood Leora PP – Cam Termos 1L Turkuaz,279.99
Good Mood Lidya Çelik Travel Mug 570 ml Pembe,384.99
Good Mood Lidya Çelik Travel Mug 570 ml Turuncu,439.99
Good Mood Loa Çelik Travel Mug 750 ml Lacivert,599.99
Good Mood Loa Çelik Travel Mug 750 ml Mor,599.99
Good Mood Lunchy Çelik Saklama Termosu 500 ml Krem,559.98
Good Mood Lunchy Çelik Saklama Termosu 500 ml Mor,559.98
Good Mood Lunchy Çelik Saklama Termosu 500 ml Yeşil,559.98
Good Mood Mila Çelik Termos 700 ml Gri,1039.99
Good Mood Napoli Çelik Travel Mug 500 ml Mavi,384.99
Good Mood Napoli Çelik Travel Mug 500 ml Pembe,384.99
Good Mood Napoli Çelik Travel Mug 500 ml Siyah - Gri,479.99
Good Mood Napoli Çelik Travel Mug 500 ml Sütlü Kahve,319.99
Good Mood Napoli Çelik Travel Mug 500 ml Turuncu,384.99
Good Mood New Etna Çelik Termos 900 ml Bordo,639.99
Good Mood New Etna Çelik Termos 900 ml Gri,559.99
Good Mood New Etna Çelik Termos 900 ml Krem,559.99
Good Mood New Etna Çelik Termos 900 ml Mor,594.99
Good Mood New Etna Çelik Termos 900 ml Yeşil,559.99
"Good Mood Orion Cam Termos 1,6L Gri",1039.99
Good Mood Raven Çelik Termos 650 ml Gri,1039.99
Good Mood Raven Çelik Termos 650 ml Siyah,1039.99
"Good Mood Sparrow Cam Termos 0,95 L Pembe",1039.99
Good Mood Valen Çelik Termos 900 ml Beyaz,839.99
Good Mood Viva Çelik Termos 500 ml Gri,519.99
Grace Koltuk Şalı 130x170 cm Multicolor,559.99
Gracy Kristalin 6lı Bardak Gold,1169.99
Grandiose Ajurlu Perkal Çift Kişilik Çarşaflı Nevresim Takımı 200x220 cm Beyaz,2399.99
Graphic Grid Kolay Ütülenir Tek Kişilik Çarşaflı Nevresim Takımı 160x220 cm Gri,839.99
Green Tea New Bone China Demlik Seti 300 ml Yeşil,519.99
Greenery Pamuk Mutfak Önlüğü 65x75 cm Beyaz - Yeşil,384.99
Greentide Cam 3 Parça Su Takımı 1150 ml + 315 ml Yeşil,499.99
Grena Borosilikat Cam Sürahi 1500 ml Yeşil,479.99
Gridline Kaydırmaz Taban Banyo Paspası Seti Beyaz,314.99
Gridline Kaydırmaz Taban Banyo Paspası Seti Hardal,319.99
Gridline Kolay Ütülenir Çarşaflı Tek Kişilik Nevresim Takımı 160x220 cm Seledon-Mürdüm,959.99
Gridline Kolay Ütülenir Çarşaflı Tek Kişilik Nevresim Takımı 160x220 cm Yağ Yeşili- Mavi,959.99
Gridline Kolay Ütülenir Çarşaflı Çift Kişilik Nevresim Takımı 200x220 cm Seledon-Mürdüm,1119.99
Gridline Kolay Ütülenir Çarşaflı Çift Kişilik Nevresim Takımı 200x220 cm Yağ Yeşili- Mavi,1119.99
Grify Kağıt 20li Kağıt Peçete 33x33 cm Siyah - Beyaz,146.99
Halley Tek Dal Yapay Çiçek 120 cm Yeşil,879.99
Happiness Cam Sürahi 1500 ml Renkli,349.99
Harbour Paslanmaz Çelik Rende 21 cm Beyaz-Gri,244.99
Hardwood Bambu Saklama Kutusu 28X20X18 cm Kahve,349.99
Harlem King Size Çok Amaçlı Örtü 240x220 cm Lacivert,719.99
Harlem Tek Kişilik Çok Amaçlı Örtü 160x220 cm Lacivert,629.99
Harlem Çift Kişilik Çok Amaçlı Örtü 200x220 cm Lacivert,639.99
Harper Paslanmaz Çelik Lunch Box 900 ml Yeşil,479.99
Harry Potter Cam Lisanslı Başucu Sürahi 700 Ml + 220 Ml Renkli,239.99
Hayden Metal Masa Saati 9 cm Krem,799.99
"HeatLock Çelik Bardaklı Termos 1,5L Siyah",1079.99
Hecha Cam Kavanoz Kırmızı,399.99
Hecha Cam Narenciye Sıkacaklı Ölçü Kabı Mutfak Gereci 500 ml Kırmızı,384.99
Hecha Cam Saklama Kabı Kırmızı,399.99
Hecha Demir Döküm Derin Tencere Mint,3199.99
Hecha Demir Döküm Derin Tencere Pembe,3199.99
Hecha Demir Döküm Izgara Tava Kırmızı,1599.99
Hecha Demir Döküm Izgara Tava Kırmızı Degrade,1999.99
Hecha Demir Döküm Izgara Tava Mat Bordo,1599.99
Hecha Demir Döküm Izgara Tava Mat Yeşil,1999.99
Hecha Demir Döküm Izgara Tava Turuncu Degrade,1999.99
Hecha Demir Döküm Tava Turuncu,1207.99
Hecha Demir Döküm Tencere 24 cm Turuncu,2799.99
Hecha Demir Döküm Tencere Kırmızı Degrade,3869.99
Hecha Demir Döküm Tencere Yeşil Degrade,3869.99
Hecha Master Paslanmaz Çelik 8 Parça Bıçak 34.5x34x33.5x24.5x21 cm Kırmızı,1999.99
Hecha Meşe Değirmen 20 cm Kırmızı,479.99
Hecha Meşe Değirmen 20 cm Turuncu,479.99
Hecha Meşe Değirmen Kırmızı,319.99
Hecha Meşe Değirmen Siyah,319.99
Hecha Meşe Değirmen Turuncu,319.99
Hecha Meşe Değirmen Yeşil,449.99
Hecha Seramik Fırın Kabı Biberiye Yeşili,809.99
Hecha Seramik Fırın Kabı Krem,879.99
Hecha Seramik Fırın Kabı Kırmızı,1199.99
"Hecha Silikon 4 Parça Servis Seti 28x32,5x31 cm x 14,5 cm Kırmızı",584.99
Hecha Silikon 4 Parça Servis Seti 28x32.5x31 cm X 14.5 cm Turuncu,519.99
Hedra Halı Multicolor,2239.99
Hera Dekoratif Tepsi 16x26 cm Kırmızı,239.99
Hera Dolomite Vazo Lila,584.99
Heritage Grace Kolay Ütülenir Çarşaflı Çift Kişilik Nevresim Takımı 200x220 cm Haki,1259.99
Heritage blue Baskılı Pamuklu Tek Kişilik Pike 150x220 cm Mavi,559.99
Heritage blue Baskılı Pamuklu Çift Kişilik Pike 200x220 cm Mavi,719.99
Honeycomb Pamuklu Peştemal 90x150 cm Açık Bej-Lacivert-Kiremit,329.99
Icy Cool Touch Alez Yastık Kılıfı 50x70 cm Mavi,479.99
Isidora Emaye Yuvarlak Tepsi 31 cm Krem,479.99
Isidora Emaye Yuvarlak Tepsi Açık Mint,359.99
Ivy Blush Kolay Ütülenir Çarşaflı Tek Kişilik Nevresim Takımı 160x220 cm Mor,959.99
Ivy Blush Kolay Ütülenir Çarşaflı Çift Kişilik Nevresim Takımı 200x220 cm Mor,1259.99
Jacobean Plaid Tek Kişilik Çok Amaçlı Örtü 160x220 cm Bordo,629.99
Janice Cam 12 Parça 6 Kişilik Çay Seti 135 ml Gold,1199.99
Jarden Metal Dekoratif Obje Gold,399.99
Jardin Belle Tek Kişilik Yatak Örtüsü Takımı 160x220 cm Bordo,1599.99
Jardin Belle Çift Kişilik Yatak Örtüsü Takımı 200x220 cm Bordo,2249.99
Jardin Metal Dekoratif Obje 30 cm Gold,1039.99
Jazz Halı Bej,2399.99
Jean Vazo Multicolor,699.99
Jenna Mdf Dekoratif Obje Kahve,419.99
Jessica Porselen 20 Parça 6 Kişilik Kahvaltı Takımı Renkli,2079.99
Jolie Dolomite Dekoratif 21x21x15 cm Kırmızı - Beyaz,839.99
Jolie Iroko İkili Servis Gereci 29 cm Kahverengi,329.99
Jorda Stoneware Vazo 20 cm Multicolor,629.99
Journey Dolomite Dekoratif Obje 16 cm Mavi,479.99
Jouyline Pamuklu Çarşaflı Çift Kişilik Nevresim Takımı 200x220 cm Yeşil,1799.99
"Joy Akasya Sunumluk 25,3x13,5 cm Beyaz - Yeşil",400.0
Joy Dolomite Sunumluk 24x13 cm Beyaz - Kırmızı,639.99
Joy Dolomite Sunumluk Beyaz - Kırmızı,629.99
Joyfull Bloom Cam Sürahi 1500 ml Renkli,499.99
Joyfull Seramik 6lı Çerezlik 6 cm Renkli,384.99
Judie Dolomite Dekoratif 20x2 Cm Mavi,329.99
Judy Seramik Dekoratif 20x2 Cm Kırmızı,329.99
Julie Seramik Vazo 12x12x14 cm Kahve - Bej,719.99
Juliet Seramik Vazo 15x15x21 cm Bej,1259.99
July Stoneware Dekoratif 10x10x10 cm Multicolor,300.0
KBL 3001 Doğrayıcı Bıçak Grubu Gri,279.99
KBL 3001 Shake Away Kişisel Blender Şişe Kapağı Beyaz,199.99
KBL 3001 Shake Away Kişisel Blender Şişe Kapağı Siyah,199.99
KBL 3001 Shake Away Kişisel Blender Şişe Şeffaf,229.98
KBL 3001 Şişe Siyah,229.99
KBL 3010 Bıçak Grubu Kırmızı,289.99
Kalida Çerçeve 13x18 cm Yeşil,487.99
Kalpli Pelüş Dekoratif Kırlent Bordo,539.99
Kalpli Pelüş Dekoratif Kırlent Pudra,359.99
Karla Porselen Vazo 26 cm Bej,959.99
Karla Stoneware Çerçeve 8x8 cm Multicolor,419.99
Katie Dekoratif Kutu Kahve,854.99
Kavita Takı Kutusu Koyu Kahverengi,399.99
"Kayla Seramik Vazo 15,5 cm Bej - Kırmızı",489.99
Kayle Dekoratif Obje 13 cm Siyah,639.99
Keira Akrilik 2li Servis Gereci Antrasit,399.99
Keira Vazo Siyah,1439.99
Kelsey Porselen Vazo 24 cm Kahve,839.99
Kerry Dekoratif Obje Gold,1439.99
Kety Cam Dekoratif Obje 20 cm Multicolor,599.99
Kety Vazo 12 cm Krem,1079.99
Kinsley Paslanmaz Çelik Un Eleği Mutfak Gereci 11 cm Açık Pembe,239.99
Kitten Cam Dekoratif Obje 22 cm Multicolor,699.99
Kitty Dekoratif Aydınlatma 10 cm Kırmızı - Beyaz,350.0
Knit Splay Örgü Puf Siyah,799.99
Koral Dekoratif Obje Gold,600.0
Kozo Kırlent Kılıfı 45x45 cm Bordo,400.0
Krina Dekoratif Kutu Krem,1199.99
Kütahya Porselen Amalfi Yemek Takımı 26 Parça 6 Kişilik Mavi-Sarı,3999.99
Kütahya Porselen Bone Luz Kahvaltı Takımı 18 Parça 6 Kişilik Beyaz,3499.99
Kütahya Porselen Milena Yemek Takımı 24 Parça 6 Kişilik Ekru,3299.99
Kütahya Porselen Moderna Kahvaltı Takımı 14 Parça 6 Kişilik Mavi Seashore,1999.99
Kütahya Porselen Moderna Yemek Takımı 24 Parça 6 Kişilik Tarçın,3699.99
Kütahya Porselen Romance Kahvaltı Takımı 14 Parça 6 Kişilik Renkli,1999.99
Laccy Cam 8 Parça 4 Kişilik Çay Seti 170 ml Gold,839.99
Lace Elegance Kopanakili Perkal Tek Kişilik Çarşaflı Nevresim Takımı 160x220 cm Beyaz,2159.99
Lace Örgü Sepet Ekru,559.99
Laces Dekoratif Aydınlatma 12 cm Kırmızı - Beyaz,350.0
Lacita Dekoratif Aydınlatma 15 cm Kırmızı - Beyaz,349.99
Lamour Seramik 6lı Pasta Tabağı 20 cm Renkli,699.99
Lara Seramik Dekoratif Aksesuar 21x21x9 cm Multicolor,899.99
Latona Kağıt 20li Kağıt Peçete 33x33 cm Siyah - Beyaz,167.99
Launis Pamuklu Bukle Kilim Krem,389.99
Laure Ayna 13x18 cm Kahverengi,479.99
Laurel Seramik Vazo Multicolor,1259.99
Lauren Seramik Vazo Multicolor,2399.99
Lavendpetal New Bone China 12 Parça 6 Kişilik Kahve Fincan Takımı 80 ml Mavi,1039.99
"Lavina Vazo 21,5 cm Krem",839.99
Lavinia Mdf Dekoratif Kutu Kahve,559.99
Layla Bone Porselen Yemek Takımı 24 Parça 6 Kişilik Yeşil,3999.99
Lea Dolgulu Kırlent 35x55 cm Ekru,479.99
Leaf Dream Kolay Ütülenir Çift Kişilik Çarşaflı Nevresim Takımı 200x220 cm Yeşil,1119.99
Leafline Baskılı Pamuklu Çift Kişilik Pike 200x220 cm Yeşil,639.99
Leafs Pamuklu Bukle Kilim 110x110 cm Krem,629.99
Leafscape New Bone China Kupa 460 ml Beyaz - Yeşil,479.99
Leafscape New Bone China Kupa 460 ml Yeşil,479.99
Leafy Bambu Banyo Havlusu 70x140 cm Açık Bej,419.99
Leafy Bambu Banyo Havlusu 70x140 cm Ekru,489.99
Leafy Bambu Banyo Havlusu 70x140 cm Pembe,489.99
Leafy Pamuklu Bukle Kilim 120x180 cm Hardal-Krem,1000.0
Leafy Pamuklu Bukle Kilim 80x150 cm Krem,719.99
Leafy Stoneware Vazo Gri - Yeşil,1399.99
Leafy Touch Pamuk Jakarlı Banyo Havlusu 90x150 cm Ekru,489.99
Leafy Touch Pamuk Jakarlı Banyo Havlusu 90x150 cm Yeşil,419.99
Leina Stoneware Dekoratif Mavi-Beyaz,639.99
Leina Stoneware Vazo 19 cm Mavi-Beyaz,559.99
Lema Dekoratif Tepsi Kahverengi,629.99
Lemmy Porselen 8 Parça 4 Kişilik Çay Seti 165 ml Renkli,599.99
Lemony Porselen Kahvaltı Takımı 20 Parça 6 Kişilik Sarı,2399.99
Lenore Masa Örtüsü 150x220 cm Gold,719.99
Leona Dekoratif Jüt Kilim Multicolor,1399.99
Leona Dekoratif Jüt Kilim Natural,1399.99
Leopura Dekoratif Kırlent 45x45 cm Açık Kahverengi,500.0
Leopura Dekoratif Kırlent 45x45 cm Bej,959.99
Leopura Dekoratif Kırlent 45x45 cm Kahve,500.0
Leptis Paslanmaz Çelik Çatal Kaşık Bıçak Takımı 18 Parça 6 Kişilik Gold,1599.99
Levina Mdf Çerçeve Kahve – Gold,239.99
"Lexus Paslanmaz Çelik 6 Parça Bıçak Seti 33x30,5x33x24,5x20,5 cm Siyah",1539.99
Lilie Şamdan Krem,629.99
Lilies Jüt 2li Amerikan Servis Antrasit,299.99
Lily Tek Dal Yapay Çiçek 70 cm Fildişi,349.99
Lilya Porselen 6lı Pasta Seti 19 cm Renkli,479.99
Lima Akasya Değirmen 9x6 cm Kahve,359.99
Linara 20li Kağıt Peçete 33x33 cm Yeşil,125.0
Linea Seramik Kahvaltı Takımı 14 parça 6 kişilik Renkli,1199.99
Lines & Dots Kolay Ütülenir Çarşaflı Tek Kişilik Nevresim Takımı 160x220 cm Mavi,1199.99
Lines & Dots Kolay Ütülenir Çarşaflı Çift Kişilik Nevresim Takımı 200x220 cm Mavi,1439.99
Lines Pamuk Bornoz Gül Kurusu,909.99
Linescape Kolay Ütülenir Tek Kişilik Çarşaflı Nevresim Takımı 160x220 cm Açık Mavi,1169.99
Lineta Dekoratif Kırlent 40x40 cm Kahve,419.99
Liny İpliği Boyalı Tek Kişilik Çarşaflı Nevresim Takımı 160x220 cm Terracotta,879.99
Lior Tek Kişilik Pike 150x220 cm Sarı,489.99
Lior Çift Kişilik Pike 200x220 cm Sarı,559.99
Liora Dolgulu Kırlent 35x50 cm Pembe,599.99
Lisa Pamuklu Nakışlı Banyo Havlusu 90x150 cm Beyaz,559.99
Little Monkey Pelüş Sıcak Su Torbası Bej,419.99
Livia Bone Porselen 4 Parça 2 Kişilik Kahve Fincan Takımı 90 ml Renkli,399.99
Livia Porselen Yemek Takımı Gold,3679.99
Loly New Bone China Kupa 460 ml Bordo,539.99
Lorinda Cam Abajur 22x25 cm Pembe,1199.99
Louice Rattan Sedefli Tepsi Kahverengi,600.0
Love Bow Pamuklu Bebe Battaniye 100x120 cm Somon,404.98
Love More Stoneware Kupa 400 ml Pembe,299.99
Love Stoneware Kupa 395 ml Turuncu,349.99
Lovely Stoneware 8 Parça 4 Kişilik Fincan 150 ml Kırmızı,559.99
Lucent Cam 3lü Bardak Şeffaf,249.99
Lucent Cam 4 Parça 2 Kişilik Kahve Fincan Takımı 102 ml Şeffaf,399.99
Lucienne Kristal 6lı Kadeh 530 ml Şeffaf,1119.99
"Lulia Akasya-Cam 2li Tuzluk - Biberlik 4,5x8cm Şeffaf",419.99
Luly Cam Sunumluk 38x13x7 Cm Şeffaf,419.99
Luly Dekoratif Kutu Kahve,1119.99
Lume Halı Multicolor,2399.99
Luminous Cam 3 Parça Su Takımı 1000 ml + 315 ml Şeffaf,359.99
Luminous White Bone Porselen 4 Parça 2 Kişilik Çay Fincanı Takımı 180 ml Siyah-Beyaz-Gold,719.99
Lumos Çelik Çaydanlık Silver,1979.99
Lunara Porselen 18 Parça 6 Kişilik Çay-Kahve Takımı 170-90 ml Beyaz,1199.99
Lunara Porselen 4 Parça 2 Kişilik Çay Fincanı Takımı 220 ml Beyaz,559.99
Lunel Masa Saati 13 cm Siyah,524.99
Lush Pamuk Masa Örtüsü 140x200 cm Krem,479.99
Lustrado Cam Lüsterli Şişe 500 ml Renkli,223.99
Lustrous Kristal 2li Bardak Şeffaf,279.99
Lustrous Kristal 2li Kadeh Şeffaf,319.99
Luxe Cam 6lı Çerezlik 9 cm Şeffaf,399.99
Luxe Keten Look Masa Örtüsü 150x200 cm Bej,1039.99
Luxe Keten Runner Bej,419.99
Luxury Cam Dekoratif Kutu Gold,539.99
Luxury Cam Dekoratif Tepsi Gold,699.99
Luz Bone Porselen Yemek Takımı 24 Parça 6 Kişilik Renkli,3999.99
Luzia Cam 3 Parça Karaf Şeffaf,699.99
Luzia Çift Kişilik Pike 200x220 cm Mavi,479.99
Lydie Akasya-Cam Kek Fanusu 26 cm Şeffaf,1499.99
MBS 3001 - RMB 3001 Çırpıcı Top Beyaz,279.99
MBS 3001 - RMB 3001 Çırpıcı Top Siyah,179.99
MBS 3001 Dişli Kutusu Beyaz,169.99
MBS 3001 Dişli Kutusu Siyah,179.99
MBS 3001 Doğrayıcı Hazne,199.99
MBS 3010 Dişli Kutusu Siyah,279.99
MBS 3010 Hazne,229.99
Macaroni Kaydırmaz Taban Banyo Paspası Seti 60x90 + 40x60 cm Bej,959.99
Macaroni Kaydırmaz Taban Banyo Paspası Seti 60x90 + 40x60 cm Mavi,559.99
Macaroni Kaydırmaz Taban Banyo Paspası Seti 60x90 + 40x60 cm Yeşil,650.0
Mae Cam 4lü Cup - Dondurma Kasesi 270 ml Şeffaf,359.99
Magie Koltuk Şalı 130x170 cm Yeşil – Kırmızı,419.99
Makeda Paslanmaz Çelik Süzgeç 22 cm Açık Mavi,449.99
Marble 3lü Banyo Seti Beyaz,719.99
Marbling Dolgulu Kırlent 45x45 cm Bej – Bordo,489.99
Marin Symphony Runner 40x140 cm Beyaz - Lacivert,419.99
Marina Örgü Sepet Mavi-Beyaz,559.99
Marine Mia Dijital Baskı Kırlent Kılıfı 45x45 cm Mavi - Yeşil,239.99
Mariner Sun Stoneware 6 Parça 3 Kişilik Fincan 150 ml Mavi-Kırmızı,419.99
Marinique Porselen Kayık Tabak Mavi-yeşil,329.99
Maritime Melody Fırın Eldiveni ve Tutacak Seti Beyaz - Yeşil,329.99
Maritime Melody Mutfak Önlüğü 65x75 cm Beyaz - Yeşil,399.99
Marivella New Bone China 4 Parça 2 Kişilik Kahve Fincan Takımı 100 ml Mavi,799.99
Marivella New Bone China Kupa 460 ml Mavi,699.99
Marivella New Bone China Yemek Takımı 24 Parça 6 Kişilik Mavi,4799.99
Marlyn Borosilikat Saklama Kabı Kahve,479.99
Marsha Seramik Vazo Bej,800.0
Marsia Seramik Vazo 16 cm Bej,699.99
Marsia Vazo Mavi,899.99
Marsilya Aynalı Tepsi Gold,909.99
Marta Seramik Dekoratif Aksesuar15x15x4 cm Multicolor,559.99
Mayra Rejenere Çizgili Peştamal 90x150 cm Fuşya-Mavi,239.99
Meghan Cam 2li Kadeh Antrasit,395.99
Melange Pamuk Banyo Havlusu 80x150 cm Bej Melanj,559.99
Melange Pamuk El Havlusu 30x45 cm Bej Melanj,183.99
Mensa Aynalı Tepsi Gold,839.99
Merion Cam Şişe 1000 ml Şeffaf,199.99
Mia Silikon 2li Buz Kalıbı 22x12 cm Turuncu,359.99
Midnight Koltuk Şalı 170x210 cm Siyah,419.99
Miny Cam Kapaklı Sunumluk Şeffaf,454.99
Miny Cam Salata Kasesi Şeffaf,279.99
Miny Cam Çerezlik Şeffaf,159.99
Mira Blush King Size Çok Amaçlı Örtü 220x240 cm Fuşya,701.99
Mira Blush Tek Kişilik Çok Amaçlı Örtü 160x220 cm Fuşya,463.99
Mira Blush Çift Kişilik Çok Amaçlı Örtü 200x220 cm Fuşya,543.99
Mira Polyresin Ayna Kahve,639.99
Mistora 20li Kağıt Peçete 33x33 cm Gri,146.99
Misty Dream Dijital Baskılı Kolay Ütülenir Çarşaflı Tek Kişilik Nevresim Takımı 160x220 cm Mor,899.99
Mixed Shapes Mutfak Gereci Yeşil,299.99
Mocha Dekoratif Kırlent Kılıfı 45x45 cm Kahve,600.0
Mocha Granit 4 Parça Kapaklı Sahan 18-20 cm Kahverengi,1039.99
Modern Braid Kolay Ütülenir Tek Kişilik Çarşaflı Nevresim Takımı 160x220 cm Yeşil-Mavi,959.99
Modern Cube Bone Porselen Kahve Fincan Takımı 4 Parça 2 Kişilik Sarı,319.99
Modern Elephant Seramik Dekoratif Obje Kahverengi,699.99
Moira Metal Kaşıklık 11x11 cm Krem,479.99
Mona Mdf Çerçeve 10x15 cm Kahverengi,300.0
Monarch Porselen Kase Siyah - Beyaz,449.99
Monarch Porselen Kayık Tabak 30 cm Siyah - Beyaz,349.99
"Moneta Masa Saati 14,5 cm Turuncu",559.99
Monetta Cam 5 Parça Baharatlık Natural,479.99
Monica Mdf Çerçeve Kahverengi,250.0
Mono Diamond İpliği Boyalı Tek Kişilik Çarşaflı Nevresim Takımı 160x220 cm Gri,1439.99
Mono Diamond İpliği Boyalı Çift Kişilik Çarşaflı Nevresim Takımı 200x220 cm Gri,1759.99
Mono Stripe Pamuk Bornoz Beyaz - Bej,1199.99
Moonlit Porselen 12 Parça 6 Kişilik Kahve Fincan Takımı 90 ml Beyaz-Gold,1259.99
Moonstar Pamuklu Nakışlı Yüz Havlusu 50x80 cm Ekru,479.99
Morava Dolgulu Kırlent 35x50 cm Siyah - Beyaz,699.99
Morisa Polyresin Çerçeve 12x12 cm Kahverengi,539.99
Morro Dekoratif Kutu Açık Kahverengi,519.99
Morro Dekoratif Kutu Kahverengi,639.99
Muse Dekoratif Kırlent 35x55 cm Kahve,639.99
Muse Dekoratif Kırlent 35x55 cm Krem,559.99
Mushroom Bebe Pelüş Dekoratif Kırlent 31x27 cm Acı Kahve,359.99
Myla Cam Kayık Tabak 47x17 cm Gold,719.99
Mystic Eyes New Bone China Kupa 425 ml Gold,479.99
Nador Paslanmaz Çelik Lunch Box Silver,479.99
"Nancy Masa Saati 9,5 cm Siyah",367.48
Napline Pamuklu Kapitoneli Sıvı Geçirmez Çift Kişilik Alez 160x200 cm Beyaz,1199.99
Nara Koltuk Şalı 130x170 cm Multicolor,559.99
Natural Bands Kolay Ütülenir Çarşaflı Tek Kişilik Nevresim Takımı 160x220 cm Mavi - Yeşil,1039.99
Natural Bands Kolay Ütülenir Çarşaflı Çift Kişilik Nevresim Takımı 200x220 cm Mavi - Yeşil,1279.99
Natural Whirl Kolay Ütülenir Tek Kişilik Çarşaflı Nevresim Takımı 160x220 cm Mavi - Bej,959.99
Navessa Kağıt Ekmek Sepeti 24x18x8 cm Krem,269.99
Navy Ajurlu Masa Örtüsü 150x200 cm Krem,809.99
Navy Ajurlu Masa Örtüsü 150x200 cm Siyah,719.99
"Nelson Masa Saati 18,5 cm Bej",699.99
Neoflam Fika Alüminyum Döküm Cam Kapaklı Sahan 20 cm Bej,2105.99
Neoflam Fika Alüminyum Döküm Tava Bej,1889.99
Neoflam Fika Alüminyum Döküm Tencere Bej,2249.99
Neoflam Midas Seramik 11 Parça Tencere Seti 16-20-24-28-28 cm Bej,9558.89
Neoflam Midas Seramik 11 Parça Tencere Seti 16-20-24-28-28 cm Gri,9566.99
Neoflam Perfect Seal Cam Derin Saklama Kabı 1600 ml Şeffaf,809.99
Neoflam Perfect Seal Cam Saklama Kabı Şeffaf,469.99
Nerba Halı Krem,1743.99
Nespresso C40 Inissia Kapsül Espresso Makinesi Kırmızı,9999.99
Nespresso F121 Latissima One Süt Çözümlü Espresso Makinesi Beyaz,19999.99
Nespresso F541 Gran Latissima Süt Çözümlü Espresso Makinesi Siyah,27999.99
New Aden Çelik Çaydanlık Silver,1599.99
Nilda Metal Çerçeve 10x15 cm Gold,499.99
Nimbus Seramik 2li Tuzluk - Biberlik 14x8 cm Beyaz,224.99
Nixie Flowery Porselen 12 Parça 6 Kişilik Kahve Fincan Takımı 80 ml Yeşil-Mavi,559.99
Noble Metal İkram Tepsisi 35 cm Silver,419.99
Noble Nuit Parfüm Seti 100 ml + 20 ml,699.99
Nostalgia Dolgulu Kırlent 35x50 cm Bej,539.99
Nour Masa Örtüsü 145x200 cm Gold,629.99
Nova Metal Çerçeve 10x15 cm Siyah,250.0
Nova Çelik Çaydanlık 1L- 2L Siyah,1599.99
Nuit Paisley Çift Kişilik Yatak Örtüsü Takımı 200x220 cm Mavi,1079.99
Nyla Çerçeve Siyah,251.99
Ocean Kırlent Kılıfı 45x45 cm Lacivert,419.99
Octavia Borosilikat-Akasya 2li Tuzluk - Biberlik 6x8 cm Şeffaf,419.99
"Octaviana Akasya-Cam 2li Tuzluk - Biberlik 4,5x8cm Yeşil",489.99
"Odel Paslanmaz Çelik Rende 22,5 cm Gri",499.99
Okaliptüs Porselen Kahvaltı Takımı 20 Parça 6 Kişilik Yeşil,2499.99
Olea Polyresin Çerçeve 13x18 cm Kahve,489.99
Olena Polyresin Çerçeve 10x10 cm Kahve,329.99
Olinda Çerçeve  Bordo,489.99
Olive Koltuk Şalı 130x170 cm Multicolor,559.99
Opal Seramik Kahvaltı Takımı 10 parça 4 kişilik Yeşil,1039.99
Optimus Borosilikat Cam Sürahi 1400 ml Şeffaf,400.0
"Orange Emaye Baharatlık 0,5L Kırmızı",539.99
Orange Rose Kolonya 200 ml Şeffaf,227.99
Orient Akasya Sunumluk Koyu Kahverengi,419.99
Ornella Borosilikat Yağdanlık Şeffaf,271.98
Orvin Porselen 4 Parça 2 Kişilik Kahve Fincan Takımı 90 ml Gümüş,559.99
Osana Metal Çerçeve 15x15 cm Gold,329.99
Osana Metal Çerçeve 15x15 cm Silver,329.99
Pablo Borosilikat 2li Baharatlık 305 ml Şeffaf,439.99
Paisley Celeste  King Size Çok Amaçlı Örtü 220x240 cm Mavi,899.99
Paisley Celeste  Tek Kişilik Çok Amaçlı Örtü 160x220 cm Mavi,629.99
Paisley Celeste  Çift Kişilik Çok Amaçlı Örtü 200x220 cm Mavi,639.99
Paisly Kağıt İp Abajur 22x22x40 cm Natural-Siyah,1119.99
Palermo CeraWell Tava Gri,639.99
Palermo Premium Tava Siyah,559.99
Panera Pamuk Banyo Havlusu 90x150 cm Mor,391.99
Panera Pamuk Banyo Havlusu 90x150 cm Sage,494.99
Paradise Cam 3lü Kadeh 350 ml Şeffaf,359.99
Parma Porselen Yemek Takımı 12 Parça 4 Kişilik Silver,1599.99
Pastoral Patch Pamuklu Çarşaflı Tek Kişilik Nevresim Takımı 160x220 cm Yeşil,1619.99
Patch Line Çift Kişilik Çok Amaçlı Örtü 200x220 cm Lacivert,719.99
Patch Mosaic Çift Kişilik Çok Amaçlı Örtü 200x220 cm Mavi,799.99
Patchform Kolay Ütülenir Tek Kişilik Nevresim Seti 160x220 cm Mavi – Bordo,719.99
Patchform Kolay Ütülenir Çift Kişilik Nevresim Seti 200x220 cm Mavi – Bordo,719.99
Patchouli & Musk Oda Spreyi 500 ml Şeffaf,250.0
"Patisserie Amelie Premium Döküm Yuvarlak Kek Kalıbı 24,5 cm Şampanya",449.99
Patisserie Clamp Karbon Çelik Kek Kalıbı Şampanya,479.99
Patisserie Helix Premium Döküm Baton Kek Kalıbı 26 cm Siyah,399.99
Patisserie Margot Premium Döküm Baton Kek Kalıbı 28 cm Şampanya,449.99
"Patisserie Mimi Karbon Çelik Muffin Kek Kalıbı 29,5x21 cm Şampanya",399.99
Patisserie Nera Döküm Kek Kalıbı 25 cm Gold-Silver,399.99
Patisserie Thin Döküm Kek Kalıbı 26 cm Gold-Silver,399.99
Patisserie Tray Karbon Çelik Kek Kalıbı 37x27 cm Şampanya,439.99
Pearl Plastik Rattan Kek Standı 30 cm Açık Kahverengi,559.99
Pearly Cam Şişe 1250 ml Şeffaf,299.99
Pearly Dokuma Kilim Ekru-Mavi-Turuncu,1049.99
Pearly Pamuklu Dokuma Kilim Turuncu-Ekru-Bej,1049.99
Pecan Masa Örtüsü 145x200 cm Bej-Kahverengi,799.99
Peggy Pelüş Halı Kahve,559.99
Peggy Pelüş Kırlent Kılıfı 45x45 cm Hardal,319.99
Peggy Pelüş Kırlent Kılıfı 45x45 cm Kahve,349.99
Peggy Pelüş Kırlent Kılıfı 45x45 cm Lila,319.99
Pena Halı 80x300 cm Bej,2799.99
Penelope Halı Multicolor,2239.99
Peony Akasya 3lü Servis Seti Krem,419.99
"Peony Çelik Süzgeç 30,5x16 cm Krem",559.99
"Peony Çelik Süzgeç 30,5x16 cm Yeşil",559.99
Perfection Masa Örtüsü 145x200 cm Lacivert,989.99
Pesca Wave  King Size Çok Amaçlı Örtü 220x240 cm Mavi,899.99
Pesca Wave  Tek Kişilik Çok Amaçlı Örtü 160x220 cm Mavi,629.99
Pesca Wave  Çift Kişilik Çok Amaçlı Örtü 200x220 cm Mavi,639.99
Petal Bouquet Kolay Ütülenir Çarşaflı Tek Kişilik Nevresim Takımı 160x220 cm Hardal,839.99
Petal Dreams Fırın Eldiveni ve Tutacak Seti Beyaz - Pembe,499.99
Petal Dreams Melamin 2’li Kaydırmaz Tepsi 33-24 cm Pembe - Yeşil,419.99
Petal Dreams Mutfak Önlüğü 75x80 cm Beyaz - Pembe,499.99
Petal Haven Bone Porselen 4 Parça 2 Kişilik Kahve Fincan Takımı 90 ml Yeşil,399.99
Petty Chic Kolay Ütülenir Tek Kişilik Nevresim Seti 160x220 cm Açık Sarı,629.99
Petty Chic Kolay Ütülenir Çift Kişilik Nevresim Seti 200x220 cm Açık Sarı,719.99
Petty Chic Tek Kişilik Pike 150x200 cm Yeşil,489.99
Petty Chic Çift Kişilik Pike 200x220 cm Yeşil,559.99
Philips 3000 Serisi STH3020/10 Taşınabilir Buharlı Düzleştirici Beyaz,2499.99
Philips 4000 Serisi FC9332/07 Toz Torbasız Süpürge + Philips HD7301/00 Çay Makinesi Hediye,8999.99
Philips 5000 Serisi DST5020/30 Buharlı Ütü 2400W Mor,2499.99
Philips 5000 Serisi DST5030/80 2400 W Buharlı Ütü + Omuz Çantası,2499.99
Philips 6000 Serisi XC6456/10 Şarjlı Dikey Süpürge,14999.99
Philips 7000 Serisi Marathon Daily XB7151/07 Toz Torbasız Süpürge,12499.99
Philips 7000 Serisi STH7060/80 Taşınabilir Buharlı Düzleştirici Siyah,3999.99
Philips Aqua Plus 8000 Serisi XC8054/01 Islak Kuru Şarjlı Dikey Süpürge,26999.99
Philips Azur 7500 Serisi DST7510/80 Buharlı Ütü 3200W Siyah,4499.99
Philips LatteGo 2300 Serisi EP2331/10 Tam Otomatik Espresso Makinesi,23499.99
Philips LatteGo 5500 Serisi EP5547/90 Tam Otomatik Espresso Makinesi,34999.99
Philips OneUp 5000 Serisi XV5113/01 Elektrikli Mop,6999.99
Philips PerfectCare Compact Essential GC6842/30 Buhar Kazanlı Ütü Mor,6499.99
Phoebe Latte New Bone China Kupa 200 ml Krem,299.99
Piatto Cest Cam 2li Baharatlık 220 ml - 220 ml Pembe - Lila,279.99
Pico Lines Porselen 12 Parça 6 Kişilik Kahve Fincan Takımı 80 ml Lacivert-Kırmızı,629.99
Pied de poule İpliği Boyalı Tek Kişilik Çarşaflı Nevresim Takımı 160x220 cm Bej,1539.99
Piero Halı Multicolor,1919.99
Pincheck İpliği Boyalı Çift Kişilik Çarşaflı Nevresim Takımı 200x220 cm Mavi,1979.99
Pine Tree Dolomite Kupa Koyu Yeşil,699.99
Pine Tree Yapay Ağaç Yeşil,1119.99
Pinkbloom Kağıt 20li Kağıt Peçete 33x33 cm Pembe,146.99
Pixel Kolay Ütülenir 2li Yastık Kılıfı 50x70 cm Mor,239.99
Pixel Çift Kişilik Pike 200x220 cm Mor,463.99
Plain Pamuk Çarşaflı Tek Kişilik Nevresim Takımı 160x220 cm Mavi-Turuncu,1259.99
Plain Pamuk Çarşaflı Tek Kişilik Nevresim Takımı 160x220 cm Yeşil-mor,1439.99
Plain Pamuk Çarşaflı Çift Kişilik Nevresim Takımı 200x220 cm Gri-Sarı,1759.99
Plain Pamuk Çarşaflı Çift Kişilik Nevresim Takımı 200x220 cm Mavi-Turuncu,1759.99
Plain Pamuk Çarşaflı Çift Kişilik Nevresim Takımı 200x220 cm Yeşil-mor,1759.99
Plantopia Emaye Tepsi 31 cm Yeşil,899.99
Plantopia Melamin 4lü Cam Kapaklı Kahvaltılık 30x21 cm Koyu Yeşil,639.99
Plantopia Porselen Yemek Takımı 24 Parça 6 Kişilik Yeşil,3149.99
Poemy Kolay Ütülenir Tek Kişilik Nevresim Seti 160x220 cm Turuncu-Mavi,719.99
Poemy Kolay Ütülenir Çift Kişilik Nevresim Seti 200x220 cm Turuncu-Mavi,809.99
Poetic Lily Kokulu Mum 270 G Şeffaf,299.99
Poffy Bunny Pamuklu Bebe Battaniye 100x120 cm Mavi,404.99
Poffy Soft-Premium Pamuklu Banyo Havlusu 70x140 cm Ekru,479.99
Poffy Soft-Premium Pamuklu Yüz Havlusu 50x80 cm Ekru,271.99
Point Seramik Kahvaltı Takımı 14 parça 6 kişilik Renkli,1199.99
Polarbox 12L Mauve - Gold,4699.99
Polarbox 12L Verda Forest - Gold,4699.99
Polarbox 20 L Bubblegum Pink - Cyan Pop,4999.99
Polarbox 20 L Marine - Mustard Classic,4999.99
Polarbox 20 L Olive Green - Gold,4999.99
Polarbox 6L Bruma - Denim Classic,4399.99
Polarbox 6L Crema - Gold,4399.99
Polarbox 6L Verda Agua - Rose Baby Pop,4399.99
Polarbox Deri Kayışlı Soğuk ve Sıcak Saklama Termosu 6L Pudra – Gold,4399.99
Polarbox Deri Kayışlı Soğuk ve Sıcak Saklama Termosu 6L Sarı – Bebe Mavisi,4399.99
Polarbox Gold Edition Deri Kayışlı Soğuk ve Sıcak Saklama Termosu 20 L Pudra – Gold,4999.99
"Polin Polyresin Duvar Aksesuarı 15x3x32,5 cm Yeşil-Gold",650.0
Polito Paslanmaz Çelik Rende 21 cm Siyah,314.99
Polka Grid Kolay Ütülenir Çarşaflı Tek Kişilik Nevresim Takımı 160x220 cm Mavi,1039.99
Polka Grid Kolay Ütülenir Çarşaflı Çift Kişilik Nevresim Takımı 200x220 cm Mavi,1279.99
Polly Seramik Dekoratif Obje 16 cm Mavi-yeşil,479.99
"Polly Seramik Vazo 25,5 cm Multicolor",1079.99
Polte Seramik Dekoratif Obje 6 cm Sarı-Yeşil,399.99
Poly Dekoratif Kutu Gold,559.99
Pop Grid Kolay Ütülenir Tek Kişilik Nevresim Seti 160x220 cm Lila-Yeşil,719.99
Pop Grid Kolay Ütülenir Tek Kişilik Nevresim Seti 160x220 cm Mavi - Yeşil,719.99
Pop Grid Kolay Ütülenir Çift Kişilik Nevresim Seti 200x220 cm Lila-Yeşil,719.99
Pop Grid Kolay Ütülenir Çift Kişilik Nevresim Seti 200x220 cm Mavi - Yeşil,719.99
Prea Cam Kavanoz Krem,249.99
Prea Cam Kavanoz Siyah,299.99
Prego CeraWell Seramik Tencere Gri,799.99
Prego CeraWell Tencere Krem - Kahve,1039.99
Prego Çelik Çaydanlık Siyah,1439.99
Premium Mikrojel Yastık 50x70 cm Beyaz,899.99
Pressico Borosilikat French Press 350 ml Siyah,449.99
Preston Stoneware Kayık Tabak Bordo,1519.99
Pretty Home Dolomite Kupa Renkli,699.99
Pretty Premium Sos Tenceresi 14 Cm Gri,419.99
Pretty Premium Sos Tenceresi 14 cm Mocha,399.99
Prime Borosilikat Cam Sürahi 1400 ml Şeffaf,479.99
Prime Expert Animals Premium Pankek Tava 28 cm Siyah,629.99
Prime Expert Premium Döküm Kapaklı Sahan Siyah - Gri,1199.99
Prime Expert Premium Sahan Siyah,399.99
Prime Gusto Döküm Tava 26 cm Siyah,749.99
Prime Maestro Premium Döküm Sahan Siyah,479.99
Promise Of Spring Kolay Ütülenir Tek Kişilik Çarşaflı Nevresim Takımı 160x220 cm Turuncu,959.99
Pumpkin Cam Dk Kum Saati Beyaz,359.99
Pumpkin Cam Dk Kum Saati Siyah,419.99
Punto Pamuk Banyo Havlusu 80x150 cm Yeşil-Beyaz,559.99
Pure Basic Pamuk Banyo Havlusu 100x150 cm Açık Pembe,639.99
Pure Basic Pamuklu Banyo Havlusu 70x140 cm Açık Pembe,479.99
Pure Basic Pamuklu Banyo Havlusu Bej,479.99
Pure Desir Parfüm Seti 100 ml + 20 ml,699.99
Pure Flowers Dekoratif Tepsi 30x42 cm Krem,419.99
Pure Flowers Pamuklu Yüz Havlusu 50x80 cm Ekru,279.99
Pure Fresh Pamuk Banyo Havlusu 70x140 cm Açık Mavi,319.99
Pure Leaves Ecosoft Çift Kişilik Pike 200x220 cm Mavi,479.99
Pure Pamuklu 2li Yastık Kılıfı 50x70 cm Beyaz,399.99
Pure Pamuklu 2li Yastık Kılıfı 50x70 cm Kahve Köpüğü,399.99
Pure Stoneware Oval Fırın Tenceresi Krem,559.99
Pure Wings  Kolay Ütülenir Tek Kişilik Nevresim Seti 160x220 cm Hardal-Yeşil,719.99
Pure Wings  Kolay Ütülenir Çift Kişilik Nevresim Seti 200x220 cm Hardal-Yeşil,719.99
Purepetal New Bone China 4 Parça 2 Kişilik Cam Tabaklı Kahve Fincan Takımı 80 ml Yeşil,629.99
Quadro Ahşap Masa Saati Naturel,839.99
Queen Dekoratif Obje 25 cm Kahve,779.99
RMB 3001 Besin İtici,199.99
RMB 3001 Büyük Rende,179.99
RMB 3001 Dilimleme Aparatı,179.99
RMB 3001 Küçük Rende,179.99
Rabecca New Bone China Kahve Fincan Takımı 4 Parça 2 Kişilik Kırmızı,539.99
Rabecca New Bone China Kahve Fincan Takımı 4 Parça 2 Kişilik Lacivert,539.99
Rabecca New Bone China Kahve Fincan Takımı 4 Parça 2 Kişilik Siyah,539.99
Rachel Cam 12 Parça 6 Kişilik Çay Seti 135 ml Şeffaf,1079.99
Ragine Dekoratif Obje Krem,959.99
Raphael Akasya-Cam Kek Fanusu 25 cm Şeffaf,1399.99
Rash Çerçeve Kahve,279.99
Ravena Kırlent Kılıfı 45x45 cm Bej,399.99
Rea Dekoratif Tepsi Kahve,719.99
Recycled Bottle Cam Vazo Yeşil,239.99
Recycled Demijohn Cam Vazo Yeşil,449.99
Reflection Metal Kapaklı Sunumluk Silver,479.99
Relax Visco Yastık 55x35x12 cm Ekru,1039.99
Remixy Seramik 2li Çay Fincanı Takımı 184 ml Mavi,399.99
Renita Paslanmaz Çelik Rende 23 cm Siyah,359.99
Resty Visco Yastık 37x54 cm Beyaz,639.99
"Rhenys Cam Ahşap Ayaklı Kase 19,5 cm Şeffaf",639.99
Rhonda Seramik Dekoratif Obje Multicolor,599.99
Rhythmic Line Kolay Ütülenir Çift Kişilik Çarşaflı Nevresim Takımı 200x220 cm Turuncu-yeşil,1049.99
Ribbon Joy Masa Örtüsü 150x200 cm Yeşil-Beyaz,639.99
Ribbon Joy Runner 40x140 cm Yeşil-Beyaz,384.99
Ricco Cam Ahşap Kapaklı 4 Bölmeli Kahvaltılık 21x21 cm Renkli,1049.99
Riga Akrilik Değirmen 17 cm Şeffaf,359.99
Ripple Bloom King Size Çok Amaçlı Örtü 220x240 cm Turuncu,719.99
Ripple Bloom Çift Kişilik Çok Amaçlı Örtü 200x220 cm Turuncu,719.99
Ripple Cam 3 Parça Su Takımı 1200 ml + 220 ml Şeffaf,559.99
Rita Kağıt İp Abajur Natural,1279.99
Romance Ribbon Pamuk Jakarlı Banyo Havlusu 90x150 cm Pudra,419.99
Rope Kırlent Kılıfı 45x45 cm Lacivert,419.99
Rosalie New Bone China Kupa 460 ml Renkli,599.99
Rosita Microcotton Pamuklu Banyo Havlusu 90x150 cm Beyaz,639.99
Rosse Dekoratif Tepsi Kahve,1599.99
Rosy Life Melamin Kaydırmaz 2li Tepsi 33-24 cm Renkli,419.99
Rowena Metal Sarımsak Ezici 16 cm Siyah,439.99
Ruby Garden Flanel Tek Kişilik Çarşaflı Nevresim Takımı 160x220 cm Koyu Yeşil,1299.99
Ruby Organizer Siyah,479.99
Rustique Akasya Sunumluk Kahverengi,779.99
SMR 3001 Metal Tas Saplı,1104.99
SMR3002 Kıyma Aparatı,1199.99
Sage Garden Bone Porselen 4 Parça 2 Kişilik Kahve Fincan Takımı 90 ml Yeşil,384.99
Sakura Tek Dal Yapay Çiçek Beyaz,479.99
Sandy Stripe Pamuk Banyo Havlusu 80x150 cm Beyaz,419.99
Sandy Stripe Pamuk Bornoz Beyaz,1119.99
Santa Kar Küresi Beyaz,454.99
Santos Borosilikat 2li Çift Cidarlı Bardak Şeffaf,299.99
"Sasha Seramik Vazo 25,5 cm Bej",1259.99
SauceMate Paslanmaz Çelik Sos Tava Silver,359.99
Sbl 3001 Bıçak Grubu  Kea Yedek Parça Beyaz,319.99
Sbl 3001 Bıçak Grubu  Kea Yedek Parça Kırmızı,319.99
Sbl 3001 Bıçak Grubu  Kea Yedek Parça Lacivert,319.99
Sbl 3001 Bıçak Grubu  Kea Yedek Parça Siyah,319.99
Sbl 3001 Hazne Kapağı  Kea Yedek Parça Beyaz,199.99
Sbl 3001 Hazne Kapağı  Kea Yedek Parça Lacivert,199.99
Sbl 3001 Hazne Kapağı  Kea Yedek Parça Siyah,199.99
Scarlet Bloom Çift Kişilik Yatak Örtüsü Takımı 200x220 cm Kırmızı,959.99
Scarlet Bloom  Tek Kişilik Yatak Örtüsü Takımı 160x220 cm Kırmızı,639.99
Sea Marine Dijital Baskı Dekoratif Kırlent 35x55 cm Mavi - Yeşil,384.99
Sea Marine Dolgulu Kırlent 35x50 cm Mavi-Bej,699.99
Sea Marine Kolay Ütülenir Çift Kişilik Çarşaflı Nevresim Takımı 200x220 cm Mavi - Bej,1119.99
Sea Shells Dekoratif Tabak Gold,279.99
Sea Tale Kırlent Kılıfı 45x45 cm Mavi-Bej,489.99
Seana Pamuklu Kilim Beyaz,719.99
Seashell 20li Kağıt Peçete Mavi,188.99
Seaside Emaye Tepsi 31 cm Beyaz - Mavi,500.0
Seaside Serenity King Size Çok Amaçlı Örtü 220x240 cm Mavi,799.99
Seaside Serenity Tek Kişilik Çok Amaçlı Örtü 160x220 cm Mavi,629.99
Seaside Serenity Çift Kişilik Çok Amaçlı Örtü 200x220 cm Mavi,639.99
Seaside Whispers Masa Örtüsü 150x200 cm Beyaz - Lacivert,899.99
Secret Garden Opal Masa Örtüsü 140x200 cm Renkli,629.99
Selene Porselen 4 Parça 2 Kişilik Kahve Fincan Takımı 80 ml Mavi,479.99
Selene Porselen 4 Parça 2 Kişilik Kahve Fincan Takımı 80 ml Sarı,479.99
Selina Bambu Saklama Kutusu Antrasit,489.99
Selina Bambu Çamaşır Sepeti 41x31x60 cm Antrasit,804.99
"Serena Silikon Airfryer Kek Kalıbı 5,5 L Bordo",169.98
Serena Vazo Multicolor,1079.99
Serenade Kolay Ütülenir Tek Kişilik Nevresim Seti 160x220 cm Yeşil,559.99
Serene Floral Pamuk Kabartma Nakışlı Yüz Havlusu 50x80 cm Beyaz,349.99
Serenika Pamuk Runner 40x140 cm Beyaz - Yeşil,384.99
Serenity Blue Bone Porselen Yemek Takımı 24 Parça 6 Kişilik Lacivert,3999.99
Seris Bone Porselen 4 Parça 2 Kişilik Kahve Fincan Takımı 90 ml Pembe - Sarı,439.99
Sevilla Baskılı Pamuklu Tek Kişilik Pike 150x220 cm Sarı,559.99
Sevilla Baskılı Pamuklu Çift Kişilik Pike 200x220 cm Sarı,699.99
Shape Porselen Yemek Takımı 8 Parça 2 Kişilik Beyaz,799.99
Shelby Bambu Kesme Tahtası Bıçak Seti Mavi,1439.99
Shelltide Masa Örtüsü 150x200 cm Beyaz - Mavi,639.99
Shellwave Porselen 4lü Pasta Seti 19 cm Lacivert-Beyaz,419.99
Shimmer Masa Örtüsü 150x240 cm Gold,1039.99
Shine Saklama Kutusu 34x22x17 Lacivert,404.99
Shine Sepet Siyah - Beyaz,161.99
Shinea Cam 3 Parça Su Takımı 1000 ml + 315 ml Renkli,499.99
Shiny Metal Sunum Tepsisi Gold,319.99
Shiny Metal Sunum Tepsisi Gümüş,319.99
Siana Cam Kek Standı 28 cm Gold,419.99
Silikon Tutamak  Kea Yedek Parça Beyaz,169.99
Silikon Tutamak  Kea Yedek Parça Kırmızı,169.99
Silikon Tutamak  Kea Yedek Parça Lacivert,249.99
Silikon Tutamak  Kea Yedek Parça Siyah,169.99
Silky Shine Kaydırmaz Taban Banyo Paspası 50x80 cm Gri,300.0
Silky Shine Kaydırmaz Taban Banyo Paspası 50x80 cm Petrol,300.0
Silky Shine Kaydırmaz Taban Banyo Paspası 50x80 cm Yeşil,300.0
Silva Baskılı Pamuklu Tek Kişilik Pike 150x220 cm Pembe,559.99
Silva Halı Multicolor,1743.99
Simone Borosilikat Kavanoz Açık Pembe,499.99
Simone Borosilikat Kavanoz Yeşil,359.99
Simple Bloom Opal Masa Örtüsü 140x200 cm Renkli,559.99
Simple Checks Kolay Ütülenir Çarşaflı Tek Kişilik Nevresim Takımı 160x220 cm Kahverengi,959.99
Simple Checks Kolay Ütülenir Çarşaflı Çift Kişilik Nevresim Takımı 200x220 cm Kahverengi,1119.99
Simple Checks Kolay Ütülenir Çift Kişilik Çarşaflı Nevresim Takımı 200x220 cm Seledon,1119.99
Simple White Koltuk Şalı 130x170 cm Ekru,839.99
Skylin Kokulu Mum,439.99
Sleek Stripes Çift Kişilik Yatak Örtüsü Takımı 200x220 cm Mavi,959.99
Smile Stoneware Kupa 395 ml Açık Yeşil,279.99
Smooth Fringes Pamuk 6lı Misafir Peçetesi Bordo,419.99
Smooth Fringes Pamuk 6lı Misafir Peçetesi Krem,439.99
Smooth Fringes Pamuk 6lı Misafir Peçetesi Yeşil,439.99
Snowman Seramik 2li Tuzluk - Biberlik 9x6 cm Beyaz - Yeşil,559.99
Soft Bloom Stoneware Fırın Kabı Krem,209.99
Soft Bloom Stoneware Karıştırma Kabı 23 cm Krem,699.99
Soft Garden Porselen Kahvaltı Takımı 20 Parça 6 Kişilik Gold,3999.99
Soft Garden Porselen Yemek Takımı 24 Parça 6 Kişilik Gold,4799.99
Soft Prime Seramik Kahvaltı Takımı 14 parça 6 kişilik Krem,1599.99
Soft Stripe Pamuk Banyo Havlusu 80x150 cm Fildişi,559.99
Soft Touch Rabbit Pelüş Halı Antrasit,1999.99
Soft Touch Rabbit Pelüş Halı Bej,1259.99
Soft Touch Rabbit Pelüş Halı Pudra,1999.99
Soft Touch Rabbit Pelüş Kırlent Kılıfı Antrasit,319.99
Soft Touch Rabbit Pelüş Kırlent Kılıfı Beyaz,419.99
Soft Touch Rabbit Pelüş Kırlent Kılıfı Pudra,479.99
Soft Touch Rabbit Pelüş Post Antrasit,959.99
Soft Touch Rabbit Pelüş Post Beyaz,1359.99
Soft Çubuklu Oda Kokusu 100 ml,319.99
Softline Pamuk Banyo Havlusu 90x150 cm Beyaz,699.99
Softy Pelüş Sıcak Su Torbası Gri,419.99
Solene Cam Dekoratif Tepsi 30x42 cm Siyah - Beyaz,479.99
Solvi Koltuk Şalı 170x210 cm Multicolor,479.99
Spectral Cam 2li Lüsterli Kadeh Renkli,359.99
Spotty Pelüş Sıcak Su Torbası Krem Siyah,479.99
Spring Mosaic Pamuklu Tek Kişilik Nevresim Seti 160x220 cm Mavi - Yeşil,899.99
Spring Mosaic Pamuklu Çift Kişilik Nevresim Seti 200x220 cm Mavi - Yeşil,959.99
Sprosse Cam 2li Kadeh 350 ml Yeşil,319.99
Spruce Cam 6lı Kahve Yanı Bardak 125 ml Şeffaf,359.99
Stacia Vazo Yeşil,1039.99
Star Mikrofiber Kapitoneli King Size Alez 180x200 cm Beyaz,599.99
Star Mikrofiber Kapitoneli Tek Kişilik Alez 100x200 cm Beyaz,479.99
Star Mikrofiber Kapitoneli Çift Kişilik Alez 160x200 cm Beyaz,599.99
Stars Şamdan Mavi,479.99
Static Check Çok Amaçlı Çift Kişilik Yatak Örtüsü Takımı 200x220 cm Gri,959.99
Steel Master Paslanmaz Çelik Mutfak Gereci Gri,299.99
Stella Borosilikat French Press 360 ml Açık Pembe,239.99
Stella Cam Sunumluk Şeffaf-Gold,279.99
Steve Halı 80x150 cm Bej,879.99
Stone 3lü Banyo Seti Bej,1079.99
Strada Grid Çift Kişilik Çok Amaçlı Örtü 200x220 cm Yeşil,719.99
Straw Line Kağıt 20li Kağıt Peçete 33x33 cm Kahverengi,157.49
Stria Kolay Ütülenir Çarşaflı Tek Kişilik Nevresim Takımı 160x220 cm Mavi - Bej,1199.99
Stria Kolay Ütülenir Çarşaflı Çift Kişilik Nevresim Takımı 200x220 cm Mavi - Bej,1439.99
Stripe Bukle Kilim Natural,1599.99
Subtle Waves İpliği Boyalı Çift Kişilik Çarşaflı Nevresim Takımı 200x220 cm Mavi,1599.99
Summer Apple Masa Örtüsü 150x200 cm Yeşil,559.99
Summer Fruit Vazo Yeşil,719.99
Summer Grid Baskılı Pamuklu Tek Kişilik Pike 150x220 cm Turuncu,559.99
Summer Vazo Multicolor,799.99
Sunleaf Tek Kişilik Pike 150x220 cm Sarı,419.99
Sunleaf Çift Kişilik Pike 200x220 cm Sarı,489.99
Sunline Stoneware Vazo 21 cm Sarı,639.99
Sunshine Stoneware Kupa 395 ml Açık Kahverengi,279.99
Sunwake Cam-Bambu 4lü Kahvaltılık 18x18 cm Şeffaf,909.99
Sway Bone Porselen 2li Kupa 290 ml Sarı,239.99
Sweet Panda Pelüş Bebe Dekoratif Kırlent 40x26 cm Beyaz,329.99
Sweet Rabbit Bebe Pelüş Dekoratif Kırlent 35x27 cm Beyaz,479.99
Sweet Rabbit Bebe Pelüş Dekoratif Kırlent 35x27 cm Pembe,479.99
Sweet Strawberry Pamuklu Plaj Havlusu 70x140 cm Fuşya,299.99
Sweet Stripes Baskılı Pamuklu Tek Kişilik Pike 150x220 cm Pembe,559.99
Sweet Stripes Baskılı Pamuklu Çift Kişilik Pike 200x220 cm Pembe,719.99
Sweet Séduction Kadın Parfümü 100 ml Lila,299.99
Swirl Check İpliği Boyalı Tek Kişilik Çarşaflı Nevresim Takımı 160x220 cm Siyah,1619.99
Swirl Check İpliği Boyalı Çift Kişilik Çarşaflı Nevresim Takımı 200x220 cm Siyah,1759.99
Symphony Akasya-Cam Sunumluk Kahve,639.99
TKM 6002 Cezve Kırmızı,900.99
TKM 6002 Cezve Lacivert,899.99
TKM 6002 Cezve Siyah-Bakır,899.99
TKM 6002 Cezve Siyah-Krom,900.99
TKM 6010 - TKM 6011 Kahve Ölçü Kaşığı,159.99
TKM 6011 CEZVE Antrasit,1055.99
TKM 6011 CEZVE Kırmızı,865.99
TKM 6011 Cezve Siyah-Bakır,919.99
TKM 6011 Cezve Siyah-Krom,919.99
TKM ÖLÇEK KAŞIĞI SİYAH - TEK TARAFLI,199.99
TMK 5001 Tost Plakası Kea Yedek Parça Siyah,299.99
TMK 5010 Tost Plakası  Kea Yedek Parça,349.99
TMK 5020 Teflon Plaka,473.99
TMK 5040 Teflon Plaka,741.99
Talavera Garden Bone Porselen 4 Parça 2 Kişilik Kahve Fincan Takımı 90 ml A. Mavi-Yeşil-Sarı,449.99
Talia Dekoratif Tepsi Kahve,1199.99
Talia Mdf Dekoratif Kutu Antrasit,479.99
Talisman Star Bone Porselen 4 Parça 2 Kişilik Kahve Fincan Takımı 90 ml Gold,559.99
Tassel Check Pamuklu Püsküllü Banyo Paspası Bej,559.99
Tattersall İpliği Boyalı Tek Kişilik Çarşaflı Nevresim Takımı 160x220 cm Kahverengi,1439.99
Tattersall İpliği Boyalı Çift Kişilik Çarşaflı Nevresim Takımı 200x220 cm Kahverengi,1759.99
Tendre Runner 40x140 cm Kırmızı,400.0
Tendril Bloom Tek Kişilik Çok Amaçlı Örtü 160x220 cm Yeşil,399.99
Tendril Bloom Çift Kişilik Çok Amaçlı Örtü 200x220 cm Yeşil,809.99
Terra Pamuk Sepet Natural-Siyah,439.99
Terra Pelüş Halı Kahve,2099.99
The Sea Is Calling Dolgulu Kırlent 33x50 cm Lacivert-Bej,699.99
"Thermos Icon IS101 Mug 0,47 L Açık Mavi",2249.99
"Thermos Icon IS101 Mug 0,47 L Bej",2249.99
"Thermos Icon IS101 Mug 0,47 L Gece Mavisi",2249.99
"Thermos Icon IS115 Slide Lock Mug 0,53 L Gece Mavisi",1849.99
"Thermos Icon IS115 Slide Lock Mug 0,53 L Kahverengi",1849.99
"Thermos Icon IS115 Slide Lock Mug 0,53 L Turuncu",1849.99
"Thermos Icon IS115 Slide Lock Mug 0,53 L Yeşil",1849.99
"Thermos Icon IS210 Termos 1,2L Kiremit",2949.99
"Thermos Icon IS210 Termos 1,2L Mavi",2949.99
"Thermos Icon IS210 Termos 1,2L Yeşil",2949.99
"Thermos Icon IS233 Pipetli Termos 0,94 L Bej",2249.99
"Thermos Icon IS233 Pipetli Termos 0,94 L Gri",2249.99
"Thermos Icon IS233 Pipetli Termos 0,94 L Kiremit",2249.99
"Thermos Icon IS233 Pipetli Termos 0,94 L Pembe",2249.99
"Thermos Icon IS251 Pipetli Termos 0,53 L Lacivert",1749.99
"Thermos Icon IS251 Pipetli Termos 0,53 L Pembe",1749.99
"Thermos Icon IS251 Pipetli Termos 0,53 L Turuncu",1749.99
"Thermos JNL-500 Ultralight Mug 0,5L Mint",1649.99
"Thermos JNL-500 Ultralight Mug 0,5L Pembe",1649.99
"Thermos SK1005 Stainless King Mug 0,47 L Gece Mavisi",2199.99
"Thermos SK1005 Stainless King Mug 0,47 L Kırmızı",2199.99
"Thermos SK1005 Stainless King Mug 0,47 L Mat Gri",2199.99
Thermos SK2020 Stainless King X Large Mug 2L Gece Mavisi,3699.99
Thermos SK2020 Stainless King X Large Mug 2L Kırmızı,3699.99
Tiffany Plastik 6lı Servis Gereci 33 cm Renkli,489.99
Tile Check İpliği Boyalı Tek Kişilik Çarşaflı Nevresim Takımı 160x220 cm Lacivert-Kırmızı,1439.99
Tile Check İpliği Boyalı Çift Kişilik Çarşaflı Nevresim Takımı 200x220 cm Lacivert-Kırmızı,1759.99
Timeless Grid Kolay Ütülenir Çarşaflı Tek Kişilik Nevresim Takımı 160x220 cm Gri,1199.99
Timeless Grid Kolay Ütülenir Çarşaflı Çift Kişilik Nevresim Takımı 200x220 cm Gri,1439.99
Timeless Line Kolay Ütülenir Çarşaflı Tek Kişilik Nevresim Takımı 160x220 cm Bej,839.99
Tkm İnox Cezve Komple - Tek Tuş Mdl  Kea Yedek Parça Inox,995.99
Tmk 5001 Alt Waffle Plakası  Kea Yedek Parça Siyah,249.99
Tmk 5001 Üst Waffle Plakası  Kea Yedek Parça Siyah,249.99
Tmk 5030 Rezistanslı Plaka  Kea Yedek Parça Siyah,1399.99
Tolida Kağıt 2li Amerikan Servis Mavi,199.99
Torrent Cam Şişe 1000 ml Turkuaz,299.99
Trace Cam 3 Parça Su Takımı 1200 ml + 180 ml Şeffaf,300.0
Tresa Seramik Vazo 14 cm Gold,499.99
Triangle Flow Kolay Ütülenir Çift Kişilik Çarşaflı Nevresim Takımı 200x220 cm Lacivert,1259.99
Trio Patch Kolay Ütülenir Çift Kişilik Çarşaflı Nevresim Takımı 200x220 cm Bej,979.99
Trio Shape Kolay Ütülenir Tek Kişilik Çarşaflı Nevresim Takımı 160x220 cm Turuncu,959.99
Trio Shape Kolay Ütülenir Çift Kişilik Çarşaflı Nevresim Takımı 200x220 cm Gri,1119.99
Triweave Kolay Ütülenir Çarşaflı Tek Kişilik Nevresim Takımı 160x220 cm Bej,1079.99
Triweave Kolay Ütülenir Çarşaflı Tek Kişilik Nevresim Takımı 160x220 cm Yeşil,1079.99
Triweave Kolay Ütülenir Çarşaflı Çift Kişilik Nevresim Takımı 200x220 cm Bej,1259.99
Triweave Kolay Ütülenir Çarşaflı Çift Kişilik Nevresim Takımı 200x220 cm Yeşil,1259.99
Troya Seramik Vazo Bronz,1279.99
Tulia Metal Çerçeve Siyah,179.99
Twiluxe  İpliği Boyalı Tek Kişilik Çarşaflı Nevresim Takımı 160x220 cm Lacivert,1439.99
Twiluxe  İpliği Boyalı Çift Kişilik Çarşaflı Nevresim Takımı 200x220 cm Lacivert,1759.99
Twinkle Tree Pamuk Nakışlı Yüz Havlusu 50x80 cm Beyaz,399.99
Tyler Cam 3lü Baharatlık 950 ml Şeffaf,639.99
Urbann Bambu Katlanabilir 2 Bölmeli Çamaşır Sepeti Kahve,607.99
Valentina New Bone China Kupa 300 ml Lila,419.99
Valentina New Bone China Kupa 300 ml Pembe,384.99
Valessa Fırın Eldiveni ve Tutacak Seti Krem-Gri,439.99
"Valley Porselen Vazo 17,5 cm Mavi-Turuncu",839.99
Valora Seramik 4 Parça 2 Kişilik Kahve Fincan Takımı 90 ml Açık Yeşil,384.99
Valora Seramik 4 Parça 2 Kişilik Kahve Fincan Takımı 90 ml Pembe,419.99
"Vanessa Porselen Vazo 20,5 cm Mavi",719.99
Vanilla New Bone China  Çay Fincanı Takımı 4 Parça 2 Kişilik Açık Pembe,1039.99
Vanilla New Bone China 4 Parça 2 Kişilik Kahve Fincan Takımı 90 ml Açık Yeşil,799.99
Vanilla New Bone China 4 Parça 2 Kişilik Kahve Fincan Takımı Açık Mavi,719.99
Vanilla New Bone China 4 Parça 2 Kişilik Kahve Fincan Takımı Mor,719.99
Vanilla New Bone China 4 Parça 2 Kişilik Kahve Fincan Takımı Sarı,719.99
Vanilla New Bone China Kahve Fincan Takımı 4 Parça 2 Kişilik Açık Pembe,799.99
Vanilla New Bone China Kahve Fincan Takımı 4 Parça 2 Kişilik Lacivert,719.99
Vanilla New Bone China Kahve Fincan Takımı 4 Parça 2 Kişilik Turkuaz,799.99
Vanilla New Bone China Pasta Tabağı 16 cm Turkuaz,249.99
Vanilla New Bone China Pasta Tabağı 20 cm Açık Mavi,399.99
Vanilla New Bone China Pasta Tabağı 20 cm Mor,399.99
Vanilla New Bone China Pasta Tabağı 20 cm Sarı,399.99
Vanilla New Bone China Çay Fincan Takımı 4 Parça 2 Kişilik Açık Gri,1039.99
Vanilla New Bone China Çay Fincan Takımı 4 Parça 2 Kişilik Açık Mavi,1039.99
Vanilla New Bone China Çay Fincan Takımı 4 Parça 2 Kişilik Açık Yeşil,1039.99
Vanilla New Bone China Çay Fincan Takımı 4 Parça 2 Kişilik Mor,1039.99
Vanilla New Bone China Çay Fincan Takımı 4 Parça 2 Kişilik Sarı,1039.99
Vanilla New Bone China Çay Fincanı Takımı 4 Parça 2 Kişilik Turkuaz,1039.99
Velonix Cam 2li Tuzluk - Biberlik 6x9 cm Şeffaf,479.99
Velvet Bloom Pamuk Yüz Havlusu 50x80 cm Beyaz,239.99
Verda Halı Multicolor,1919.99
Verna Duvar Saati 30 cm Bordo,559.99
Verona Porselen Katlı Servis 21+26 cm Beyaz,559.99
Verona Porselen Kayık Tabak Beyaz,209.99
Verona Porselen Sunumluk 19 cm Beyaz,79.99
Verona Rattan Dekoratif Tepsi Naturel,1619.99
Vespera Dolgulu Kırlent 35x50 cm Multicolor,699.99
Victoria Rattan Sunumluk Kahverengi,559.99
Victorinox 1.3603.B1 Paslanmaz Çelik Spartan Çakı,1979.99
Victorinox 3 Parça Bıçak Seti Kırmızı,1369.98
Victorinox 3 Parça Bıçak Seti Siyah,1369.99
Victorinox 6.0950.1 RHO Düz Kenar Tek Taraf Soyacak Kırmızı,389.99
Victorinox 6.0950.3 RHO Düz Kenar Tek Taraf Soyacak Siyah,389.99
Victorinox 6.0950.4 RHO Düz Kenar Tek Taraf Soyacak Yeşil,389.99
Victorinox 6.7111.34C1 Paslanmaz Çelik 3’lü Set Bıçak Seti Kırmızı,1369.99
Victorinox 6.7113.34 Swiss Classic Paslanmaz Çelik 3lü Set Bıçak Seti Siyah,1259.99
Victorinox 6.7116.32C1 Swiss Classic Paslanmaz Çelik 3lü Bıçak Seti Renkli,1289.99
Victorinox 6.7116.34C1 Swiss Classic Paslanmaz Çelik 3lü Bıçak Seti Renkli,1369.99
Victorinox 6.7601.C1 Swiss Classic Paslanmaz Çelik Düz Sivri Uçlu Bıçak 8 cm Kırmızı,399.99
Victorinox 6.7605.C1 Paslanmaz Çelik Bıçak 8 cm Mor,399.99
Victorinox 6.7606.L115 Paslanmaz Çelik Bıçak 8 cm Pembe,399.99
Victorinox 6.7633 Paslanmaz Çelik Tırtıklı Soyma Bıçak 8 cm Siyah,399.99
Victorinox 6.7634.C1 Paslanmaz Çelik Tırtıklı Soyma Bıçak 8 cm Yeşil,399.99
Victorinox 6.7635.C1 Swiss Classic Paslanmaz Çelik Tırtıklı Soyma Bıçak 8 cm Mor,399.99
Victorinox 6.7638.C1 Paslanmaz Çelik Tırtıklı Soyma Bıçak 8 cm Sarı,399.99
Victorinox 6.7639.C1 Paslanmaz Çelik Tırtıklı Soyma Bıçak 8 cm Turuncu,399.99
Victorinox 6.7701.C1 Swiss Classic Paslanmaz Çelik Düz Sivri Uçlu Bıçak 10 cm Kırmızı,479.99
Victorinox 6.7705.C1 Paslanmaz Çelik Bıçak 10 cm Mor,479.99
Victorinox 6.7709.C1 Paslanmaz Çelik Bıçak 10 cm Turuncu,479.99
Victorinox 6.7731.C1 Swiss Classic Paslanmaz Çelik Tırtıklı Soyma Bıçak 10 cm Kırmızı,479.99
Victorinox 6.7831.C1 Swiss Classic Paslanmaz Çelik Tırtıklı Domates Bıçak 11 cm Kırmızı,479.99
Victorinox 6.7835.C1 Paslanmaz Çelik Tırtıklı Soyma Bıçak 11 cm Mor,479.99
Victorinox 6.7836.L114 Paslanmaz Çelik Tırtıklı Soyma Bıçak 11 cm Yeşil,479.99
Victorinox 6.7839.C1 Swiss Classic Paslanmaz Çelik Domates Bıçak 11 cm Turuncu,479.99
Victorinox 6.7933.B Paslanmaz Çelik 2li Tırtıklı Bıçak Seti 12 cm Siyah,1289.99
Victorinox 6.8003.19B Paslanmaz Çelik Doğrama Bıçak 19 cm Siyah,2589.99
Victorinox 6.8103.12B Paslanmaz Çelik Doğrama Bıçak 12 cm Siyah,1809.99
Victorinox 7.6081.1 Rende Kalın Kırmızı,789.99
Victorinox Domates ve Sofra Bıçak 11 cm Pembe,479.99
Victorinox Domates ve Sofra Bıçak 11 cm Turuncu,479.99
Victorinox IOTA Tırtıklı Kenar Çift Taraf Soyacak Kırmızı,389.99
Victorinox IOTA Tırtıklı Kenar Çift Taraf Soyacak Siyah,389.99
Victorinox IOTA Tırtıklı Kenar Çift Taraf Soyacak Yeşil,389.99
Victorinox Rex Alüminyum Soyacak,469.99
Victorinox Soyacak ve Sofra Bıçak Seti Siyah,889.99
Victorinox Soyma Bıçak 8 cm Sarı,399.99
Victorinox Soyma Bıçak 8 cm Yeşil,399.99
Victorinox Star Alüminyum Jülyen Soyacak,549.99
Victorinox SwissClassic Domates & Sosis Bıçak 11 cm Siyah,479.99
Victorinox SwissClassic Soyma Bıçak 10 cm Kırmızı,479.99
Victorinox SwissClassic Soyma Bıçak 10 cm Siyah,479.99
Victorinox SwissClassic Soyma Bıçak 8 cm Kırmızı,399.99
Victorinox SwissClassic Soyma Bıçak 8 cm Siyah,399.99
Victorinox VT 6.8003.15B Paslanmaz Çelik Şef Doğrama Bıçak 15 cm,2119.99
Victorinox VT Soyma Bıçak 8 cm Pembe,399.99
Victorinox YPSO Tırtıklı Kenar Çift Taraf Soyacak Kırmızı,389.99
Victorinox YPSO Tırtıklı Kenar Çift Taraf Soyacak Siyah,389.99
Victorinox YPSO Tırtıklı Kenar Çift Taraf Soyacak Yeşil,389.99
Vintage Borosilikat Kavanoz Beyaz,384.99
Vintage Paisley Koltuk Şalı 140x170 cm Yeşil,839.99
Violet Porselen Kahvaltı Takımı 10 parça 4 kişilik Renkli,799.99
Vionne Kolay Ütülenir Çarşaflı Tek Kişilik Nevresim Takımı 160x220 cm Açık Sarı,839.99
Vionne Kolay Ütülenir Çarşaflı Tek Kişilik Nevresim Takımı 160x220 cm Lila,959.99
Vionne Kolay Ütülenir Çarşaflı Çift Kişilik Nevresim Takımı 200x220 cm Açık Sarı,1119.99
Vireo Porselen 12 Parça 6 Kişilik Kahve Fincan Takımı 80 ml Mavi-Kırmızı,559.99
"Viserra Cam Ahşap Ayaklı Kase 19,5 cm Şeffaf",639.99
Viserys Cam-Ahşap Sunumluk Şeffaf,719.99
Waffle %100 Pamuklu Bornoz Takımı Mor,2399.99
Waffle Weave Kaydırmaz Taban Banyo Paspası 50x80 cm Gri,551.99
Waffle Weave Kaydırmaz Taban Banyo Paspası 50x80 cm Krem,489.99
Waffle Weave Kaydırmaz Taban Banyo Paspası 50x80 cm Mavi,250.0
Warm Shapes Kolay Ütülenir Çarşaflı Tek Kişilik Nevresim Takımı 160x220 cm Yeşil-Bej,1199.99
Warm Shapes Kolay Ütülenir Çarşaflı Çift Kişilik Nevresim Takımı 200x220 cm Yeşil-Bej,1439.99
Wave Check Kolay Ütülenir Tek Kişilik Çarşaflı Nevresim Takımı 160x220 cm Açık Yeşil-Bej,839.99
Wave Check Kolay Ütülenir Çift Kişilik Çarşaflı Nevresim Takımı 200x220 cm Açık Yeşil-Bej,1119.99
Wave Porselen 6lı Pasta Seti 20 cm Beyaz,3999.99
Wavelet Kaydırmaz Taban Banyo Paspası Seti Mor,279.99
Wavy Stoneware Vazo 14 cm Bej,699.99
"Wavy Stoneware Vazo 14,5x14,5x19 cm Bordo",839.99
Wendy Bone Porselen Çay Tabağı 11 cm Mavi,139.99
Westinghouse Retro Ekmek Kızartma Makinesi Siyah,2499.99
Westinghouse Retro El Blenderı Krem,1999.99
Westinghouse Retro El Blenderı Kırmızı,2099.99
Westinghouse Retro El Blenderı Siyah,1999.99
Westinghouse Retro Standlı El Mikseri Krem,3749.99
Westinghouse Retro Standlı El Mikseri Kırmızı,4499.99
Westinghouse Retro Standlı El Mikseri Pembe,4999.99
Westinghouse Retro Standlı El Mikseri Siyah,3499.99
"Westinghouse Retro Su Isıtıcı 1,7 Lt Siyah",3749.99
"Westinghouse Retro Su Isıtıcı 1,7L Kırmızı",3999.99
Whimsy Stoneware Kupa 375 ml Renkli,629.99
Whimsy Stoneware Sunumluk 23x23x14 Cm Renkli,1599.99
Whisper Cam Sunumluk Şeffaf,1169.99
Whispering Bone Porselen 4 Parça 2 Kişilik Kahve Fincan Takımı 90 ml Yeşil,399.99
Whispering Petals Fırın Eldiveni ve Tutacak Seti Pembe - Turuncu,489.99
Whispering Petals Mutfak Önlüğü 75x80 cm Pembe - Turuncu,449.99
Whispers Dijital Baskılı Kolay Ütülenir  Tek Kişilik Çarşaflı Nevresim Takımı 160x220 cm Seledon,799.99
White Chic Bone Porselen 4 Parça 2 Kişilik Kahve Fincan Takımı 90 ml Siyah-Beyaz-Gold,559.99
White Mirage Bone Porselen 4 Parça 2 Kişilik Kahve Fincan Takımı 90 ml Siyah-Beyaz-Gold,559.99
Wicker Plastik Rattan Katlı Servis Açık Kahverengi,639.99
Wild Blossom Bone Porselen 4 Parça 2 Kişilik Kahve Fincan Takımı 90 ml Yeşil,399.99
Wild Terra Kokulu Mum 120 gr Şeffaf,239.99
Wildflower Dream Çift Taraflı Pamuklu Tek Kişilik Nevresim Seti 160x220 cm Yeşil,799.99
William Pamuklu Çift Kişilik Battaniye 200x220 cm Bej,639.99
Windsor Kolay Ütülenir Tek Kişilik Çarşaflı Nevresim Takımı 160x220 cm Yeşil,1039.99
Windsor Kolay Ütülenir Çift Kişilik Çarşaflı Nevresim Takımı 200x220 cm Mavi,1119.99
Winter Patch Flanel Tek Kişilik Çarşaflı Nevresim Takımı 160x220 cm Açık Yeşil,1299.99
Winter Tree Borosilikat Pipetli Bardak 460 ml Yeşil,224.99
Wishful Bone Porselen 4 Parça 2 Kişilik Kahve Fincan Takımı 90 ml Kırmızı - Yeşil,419.99
Wisp Porselen 4 Parça 2 Kişilik Kahve Fincan Takımı 80 ml Yeşil-Kırmızı,239.99
Woodland Mango Kase 16 cm Kahverengi,449.99
Woody Kolay Ütülenir Çift Kişilik Nevresim Seti 200x220 cm Bej-Kahverengi,719.99
Wooly Yün Tek Kişilik Yorgan 155x215 cm Beyaz,1599.99
Wrapped Amerikan Servis Siyah,179.99
You Rock Stoneware Kupa 395 ml Mavi,244.99
Yılbaşı Ağacı Dekoratif Obje Koyu Kahverengi,769.99
Yılbaşı Ağacı Yeşil,1599.99
Zairan Dekoratif Kırlent 33x50 cm Natural,699.99
Zebra Dekoratif Kırlent 45x45 cm Açık Kahverengi,500.0
Zebra Dekoratif Kırlent 45x45 cm Kahve,719.99
Zest Cam 2li Tuzluk - Biberlik 20x11x5 cm Siyah,399.99
Şişe Kapağı  Kea Yedek Parça Beyaz,199.99
Şişe Kapağı  Kea Yedek Parça Kırmızı,199.99
Şişe Kapağı  Kea Yedek Parça Lacivert,199.99
Şişe Kapağı  Kea Yedek Parça Siyah,199.99
Şişe Kapağı Kea Yedek Parça Şeffaf,159.99
​​​​​​​​​​​​​​​​​​​​​​​​Victorinox SwissCla Soyma Bıçak 10 cm Kırmızı,479.99
​​​​​​​​​​​​​​​​​​​​​​​​Victorinox SwissCla Soyma Bıçak 10 cm Siyah,479.99
​​​​​​​​​​​​​​​​​​​​​​​​​Victorinox Sw Soyma Bıçak 10 cm Pembe,479.99
​​​​​​​​​​​​​​​​​​​​​​​​​Victorinox Sw Soyma Bıçak 10 cm Sarı,479.99
​​​​​​​​​​​​​​​​​​​​​​​​​Victorinox Soyma Bıçak 10 cm Turuncu,479.99
​​​​​​​​​​​​​​​​​​​​​​​​​​​​​​Victorinox Sw Domates & Sosis Bıçak 11 cm Kırmızı,479.99
​​​​​​​​​​​​​​​​​​​​​​​​​​​​​​​​Victorinox 6.8103. Paslanmaz Çelik Doğrama Bıçak 15 cm Siyah,1809.99
