Title,Weekly Inflation(%)
34 GSM IPHONE USB SARJ KABLOSU,0.0
34 GSM MICRO USB SARJ KABLOSU,0.0
"34 GSM TYPE-C USB SARJ KABLOSU 39,99TL",0.0
7 DAYS KAKAOLU KRUVASAN 72 GR,0.0
A4 FOTOKOPI KAGIDI 500 LU 80 GR,0.0
ACE C.SUYU 1000 GR NORMAL,0.0
ACE C.SUYU 2000 GR NORMAL,0.0
ACE C.SUYU 4000 GR NORMAL,0.0
ACE POWER JEL 810 GR DAG TAZELIGI.,0.0
ACE POWER JEL 810 GR OKALIPTUS.,0.0
ACE ULTRA KOPUK 700ML CAMASIR SULU GENEL KULLANIM,0.0
ACTIVIA 4*100 GR CILEK KETEN TOHUMU,5.26371196968102
ACTIVIA 4*100 GR KURU KAYISI,5.26371196968102
ACTIVIA 4*100 GR ORMAN MEYVELI,5.26371196968102
ACTIVIA 4*100 GR SADE,0.0
ACTIVIA SHOT VIT.K.MURVER&Y.MERSINI 80 ML,0.0
ACTIVIA YOGURT PROBIYOTIKLI VE TAHIL GEVREKLI 183G,0.0
AIRWICK AEROSOL 300 ML MANOLYA VE KIRAZ ÇİÇ.,0.0
AIRWICK YEDEK 250 ML LAVANTA,0.0
AKMAN ACI TOZ BIBER 60 GR,0.0
AKMAN COREKOTU 60 GR,0.0
AKMAN DOLMA FISTIK 23 GR,0.0
AKMAN FESLEGEN 20 GR,0.0
AKMAN GALETA UNU 250 GR,0.0
AKMAN HINDISTAN CEVIZI 40 GR,0.0
AKMAN ISOT 60 GR,0.0
AKMAN KARABIBER 150 GR,0.0
AKMAN KARABIBER TANE 40 GR,0.0
AKMAN KARABIBER TOZ 45 GR,0.0
AKMAN KARANFIL 15 GR,0.0
AKMAN KARBONAT 100 GR,0.0
AKMAN KEKIK 20 GR,0.0
AKMAN KIMYON 60 GR,0.0
AKMAN KOFTE HARCI 90 GR,0.0
AKMAN KORI 40 GR,0.0
AKMAN KUS UZUMU 40 GR,0.0
AKMAN LIMON TUZU 60 GR,0.0
AKMAN MISIR UNU 250 GR,0.0
AKMAN NANE 25 GR,0.0
AKMAN NANE 85 GR,0.0
AKMAN PUL BIBER 200 GR,0.0
AKMAN PULBIBER 60 GR,0.0
AKMAN SARIMSAK TOZU 40 GR,0.0
AKMAN SUMAK 60 GR,0.0
AKMAN TARCIN 50 GR,0.0
AKMAN TATLI TOZ BIBER 60 GR,0.0
AKMAN YEDI TURLU BAHARAT 50 GR,0.0
AKMAN ZENCEFIL 40 GR,0.0
AKMAN ZERDECAL 40 GR,0.0
AKTURK 475 GR GOFRET,-22.2246916324036
ALGİDA CARTEDOR SELECTİON 800 ML ÇİKOLATA KARNAVAL,0.0
ALGİDA KAKAO VANİLYA 750ML,0.0
ALPRO BADEM SUTU 1 LT,33.33518528807156
ALPRO HINDISTAN CEVIZLI SUT 1 LT,33.33518528807156
ALTINKILIC KEFIR 1000 GR,0.0
ALTINKILIC KEFIR 250 ML,0.0
ALTINKILIC KEFIRIX MEYVELI 250 ML CILEKLI,0.0
ALTINKILIC KLASIK BEYAZ PEYNIR KG,-22.222716060356895
ALTINKILIC KLS.INEK 500GR PEYNIR,50.00250012500624
ALTINKILIC KLS.INEK PEYNIR 450GR DILIMLI,0.0
ALTINKILIC TRAKYA ESKI KASAR KG,0.0
ALY TORTILLA 25 CM 6 PCS,0.0
ANANAS ADET,-12.500781298831177
ANKARA MAKARNA ARPA SEHRIYE 500 GR,0.0
ANKARA MAKARNA BONCUK 500 GR,0.0
ANKARA MAKARNA BURGU 500 GR,0.0
ANKARA MAKARNA FIYONK 500 GR,0.0
ANKARA MAKARNA INCE SPAGETTI 500GR,0.0
ANKARA MAKARNA INCE UZUN 500 GR,0.0
ANKARA MAKARNA KELEBEK 500 GR,0.0
ANKARA MAKARNA KEPEKLI SPAGETTI 350 GR,0.0
ANKARA MAKARNA MANTI 500 GR,0.0
ANKARA MAKARNA PENNE 500 GR,0.0
ANKARA MAKARNA SEBZELI BURGU 350 GR,0.0
ANKARA MAKARNA SPAGETTI 500 GR,0.0
ANKARA MAKARNA TEL SEHRIYE 500 GR,0.0
ANKARA MAKARNA YUKSUK 500 GR,0.0
APTAMIL 1 AKILLI KUTU 800 GR,0.0
APTAMIL 3 AKILLI KUTU 350 GR,0.0
ARBELLA MAKARNA 500 GR ARPA SEHRIYE,0.0
ARBELLA MAKARNA 500 GR BURGU,30.44802087864289
ARBELLA MAKARNA 500 GR DIRSEK,30.44802087864289
ARBELLA MAKARNA 500 GR FIYONK,30.44802087864289
ARBELLA MAKARNA 500 GR KALEM KESME,30.44802087864289
ARBELLA MAKARNA 500 GR KELEBEK,30.44802087864289
ARBELLA MAKARNA 500 GR SPAGHETTI,30.44802087864289
ARI MAMA BALLI İRMİKLİ 250 GR,0.0
ARI MAMA MUZLU 250 GR,0.0
ARI MAMA SUTLU 250 GR,0.0
ARIEL MATIK 1.5 KG DAG ESINTISI,0.0
ARIEL MATIK 1.5 KG PARLAK RENKLER,0.0
ARIEL MATIK 4 KG DAG ESINTISI,0.0
ARIEL MATIK 4 KG PARLAK RENKLER,0.0
ARKO KREM D.YAGLAR 60 ML AVAKADO,-40.00444493832648
ARKO KREM SOFT TOUCH 250 ML,-40.0026668444563
ARKO KREM SOFT TOUCH 60ML,-40.00444493832648
ARKO TIRAS SABUNU 75GR,0.0
ARKO TRAS JELI 200 ML COOL,0.0
ARKO TRAS KOLONYASI 200 ML GOLD POWER,0.0
ARKO TRAS KOPUGU 200 ML ANTI IRRITATION,0.0
ARKO TRAS KREMI 90 GR COOL,0.0
ARMUT DEVECİ,0.0
ARMUT SANTAMARİA,0.0
ARSEVEN SAFFET ABDULLAH GÜLLAÇ 100 GR,0.0
ARSEVEN SAFFET ABDULLAH GÜLLAÇ 300 GR,0.0
ASPEROX SARI GUC 1000 ML,0.0
ASPILIC  BUTUN PILIC KG,11.1123458162018
ASPILIC BATON SUCUK 400GR,0.0
ASPILIC KOKTEYL SOSIS 500GR,0.0
ASPILIC SALAM 700GR,0.0
ASPILIC TAB. UCLU KANAT KG,0.0
AUTOKIT GENEL TEMIZLEYICI 500 ML,0.0
AUTOKIT LASTIK TEMIZLEYICI VE PARLATICI 500 ML,0.0
AUTOKIT OTO YIKAMA SUNGERI,0.0
AXE DEO 150 ML ICE CHILL,-30.001250052085503
AXE DEO 150ML AFRICA,-30.001250052085503
AXE DEO 150ML BLACK,-30.001250052085503
AXE DEO 150ML DARK TEMPTATION,-30.001250052085503
AXE STICK 50 ML LEATHER & COOKIES,0.0
AYDOGMUS KURU SELE ZEYTIN KG,0.0
AÇIK BAHARAT KÖFTE HARCI KG,0.0
BABY TURCO CEP MENDILI 3*15 LI,0.0
BABY TURCO DOGADAN BONUS  120 LI MAXI,0.0
BABY TURCO JUMBO  MAXI 30LU,0.0
BABY TURCO JUMBO MIDI 34 LU,0.0
BAGBASI ZILE PEKMEZI (CEVIZLI) 150GR,10.001000100010002
BAGBASI ZILE PEKMEZI (SADE) 150GR,10.001000100010002
BAGDAT ACI BIBER K.QUADRO 75 GR,0.0
BAGDAT BAH.KARANFIL 15GR,0.0
BAGDAT CAJUN BAHARATI K.QUADRO 80 GR,0.0
BAGDAT CITIR PANE HARCI 90GR,0.0
BAGDAT COREKOTU K.QUADRO 75 GR,0.0
BAGDAT DEFNE YAPRAGI POSET 6 GR,0.0
BAGDAT DOLMA BAHARI 40 GR,0.0
BAGDAT DOLMALIK FISTIK 23 GR,0.0
BAGDAT FESLEGEN K.QUADRO 30 GR,0.0
BAGDAT HASHAS MAVI K.QUADRO 80 GR,0.0
BAGDAT HINDISTAN CEVIZI K.QUADRO 50 GR,0.0
BAGDAT HINDISTAN CEVIZI QUADRO 160GR,0.0
BAGDAT ISOT BIBER K.QUADRO 80 GR,0.0
BAGDAT KARABIBER 40 GR,4.110152075626798
BAGDAT KARABIBER TANE 40 GR,0.0
BAGDAT KARBONAT K.QUADRO 150 GR,0.0
BAGDAT KEKIK K.QUADRO 25 GR,33.33888981496915
BAGDAT KEKIK KILITLI QUADRO EKO POSET 60 GR,0.0
BAGDAT KIMYON K.QUADRO 75 GR,0.0
BAGDAT KISNIS 40 GR,0.0
BAGDAT KOFTE HARCI 90 GR,0.0
BAGDAT KORİ K.QUADRO 70 GR,0.0
BAGDAT KUS UZUMU 40 GR,0.0
BAGDAT LIMON TUZU 60 GR,0.0
BAGDAT MAHLEP 30 GR,0.0
BAGDAT MISIR UNU EKO POSET 250GR,0.0
BAGDAT NANE EKO KILITLI QUADRO 70GR,0.0
BAGDAT NANE K.QUADRO 30 GR,0.0
BAGDAT PUL BIBER EKSTRA ACI K.QUADRO 80 GR,0.0
BAGDAT PUL BIBER QUADRO EKO POSET 210 GR,0.0
BAGDAT PUL KIRMIZI BIBER K.QUADRO 80 GR,5.715102157451065
BAGDAT SARIMSAK TOZU TUZLUKLU CAM 48 GR,0.0
BAGDAT SUMAK K.QUADRO 80 GR,5.5561729081009
BAGDAT SUSAM K.QUADRO 75 GR,0.0
BAGDAT TARCIN 45 GR,0.0
BAGDAT TARCIN KABUK POSET 45 GR,0.0
BAGDAT TATLI KIRMIZI BIBER K.QUADRO 75 GR,0.0
BAGDAT TAVUK HARCI 65GR,0.0
BAGDAT ZENCEFIL K.QUADRO 60 GR,7.693491306354824
BAGDAT ZERDECAL QUADRO 70 GR,6.667777962993831
BAL KABAK,0.0
BALOCCO KEDI DIL PASTA ALTI 200 GR,0.0
BALPARMAK CICEK BALI 225 GR,0.0
BALPARMAK CICEK BALI CITKAPAK 600 GR,0.0
BALPARMAK CITKAPAK YAYLAOVA BALI 350 GR,0.0
BALPARMAK YAYLA OVA BALI 460 GR,0.0
BARILLA MAKARNA 400 GR GLUTENSIZ SPAGETTI,0.0
BARILLA MAKARNA 500 GR DENIZ KAB.(GNOCHETTI),0.0
BARILLA MAKARNA 500 GR FETTUCINE,0.0
BARILLA MAKARNA 500 GR KALEM,0.0
BARILLA MAKARNA 500 GR MIDYE,0.0
BARILLA MAKARNA 500 GR SPAGETTI,0.0
BARILLA MAKARNA 500 GR YASSI SPAGETTI(BAVETTE),0.0
BARILLA SOS PESTO GENOVESE 190 GR,0.0
BAYRAM KURBAN BIÇAK SETİ 3 LU,0.0
BEBELAC 400 GR 1 YENI,0.0
BEBELAC 400 GR 3 YENI,0.0
BEBELAC 400 GR COCUK 4 YENI,0.0
BEBELAC 800 GOLD 1 YENI,0.0
BEBEM NATURAL ULTRA FIRSAT 104 LI MAXI,0.0
BEBETO BERRIES BUYUK BOY 70 GR,0.0
BEBETO DOUBLE JOY CILEK VAN.75 GR,0.0
BEBETO ICE CREAM YUMUSAK SEKER 80 GR,0.0
BEBETO PEACH RINGS 80 GR,0.0
BEBETO SUPER BELT 75 GR,0.0
BEBETO WACKY STICKS CILEK VAN.75 GR,0.0
BECEL KASE 250 GR,0.0
BECEL KASE 500GR,-36.002880230418434
BECEL TEREYAG KEYFI 500 GR,-36.002880230418434
BECEL TEREYAG KEYFI KASE 250 GR,0.0
BECEL ZEYTINYAGLI KASE 250GR,0.0
BESLER 300 GR GOLD FERMENTE SUCUK,5.714448984256693
BESLER DANA SOSIS 220 GR,0.0
BESLER FERMENTE SUCUK 220 GR,0.0
BESLER H.DİLİMLİ . PLÇ. SUCUK 260 GR,0.0
BESLER NOSTAJI DANA DÖNER 200 GR,0.0
BESLER PILIC SOSIS 220 GR,0.0
BESTA ANGORA BAYAN,0.0
BESTA BAMBU BAYAN PATIK CORAP,0.0
"BESTA BAMBU BAYAN SNEAKERS CORAP,",0.0
BESTA BAMBU ERKEK CORAP,0.0
BESTA BAMBU ERKEK PATIK CORAP,0.0
BESTA BAMBU ERKEK SNEAKERS CORAP,0.0
BESTA BAYAN PATIK CORAP,0.0
BESTA DESENLI BAMBU ERKEK CORAP,0.0
BESTA DESENLI MODAL ERKEK CORABI,0.0
BESTA MODAL BAYAN PATIK CORAP,0.0
BESTA MODAL BAYAN SNEAKERS CORAP,0.0
BESTA MODAL ERKEK CORAP,0.0
BESTA MODAL ERKEK PATIK CORAP,0.0
BESTA MODAL ERKEK SNEAKERS CORAP,0.0
BESTA PENYE SNEAKERS BAYAN CORAP,0.0
BESTA PENYE SNEAKERS ERKEK CORAP,0.0
BIG BABOL 26 GR SHAKIES CILEK CUZDAN,0.0
BIG BABOL BOX MEYVE 36 GR,0.0
BIG BABOL MAGIC CUBES BOTTLE 86 GR,0.0
BILLUR HIMALAYA TUZ DEGIRMEN 200 GR,0.0
BILLUR IYOTSUZ TUZLUKLU TUZ 250 GR,0.0
BILLUR TUZ 1500GR,0.0
BILLUR TUZ 750GR,0.0
BILLUR TUZ PLASTIK TUZLUKLU 500 GR,0.0
BILLUR TUZ TUZLUKLU 125 GR,0.0
BINGO BULASIK DETERJAN 4 KG,0.0
BINGO DYNAMIC 675 ML HASSAS ELLER,0.0
BINGO DYNAMIC 675 ML LIMON,0.0
BINGO FRESH 1000GR MUTLU YUVAM,0.0
BINGO FRESH 2500 ML LOVELY,0.0
BINGO FRESH  1000GR MASAL&FERAH,0.0
"BINGO MATIK 1,5 KG ULTRA BEYAZ",0.0
BINGO MATIK 10 KG MUTLU YUVAM,14.286122460641732
BINGO OÇS CAM KOKULU 750 ML,0.0
BINGO OÇS LIMON KOKULU 750 ML,0.0
BINGO SIVI DET.BAKIM SERISI 4 LT RENKLI,0.0
BINGO SOFT 5 LT SENSITIVE,0.0
BINGO SOFT KONSANTRE 1440 ML LOVELY,-35.00175008750438
BINGO SOFT KONSANTRE 1440 ML SENSITIVE,-35.00175008750438
BIOBLAS 250ML SAC BAKIM KREMI 7/24 COLLAGEN&KERATI,0.0
BIOBLAS 250ML SAC BAKIM KREMI COLLAGEN&KERATIN,0.0
BIOBLAS 360ML SAMP. SAC DOK.KEPEK KARSI,0.0
BIZIM BULYON ET 120 GR 9+3,0.0
BIZIM BULYON TAVUK 120 GR 9+3,0.0
BIZIM CORBA DOMATES 65 GR,0.0
BIZIM CORBA EZOGELIN 80 GR,0.0
BIZIM CORBA K.MANTAR 65GR,0.0
BIZIM CORBA K.TAVUK 62 GR,0.0
BIZIM MARGARIN 250 GR 6 LI,0.0
BIZIM MARGARIN 250 GR PAKET,0.0
BLADE DEO 150ML  GREEN DREAM,-30.00157903047529
BLADE DEO 150ML SELF CONFIDENCE,-30.00157903047529
BLENDAX 470ML SAMP. YASEMIN OZLU,0.0
BLENDAX 470ML SAMP.ISIRGAN OTU GUCLNDRC,0.0
BLENDAX 470ML SAMP.KEPEGE KARSI,0.0
BLENIOR AGDA BEZI 25 MT,0.0
BOUNTY BAR 57 GR,0.0
BOZKURT FENER MUM 10 LU,0.0
BOZKURT KOKULU BARDAK MUM,0.0
BREF DUO JEL 2X42 GR OKAYANUS DUOPACK,0.0
BREF POWER AKTIV DUOPACK 100 GR CAM 2 LI,0.0
BREF POWER AKTIV DUOPACK 100 GR OKYANUS 2 LI,0.0
BROART KARE FIRIN TEPSISI 2 LI.,-33.33444448148272
BROART YUVARLAK FIRIN TEPSISI 2 LI.,-33.33444448148272
BURCU BEZELYE 570 GR CAM,0.0
BURCU BEZELYE TNK 830 GR,0.0
BURCU GARNITUR 570 GR CAM.,0.0
BURCU HASLANMIS FASULYE 600 GR CAM,0.0
BURCU HASLANMIS NOHUT 600 GR CAM,0.0
BURCU KETCAP KATKISIZ 650 GR ACI,0.0
BURCU KETCAP KATKISIZ 650 GR TATLI,0.0
BURCU KOZLEMIS PATLICAN 540 GR,0.0
BURCU KOZLENMIS BIBER 560 GR,0.0
BURCU MAYONEZ BUFE 550 GR,0.0
BİBER KIRMIZI,7.692899453804138
BİBER KÖY KG,20.00133342222815
CALVE KETCAP + LIGHT MAYONEZ 600 +540 GR,-22.728305832083276
CALVE KETCAP 400 GR,0.0
CALVE MAYONEZ 540 GR,0.0
CALVE SOS ACI 265 GR,0.0
CALVE SOS BALLI HARDAL 260 GR,0.0
CALVE SOS BARBEKU 290 GR,0.0
CALVE SOS CHEDDAR 240 GR,0.0
CALVE SOS RANCH 245GR,0.0
CAMSIL MATIK 500 ML,0.0
CAMSIL MATIK YEDEK 1000GR,0.0
CANPED H.BEZI EMICI KULOT BÜYÜK 8LI,-20.000727299174514
CANPED H.BEZI EMICI KULOT EXTRA LARGE 8 LI,-20.000727299174514
CANPED H.BEZI EMICI KULOT ORTA 9LU,-20.000727299174514
CANPED MESANE PEDI ORTA 10 LU,-20.001212194678462
CANPETEK BAL 1000 GR,20.00080003200128
CANPETEK TABAKLI BAL 400 GR,-17.857780635022678
CARTEDOR CLASSIC 850 ML VISNE BITTER KAYMAK,0.0
CEDID TUNUS HURMA 300 GR,-10.002000400080016
CEMALIM LOKUMLU KLASIK PEYNIR KG,0.0
CEREZZA DEV BAHARAT DOMATES SOSU TADINDA 150 GR,0.0
CEREZZA POPCORN MISIR AILE 80 GR,0.0
CEREZZA STICK 117 GR PEYNIR SOGON SUPER,0.0
CEREZZA TV SUT MISIRI SUPER 117 GR,0.0
CHEETOS FIRINDAN  41 GR FISTIK AILEPLUS,0.0
CHEETOS FIRINDAN 41 GR BIFTEK AILEPLUS,0.0
CHEETOS FIRINDAN 41 GR PEYNIR AILEPLUS,0.0
CHUPA CHUPS LOLIPOP TRIO 29 GR,0.0
CHUPA CHUPS MELODY POPS CILEK 15 GR,0.0
CIF JEL 750 ML CICEK FERAHLIGI,0.0
CIF KREM 500ML AMONYAKLI,0.0
CIF KREM 500ML LIMON,0.0
CIF KREM 750  GR AMONYAKLI+LIMON 750 GR,0.0
CIF KREM 750ML AMONYAK,0.0
CIF KREM 750ML LIMON,0.0
CIF KREM SPREY 750 ML AMONYAKLI,0.0
CIF SPREY POWER BANYO 750 ML,0.0
CILLIT BANG 500ML TURBO LAVABO ACICI JEL,0.0
CIRE ASEPTINE 150 MLVAZELİN KLASIK,-40.00500062507813
CIRE ASEPTINE 30 ML ALOE VERA EL VUCUT KREMI(FANUS,-44.46091144868469
CIRE ASEPTINE SOFT 100 ML  ALOE VERA EL YÜZ VÜCUT,-40.00666777796299
CIZMECI  WAFER MASTER 65 GR CILEKLI,0.0
CIZMECI 65 GR WAFER MASTER FINDIKLI,0.0
CIZMECI CREPE FINDIKLI 65 GR,0.0
CIZMECI WAFER MASTER 120 GR,0.0
CLEAR MEN 350 ML SAMPUAN COOL SPORT,0.0
CLEAR MEN 350 ML SAMPUAN HIZLI STIL 2N1,0.0
CLEAR MEN 350 ML SAMPUAN LEGEND BY CR7 RONALDO,0.0
CLEAR MEN 350 ML SAMPUAN MAXIMUM FERHALIK,0.0
CLEAR MEN 350 ML SAMPUAN SAC DOKULMESINE KARSI,0.0
CLEAR MEN 350 ML SAMPUAN YOGUN ARINDIRICI,0.0
CLEAR MEN 350ML SAMP.GUNLUK ARINMA&FERAHLIK,0.0
COFFEE BARDAK 400ML 9122,0.0
COLGATE 250 ML PLAX AGIZ BAKIM SUYU MAVI,0.0
COLGATE 500 MLPLAX AGIZ BAKIM SUYU MAVI,0.0
COLGATE D.FIRCASI 360 1+1 OPTIK BEYAZ ORTA,0.0
COLGATE D.FIRCASI 360 1+1 ORTA,0.0
COLGATE D.FIRCASI MIKRO ADVANCED,0.0
COLGATE D.MACUNU 75 ML MAX BEYAZLIK,0.0
COLGATE D.MACUNU 75ML BARBIE SPIDERMAN COCUK,0.0
COLGATE D.MACUNU 75ML MISVAK OZLU,0.0
COLGATE DIS IPI DIS ETI SAGLIGI,0.0
COOK B.DOLABI POSETI ORTA 4AL3 ODE,0.0
COOK B.DOLABI POŞET BÜYÜK 15 Lİ (30X45),0.0
COOK B.DOLABI POŞET KÜÇÜK 30 LI(20X30),0.0
COOK B.DOLABI POŞET ORTA 20LU(24X38),0.0
COOK PİŞİRME KAĞIDI 16 LI HAZIR KESİLMİŞ,0.0
COOK STREÇ FİLM 15MT,0.0
COOK ÇÖP TORBASI BATTAL 7LI(75X90),0.0
COOK ÇÖP TORBASI EKO KÜÇÜK 30LI(40X47),0.0
COOK ÇÖP TORBASI JUMBO 7 LI(80X110),0.0
CORNETTO DISC MILKA 130ML,0.0
COŞKUN PARMAK SUCUK KG(I.İ),0.0
CUMHURİYET FERM.SUCUK 300 GR,20.00040000800016
CUTIE CAKES KEK 45 GR  CIKOLATALI,0.0
CİPSO 150 GR KETÇAP %20 PARTİ,0.0
CİPSO 150 GR TIR. ORG. %20 PARTİ,0.0
DAGLI YARIM YAGLI ERTIME PEYNIR KG,0.0
DALAN 4X150 GR GLISERINLI SABUN MISKET LIMONU,0.0
DALAN 4X150 GR GLISERINLI SABUN Z.YAGLI (ORGANIK),0.0
DALAN 5X180 GR ANTIK PIRINA SABUNU,0.0
DALAN 600GR BEYAZ BANYO SABUNU GUL,0.0
DALAN 600GR BEYAZ BANYO SABUNU KLASIK,0.0
DALAN 600GR YESIL BANYO SABUNU Z.YAGLI,0.0
DALIN  KOLONYA BICI BICI 150ML,0.0
DALIN BEBE YAGI NORMAL 300ML,0.0
DALIN KOPUK SABUN MANGO 200ML,0.0
DALIN SAMPUAN 900 ML,0.0
DALIN SIVI DETERJAN 1500 ML,0.0
DANA ANTRIKOT KG,0.0
DANA BIFTEK KG,0.0
DANA GULAS KG,0.0
DANA INCIK KG,-9.091818181818182
DANA KASAP KOFTE KG,0.0
DANA KUSBASI KG,16.250203127539095
DANA SOTE KG,0.0
DANA STROGONOF KG,0.0
DANA YEMEKLIK KIYMA KG,5.5556172846364955
DANET 100 GR KAVURMA,0.0
DANET 200 GR FERMENTE SUCUK,0.0
DANET 300 GR FERMENTE SUCUK KUVET,0.0
DANET 50 GR MACAR SALAM,0.0
DANET 60 GR HINDI FUME,0.0
DANET 60 GR HINDI SALAM,0.0
DANET 70 GR FUME KABURGA,0.0
DANET 70 GR PASTIRMA,-28.572449016036288
DANET FERMENTE SUCUK KG,0.0
DANONE 180 ML 6 LI  AROMALI SUT  KAKAOLU,-25.92784650714869
DANONE 180 ML DISNEY AROMALI SUT CILEK,0.0
DANONE 180 ML DISNEY AROMALI SUT MUZ,0.0
DANONE 2X90 GR DANY ORMAN MEYVE,20.004000800160032
DANONE 67 GR DISNEY HUPPER YOG. MUZLU,16.705568522840952
DANONE 67 GR DISNEY HUPPER YOG.CILEK,16.705568522840952
DANONE 70 GR DISNEY HUPPER CIKOLATALI,16.705568522840952
DANONE KREMA 200 ML BTKS.,0.0
DANONE SUT 6X180ML UHT DOGAL,-25.92784650714869
DANONE SUT LAKTOZSUZ 1 LT,0.0
DANONE YOGURT ORMAN MEYVELI  400 GR,0.0
DARDANEL EKONOMIK 140 GRX2,0.0
DARDANEL EKONOMIK TON 4*75 GR(HEDIYELI),-32.001280051202045
DARDANEL TON  2*140 GR,0.0
DARDANEL TON H.YEMEK 4 TAHILLI 160 GR,0.0
DARDANEL TON H.YEMEK MEKSIKA FASULYELI 160G,0.0
DARDANEL TON H.YEMEK MISIRLI 160 GR,0.0
DARDANEL TON Z YAGLI  3*75 GR,0.0
DEL BEBETO WACKY STICKS 75 GR,0.0
DEL COSBY BIGMIX 9  GR,0.0
DEL ETI PAYKEK MEYVELI 200 GR,10.439674932277553
DEL ETI PAYKEK MOZAIK 200 GR,10.439674932277553
DEL KAHVE DUNYASI 125 GR GOFRIK GOFRET,0.0
DEL KINDER SURPRIZ YUMURTA 20 GR,0.0
DEL NESTLE POLO 34 GR,0.0
DEL OREO BISKUVI 110 GR,0.0
DEL PAKKÖY GEZEN TAVUK YUMURTASI 30 LU,0.0
DEL ROCHER T3 38 GR,0.0
DEL SARELLE 350 GR FINDIK EZMESI BITTER,0.0
DEL SEYIDOGLU KAGIT HELVA 45 GR,0.0
DEL SEYIDOGLU RECEL 380 GR KAYISI,37.50468808601075
DEL SEYIDOGLU RECEL 380 GR KURU INCIR,37.50468808601075
DEL TAMEK RECEL 380 GR CILEK,0.0
DEL TAMEK RECEL 380 GR PORTAKAL,0.0
DEL TAMEK RECEL 380 GR VISNE,0.0
DEL TEKSUT TAZE KASAR PEYNIRI 600 GR,-25.926886180969667
DEL ULKER 20 GR YUPO COKOJELO BOGURTLEN,0.0
DEL ULKER YUPO 20 GR COKOJELO PORTAKAL,0.0
DEL.ACTIVEX SIVI SABUN 700ML HASSAS,0.0
DEL.ACTIVEX SIVI SABUN 700ML NEMLENDIRICI,0.0
DEL.AKMAN KEKIK 85 GR,0.0
DEL.ARIEL MATIK 7.5 KG DAG ESINTISI RENKLILER,0.0
DEL.ARKO KREM D.YAGLAR 250 ML AVOKADO,-40.00222234568588
DEL.ARKO NEM KREM PREBIYOTIK 250 ML BADEM SUTU,-40.00222234568588
DEL.ARKO NEM KREM PREBIYOTIK 250 ML YULAF,0.0
DEL.ATESOGLU AYRAN NATUREL SISE 1500 ML,0.0
DEL.AYNES BEYAZ PEYNYR 900 GR,0.0
DEL.BABY TURCO ISLAK HAVLU 90'LI,0.0
DEL.BAGDAT PASTA SÜSÜ K.QUADRO 50 GR,0.0
DEL.BINGO MATIK 4 KG RENKLI BEYAZ,0.0
DEL.BINGO MATIK 4 KG ULTRA BEYAZ,0.0
DEL.BUNSA GALETA UNU 400 GR PAKET,0.0
DEL.BUNSA MISIR UNU 400 GR PAKET,0.0
DEL.CANPED YATAK KORUYUCU 60*90 CM 10LU,-20.00166680556713
DEL.CIF SPREY HERYER SILIKONLU 1000 ML,0.0
DEL.CLEAR SAMPUAN MEN 600 ML COOL SPORT MENT.,0.0
DEL.COLGATE D.MACUNU 75ML OPTIK ANINDA BEYAZLIK,0.0
DEL.COLGATE DIS MACUNU 75 ML BARBIE+FIRÇA,0.0
DEL.COOK STREÇ FİLM 100 MT  BIÇAK HEDİYELİ,0.0
DEL.DALIN SAMP. 700 ML,-27.779321073392964
DEL.DOVE DEO 150 ML EVENTONE WOMEN,-30.00120004800192
DEL.DOVE SAMPUAN 600 ML YOGUN ONARICI,0.0
DEL.DR.OETKER GLUTENSIZ KAK.PUDING 147 GR,0.0
DEL.DR.OETKER SAKIZLI MUHALLEBİ 450 GR 2+1,0.0
DEL.ERIS UN 2 KG,0.0
DEL.EST DOGAL DIS MACUNU 75 ML KARANFIL OZLU,0.0
DEL.EST GUL SUYU 350 ML,0.0
DEL.EST KOLONYA 150 ML SPREY PET BODRUM MANDALINAS,0.0
DEL.ETI BROWNI INTENSE 150 GR 3'LU PAKET,0.0
DEL.EVONY MESANE PEDI 10 LU  YOGUN,0.0
DEL.FEBREZE AEROSOL 300 ML DAG ESINTISI,0.0
DEL.FRESH'N SOFT CEP MENDILI 15*3 LU,0.0
DEL.GLADE 500 ML MULTI SPRAY TROPIKAL%TEMIZ CARSAF,0.0
DEL.GLADE 500 ML MULTI SPRAY VICTORIAN ROSE,0.0
DEL.GURSOY SUTLU FINDIK KREMA 400 GR %40,0.0
DEL.HANUTA 2'Lİ GOFRET 44 GR,0.0
DEL.KENTON BUGDAY NISASTASI 200 GR,0.0
DEL.KOTEX NATURAL 14 LU ULTRA SÜPER .PAKET GECE,0.0
DEL.MAGIC DOSE 8 ML DEKORATIF AYNA KOKUSU MANGO,0.0
DEL.MARC SPREY POWER HIJYEN 750 ML BANYO,0.0
DEL.NEUTROGENA 200ML BESLEYICI BAKIM KREMI,0.0
DEL.OLD SPICE  DEO 150 ML MEN BEARGLOVE,-30.00150007500375
DEL.OLD SPICE  DEO 150 ML MEN SLUGGER,0.0
DEL.OLD SPICE  DEO 150 ML MEN WHITEWATER,-30.00150007500375
DEL.OLD SPICE  DEO 150 ML MEN WOLFTHORN,-30.00150007500375
DEL.OLD SPICE  STICK 50 ML MEN  SLUGGER,-30.00150007500375
DEL.OLD SPICE  STICK 50 ML MEN CAPTAIN,0.0
DEL.OLD SPICE  STICK 50 ML MEN WHITEWATER,-30.00150007500375
DEL.OLD SPICE  STICK 50 ML MEN WOLFTHORN,-30.00150007500375
DEL.ONCU SALCA DOMATES 700 CC CAM,0.0
DEL.ONEO 60 GR BUBBLEE MINI DRAJE,0.0
DEL.ONEO ÇİLEK ARO.BOTTLE SAKIZ 60 GR,0.0
DEL.ORAL B D100 YETISKIN SARJLI D.FIRCASI CROSS BE,0.0
DEL.ORKID SUPER ULTRA EXTRA UZUN 36 LI,0.0
DEL.PANTENE 600 ML SAMPUAN GUC PARLAK,0.0
DEL.PANTENE 600 ML SAMPUAN KLASIK BAKIM 2IN1,0.0
DEL.PERMATIK BANYO 10LU,0.0
DEL.PEROS MATİK 6 KG BEYAZ,0.0
DEL.PERSIL JEL 26 YIKAMA 1690 ML GUL,11.111522648986998
DEL.RAFFAELLO T4 40 GR,0.0
DEL.REMOVE 24LU YUZ AGDA BANDI HASSAS CILTLER,-40.003200256020484
DEL.REXONA STICK 50ML EXTRA COOL MEN,-30.001250052085503
DEL.REXONA STICK 50ML MEN QUANTUM X,-30.001250052085503
DEL.RUFFLES & DORITOS 2'LI SET 310 GR,0.0
DEL.SECRET MILANO 100 ML BAYAN DERI PEMBE,0.0
DEL.SELPAK T.KAGIDI 16 LI,0.0
DEL.SENSODYNE 30 M DIS IPI TOTAL CARE GENTLE TAPE,0.0
DEL.SEPETCIOGLU 180 GR CEKME HELVA SADE,0.0
DEL.SEPETCIOGLU 40 GR A.FISTIKLI CEKME HELVA,0.0
DEL.SEPETCIOGLU 40 GR CIK.KAPLI CEKME HELVA,0.0
DEL.SEYIDOGLU 1000 GR RECEL CILEK,-5.882698982293076
DEL.SEYIDOGLU RECEL 1000 GR INCIR,0.0
DEL.SEYIDOGLU RECEL 380 GR AHUDUDU,33.3370374486054
DEL.SIGNAL 75ML D.MACUNU BEYAZLATICI SYSTEM X,0.0
DEL.SITIL SUNGERLI HAZIR 200 GR BOYA KOYU KAHVE,0.0
DEL.SOLEN  40GR BOOMBASTIC FANTASTIK BAR,0.0
DEL.SOLEN 125 GR BISCOLATA MOOD BITTER,0.0
DEL.SOLEN 82 GR BISCOLATA STARZ SUTLU,0.0
DEL.SUTAS SUT GUNLUK CAM PAST.1 LT,0.0
DEL.SUTAS SUZME PEYNIR 900 GR,0.0
DEL.TADIM 100 GR AYCEKIRDEK SIYAH BOL TUZLU,0.0
DEL.TARIS 750 ML Z.YAGI NAT. SIZMA CAM,0.0
DEL.TORKU KREM PEYNIR 180 GR,0.0
DEL.TORKU LABNE 180 GR,0.0
DEL.TUKAS 700 GR RENDELENMIS DOMATES CAM,0.0
DEL.ULKER 55 GR DANKEK 8 KEK DUBLE CIKO.,0.0
DEL.UNIFOOD 300 GR GRANUL ICECEK LIMON  AROMALI,0.0
DEL.XTRACARE BURUN BANDI COCUK 5+YA? 12 LI,0.0
DEL.YUMOS EXTRA 1440 ML MYSTIC,0.0
DEL.YUMOS EXTRA PORTAKAL ÇİÇEĞİ 1008 ML,0.0
DELEST KOLONYA 150 ML SPREY PET JAPON KIRAZ CICEGI,0.0
DERBY SAMURAI 3 10'LU POSET,0.0
DERBY SAMURAI 3 PLATINUM BLISTER 3 LU,0.0
DEREOTU DEMET,0.0
DERMOKIL AYAK MASKESI KIL&KENEVIR TOHUMU 35 ML,0.0
DERMOKIL EL MASKESI KIL&KENEVIR TOHUMU 35 ML,0.0
DETAN DEFANS SU BAZLI LOSYON 100 ML,0.0
DETAN KARINCA ILACI 250 ML,0.0
DETAN KARINCA YEMI,0.0
DETAN MAXI 250ML,0.0
DETAN SINEKKIRAN 275 ML SU BAZLI,0.0
DETAN SUPER MAT CIHAZ+YEDEK,0.0
DETOX MATARA 750ML,0.0
DIFAS DIS FIRCASI COCUK SWEET ANIMALS,0.0
DIFAS DIS FIRCASI COCUK Z TAKIMI,0.0
DIFAS DIS FIRCASI PRO-CLINIC SLIM SOFT,0.0
DIFAS DIS FIRCASI PRO-CLINIC STIL BAMBOO,0.0
DIFAS DIS FIRCASI PRO-CLINIC STIL BAMBOO 2 LI,0.0
DIFAS DIS FIRCASI PRO-CLINIC ULTRA SOFT,0.0
DIFAS DIS FIRCASI SEYEHAT SETI,0.0
DIFAS DIS FIRCASI ULTRA CLEAN 3LU ORTA/SERT,0.0
DIFAS TARAK D-STYLE  BUYUK NEON 2021,0.0
DIFAS TARAK D-STYLE ZIGZAG NEON 2014,0.0
"DIXI YUZEY TEMIZLEYICI 2,5 KG CAM",0.0
DOLMA BİBER,21.430102150153584
DOMATES,16.669444907484568
DOMATES KOKTEYL,20.002000200020003
DOMATES PEMBE,20.002000200020003
DOMATES SALKIM KG,16.669444907484568
DOMESTOS 1850 ML DAG ESINTISI,-33.31777259086362
DOMESTOS 1850ML KAR BEYAZI,-33.31777259086362
DOMESTOS 3240ML DAG ESINTISI,0.0
DOMESTOS 3240ML KAR BEYAZI,0.0
DOMESTOS 750 ML DAG ESINTISI,0.0
DOMESTOS 750ML KAR BEYAZI,0.0
DOMESTOS 750ML OKALIPTUS FERAHLIGI,0.0
DOMESTOS DAĞ ESİNTİSİ 750 ML+KAR BEYAZ 750 ML,0.0
DOMESTOS YUZEY TEMIZLEYICI  1500ML CAM,0.0
DORITOS ALATURCA SUPER 113 GR,0.0
DORITOS EXTREME SUPER 113  GR,0.0
DORITOS MEGA 218 GR,0.0
DORITOS NACHO PARTI 169 GR,0.0
DORITOS NACHO SUPER 113 GR,0.0
DORITOS TACO PARTI 169 GR,0.0
DORITOS TACO SUPER 121 GR,0.0
DOVE 400 ML SAMPUAN ALOE VERA KEPEK ONLEYICI,0.0
DOVE 400 ML SAMPUAN UZUN SACLAR ICIN,0.0
DOVE 400 ML SAMPUAN YOGUN ONARICI,0.0
DOVE CREAM BAR ORGINAL 90 GR,0.0
DOVE CREAM BAR PINK 90GR,0.0
DP SAMPUAN 500 ML CAM TEREBENTIN TUZSUZ,0.0
DP SAMPUAN 500 ML COREK OTU YAGI TUZSUZ,0.0
DP SAMPUAN 500 ML PAMUKSUTU,0.0
DR OETKER ASURE 222 GR,0.0
DR OETKER BUGDAY NISASTASI 150 GR,0.0
DR OETKER CIKO.MUFFIN 345 GR,0.0
DR OETKER CREM OLE MUZLU 110 GR,0.0
DR OETKER CREM OLE VANILYALI 110 GR,0.0
DR OETKER GOURMET KAKAO 50 GR,0.0
DR OETKER H.KABARTMA TOZU 15 LI,0.0
DR OETKER H.KABARTMA TOZU 5 LI,0.0
DR OETKER INSTANT MAYA 3 LU 30 GR,0.0
DR OETKER KAKAO 50 GR,0.0
DR OETKER KAKAO KILITLI 100 GR,0.0
DR OETKER KAZANDIBI 150 GR,0.0
DR OETKER KEKUN SADE 450 GR,0.0
DR OETKER KREM SANTI SADE 75 GR,0.0
DR OETKER MISIR NISASTASI 150 GR,0.0
DR OETKER MUHALLEBI 210 GR,0.0
DR OETKER PANCAKE 134 GR,0.0
DR OETKER PASTA KREMASI KAKAOLU 160 GR,0.0
DR OETKER PASTA KREMASI VAN.140 GR,0.0
DR OETKER PASTA SUSU INCI 10 GR,0.0
DR OETKER PASTA SUSU KAK.10 GR,0.0
DR OETKER PASTA SUSU KELEBEK 10 GR,0.0
DR OETKER PASTACI KREMASI 156 GR,0.0
DR OETKER PROFITEROL 360 GR,0.0
DR OETKER PUD.BITTER CIKO.111 GR,0.0
DR OETKER PUD.CIKO.FINDIKLI 102 GR,0.0
DR OETKER PUD.CIKO.PARCALI 115 GR,0.0
DR OETKER PUD.CILEKLI 120 GR,0.0
DR OETKER PUD.KAKAOLU 147 GR,0.0
DR OETKER PUD.MUZLU 120 GR,0.0
DR OETKER PUD.VANILYANI 120 GR,0.0
DR OETKER PUDRA SEKERI 150 GR,0.0
DR OETKER SEKERLI VANILIN 15 LI,0.0
DR OETKER SEKERLI VANILIN 5 LI,0.0
DR OETKER SOS CIKO.BITTER 125 GR,0.0
DR OETKER SOS CIKOLATALI 128 GR,0.0
DR OETKER SOS MEYVELI 80 GR,0.0
DR OETKER TAVUK GOGSU 125 GR,0.0
DR OETKER WAFFLE 210 GR,0.0
DR OETKER ÇIKOLATA PAR.SUTLU 70 GR,0.0
DR.OETKER 6 GR. JELATIN,0.0
DR.OETKER AKTIF MAYA 90 GR,0.0
DR.OETKER SADE IRMIK HELVASI 400 GR,0.0
DURACELL 2032 PIL DUGME 3 VOLT 2 LI,0.0
DURACELL PIL D BUYUK BOY 2LI,0.0
DURACELL PIL KALEM 4LU AA,0.0
"DURU 1,5 LT SIVI SABUN AVOKADO",0.0
"DURU 1,5 LT SIVI SABUN KIRAZ CICEGI",0.0
"DURU 1,5 LT SIVI SABUN MANDALINA&GREYFURT",0.0
"DURU 1,5 LT SIVI SABUN OKYANUS",0.0
DURU 500 ML SIVI SABUN KIRAZ CICEGI,0.0
DURU 500 ML SIVI SABUN OKYANUS,0.0
DURU BEYAZ 600 GR GUL ( 4X150 GR),0.0
DURU BEYAZ 600 GR KLASIK (4X150 GR),0.0
DURU BEYAZ 600 GR LAVANTA (4X150 GR),0.0
DURU BULGUR BASBASI 1000 GR,0.0
DURU BULGUR CIGKOFTELIK 1000 GR,0.0
DURU BULGUR IRI PILAVLIK 1000 GR,0.0
DURU BULGUR PILAVLIK 1000 GR,0.0
DURU DUS JELI 450 ML CICEK TAZELIGI,0.0
DURU FRESH DUS SABUNU MISKET LIMONU 4X150 GR,0.0
DURU FRESH DUS SABUNU OKYANUS ESINTI 4X150 GR,0.0
DURU GRANUL MATIK SABUN LAVANTA 1000 GR,0.0
DURU KOLONYASI 400 ML LIMON,20.00133342222815
DURU SAF VE DOGAL 4X70 GR KLASIK,0.0
DURU SAF VE DOGAL 4X70 GR ZEYTINYAGLI,0.0
ECE 3 GOZLU KOPUK TABAK 5 LI,62.178967288456334
ECE 3 GOZLU PLASTIK TABAK 8 LI,81.8330605564648
ECE ADANA SIS 20 LI 25 CM,25.006251562890718
ECE COP SIS 100 LU 25 CM,25.006251562890718
ECE DEMET ÇIRA,66.68889629876628
ECE JEL TUTUSTURUCU 500 GR,0.0
ECE JELATINLI KURDAN 200 LU,100.02500625156287
ECE KAGIT BARDAK  12 OZ 10LU,25.00416736122686
ECE KAGIT BARDAK 4 OZ 25 LI,-11.1123458162018
ECE KAGIT BARDAK 7 OZ 10'LU *30,-18.608978832286578
ECE KAGIT TABAK LUX 10LU,0.0
ECE KOFTECI MASASI,0.0
ECE KRISTAL BARDAK 10 LU,15.386982612709648
ECE LUKS BICAK 10'LU,-5.715918833952557
ECE LUKS CATAL 10 LU,-5.715918833952557
ECE LUX UZUN KOFTECI MAŞASI,42.86326618088299
ECE PARTY KORUKLU 50 LI JELATINLI PIPET,0.0
ECE PLASTIK BARDAK 180 CC 10 LU OTOMAT,0.0
ECE PLASTIK BARDAK 180 CC 10LU  EKO OTOMAT,0.0
ECE PLASTIK BARDAK 180 CC 50 LI OTOMAT,-52.00799999999999
ECE PLASTIK KARISTIRICI 50 LI,0.0
ECE PLASTIK TABAK BUYUK 10 LU,-7.693491306354813
ECE PLASTIK TABAK KUCUK 10 LU,41.03616311874839
ECE YELPAZE,25.012506253126567
EGOS JOLE 250ML ULTRA GUCLU TUTUS,0.0
EKER AYRAN 293 GR YAYIK,0.0
EKER KAYMAK (100GR),-6.66755567408988
EKER KEFIR 1 LT,0.0
EKER KEFIR 200 ML ANANAS,0.0
EKER KEFIR 200ML CILEKLI,0.0
EKER KEFIR 200ML SADE,0.0
EKER KEFIR 200ML SEFTALI-KAYISILI,0.0
EKER KEFIR 290 ML HAVUC ZERDECAL MANDALINA 290ML,0.0
EKER KEFIR 290ML PANCARLI LIMONLU ZENCEFIL,0.0
EKER KEFIR 290ML YESIL CAYLI ELMA,0.0
EKER PUDING CIKOLATALI 500 GR,0.0
EKER TATLI 125 GR ANTEP FISTIKLI SUTLU CIK.,0.0
EKER TATLI 125 GR PORTAKALLI BADEMLI BITTER CIK.,0.0
EKER TATLI 150 GR SAKIZLI MUHALLEBI,-10.002500625156289
EKER TATLI 150 GR SUPANGLE,-10.002500625156289
EKER TATLI 150 GR SUTLAC,-10.002500625156289
EKER TATLI 500 GR SUTLAC,0.0
EKER YOGURT 65 GR SEFTALI KAYISILI,0.0
EKER YOGURT HOMOJEN 1500 GR,0.0
EKER YOGURT KOVA 2000 GR,0.0
EKER YOGURT SUZME 500 GR,0.0
EKICI KASAR PEYNIRI 600 GR,0.0
EKMEK ADET 200 GR (KEPEK-SADE-PAPY. ),0.0
ELIDOR 350 ML SAC KREMI ANINDA ONARICI,0.0
ELIDOR 350 ML SAC KREMI ESMER PARLAKLIK,0.0
ELIDOR 350 ML SAC KREMI GUCLU VE PARLAK,0.0
ELIDOR 350 ML SAC KREMI SAC DOKULMESINE KARSI,0.0
ELIDOR 350 ML SAC KREMI SAGLIKLI UZAYAN SAÇLAR,0.0
ELIDOR 7/24 ONARICI BAKIM 265 ML,-31.819628164916587
ELIDOR SAMPUAN 400+200 SAC KREMI GUCLU PARLAK,-30.00150007500375
ELIDOR SAMPUAN 400+200 SAC KREMI ONARICI BAKIM,-30.00150007500375
ELITLED 3LU BLISTER AMPUL,0.0
ELITLED RGB KUMANDALI AMPUL,40.00400040004002
ELMA GOLDEN,0.0
ELMA GRANNY SMİTH,16.668055671305954
ELMA STARKİNG,0.0
ELMA STARKİNG EKONOMIK,0.0
EMOTION 50 ML ROLL ON NATURAL BLOOM,-30.00157903047529
EMOTION 50 ML ROLL ON OCEAN FRESH,-30.00157903047529
EMOTION 50 ML ROLL ON ROMANCE,0.0
EMOTION DEODORANT 150 ML AQUA KISS,-30.00157903047529
EMOTION DEODORANT 150 ML DETOX FLORAL,-30.00157903047529
EMOTION DEODORANT 150 ML DETOX FRESH,0.0
EMOTION DEODORANT 150 ML LOVE,-30.00157903047529
EMOTION DEODORANT 150 ML ROMANCE,-30.00157903047529
EMOTION DEODORANT 150ML NATURAL BREEZE,-30.00157903047529
EMOTION DEODORANT 150ML OCEAN FRESH,-30.00157903047529
EMOTION DEODORANT 150ML VIOLET,-30.00157903047529
ENSAR ASLAN YILDIZ ERKEK PENYE BOXER,0.0
ERNET CENK TABLET NAFTALIN 100 GR,0.0
ERNET TUZ RUHU 1000GR,0.0
EST 1500 ML DOGAL ZEYTINYAGLI  S.SABUN AYVALIK ZEY,0.0
EST 1500 ML DOGAL ZEYTINYAGLI  S.SABUN KIRAZ CI,0.0
EST 500 ML DOGAL ZEYTINYAGLI SIVI SABUN AYVALIK ZE,0.0
EST 500 ML FRAMBUAZLI SIRKE&SAC TONIK,0.0
EST DOGAL DIS MACUNU 90 ML BAMBU/KARBON,0.0
EST DOGAL DIS MACUNU 90 ML MISVAK OZLU,0.0
EST DOGAL EL VE VUCUT KREMI 50 ML ZEYTINYAGLI,-40.00400040004
EST DOGAL EL VE VUCUT LOSYONU 250 ML  ZEYTINYAGLI,-41.67013917826486
EST DOGAL SAMPUAN 600 ML  ZEYTINYAGLI,0.0
EST KOLONYA 150 ML SPREY PET LIMON,0.0
EST KOLONYA 400 ML LIMON,0.0
ETI 34 GR CIK.GOFRETLI SUTLU CIK.,0.0
ETI 40 GR FORM MAHLEP CIYA COREK OTLU BISK,0.0
ETI 50 GR BROWNI INTENSE,11.11111111111111
ETI 50 GR KARAM BITTER,9.090909090909092
ETI BALIK MISIRLI KRAKER 70 GR,0.0
ETI BENIMO 80 GR,0.0
ETI BIDOLU 81 GR YER FISTIKLI KAKAOLU,0.0
ETI BIDOLU YER FISTIKLI 81 GR,0.0
ETI BROWNI INT. MINI 160 GR KARAMELLI,0.0
ETI BROWNI INTENSE CIK.160 GR,0.0
ETI BROWNI INTENSE GOLD 48 GR,0.0
ETI BROWNI KAK.CIKO.45 GR,0.0
ETI BROWNI PATISSERIE CIK.SOSLU KEK 165 GR,0.0
ETI BROWNI VISNE 45 GR,0.0
ETI BUMBO 42 GR,0.0
ETI BURCAK 100 GR LIMONLU KREMALI YULAFLI,0.0
ETI BURCAK 100 GR. H. CEVIZLI KREMALI BISK.,0.0
ETI BURCAK 114 GR SUTLU CIKOLATALI,0.0
ETI BURCAK 131 GR,0.0
ETI BURCAK 3 LU 393 GR,21.686947824637436
ETI BURCAK 91 GR COREK OTLU TUZLU BISK.,0.0
ETI BURCAK 91 GR ZEYTINLI TUZLU BISK.,0.0
ETI BURCAK BITTER CIK.114 GR,0.0
ETI BURCAK KURABI 198 GR. YULAFLI YER FIST.,0.0
ETI BURCAK SUTLU KREMALI 100 GR,0.0
ETI CANGA GOLD 45 GR,11.11111111111111
ETI CANGA SUTLU 45 GR,0.0
ETI CICIBEBE 172 GR,0.0
ETI CICIBEBE 400 GR,0.0
ETI CICIBEBE 700 GR,19.809584766781345
ETI CIK.KARAM 60 GR %70 KAKAO KARE,34.026805361072206
ETI CIK.KARE ANTEP FIST. 60 GR,0.0
ETI CIK.KARE KARAM 60 GR %54 KAKAO,34.026805361072206
ETI CIK.KARE KARAM BITTER 60 GR,34.026805361072206
ETI CIK.KARE SUTLU 65 GR,0.0
ETI CIK.UZUN ANTEP FISTIKLI 34 GR,0.0
ETI CIK.UZUN SUTLU 34 GR,0.0
ETI CIN LOKMALIK 114 GR,0.0
ETI CIN PORTAKALLI 25 GR,0.0
ETI CIN PORTAKALLI 325 GR,0.0
ETI CRAX 50 GR ACI BAHARATLI KRAKER,11.172873818788226
ETI CRAX 50 GR CHILI LIME MISKET LIMONLU ACILI,11.172873818788226
ETI CRAX BAHARATLI 80 GR,0.0
ETI CRAX PEYNIRLI KRAKER 80 GR,0.0
ETI CRAX SADE KRAKER 85 GR,0.0
ETI ETIMEK TUZSUZ 148 GR,0.0
ETI FORM 138 GR KIZARMIS KEPEKLI EKMEK,0.0
ETI FORM 41 GR TAHILLI BUGDAYLI PATLAGI,0.0
ETI FORM 45 GR,0.0
ETI FORM CIK.KAPL.BISKUVI 50 GR,0.0
ETI FORM LIMON LIFLI BISK.50 GR,0.0
ETI FRIGO ALASKA BITTER CIK.60 GR,58.38612870956986
ETI FRIGO ALASKA SUTLU CIK.60 GR,58.38612870956986
ETI GONG 64 GR MISIR VE PIRINC PATLAK,0.0
ETI GONG BALLI HARDALLI 68GR,0.0
ETI GONG PEYNIRLI ACILI 68GR,0.0
ETI HOSBES CILEKLI 142 GR,10.022004400880173
ETI HOSBES FINDIKLI 142 GR,10.022004400880173
ETI HOSBES FINDIKLI 70GR,0.0
ETI HOSBES KAKAOLU 142 GR,10.022004400880173
ETI KAKAOLU BISK.125 GR,0.0
ETI KRAKER BALIK 85 GR,0.0
ETI KRAKER PIZZA 76 GR,0.0
ETI LIFALIF 250 GR INCE OGUTULMUS KIRMIZI MEYVELI,0.0
ETI LIFALIF 35 GR BITTER CIKO.MUSLI BAR,0.0
ETI LIFALIF 350 GR YULAF EZMESI INCE ÖGUTULMUŞ,16.682224296572883
ETI LIFALIF YULAF EZMESI 500 GR,16.682224296572883
ETI MAXIMUS SUTLU BAR 50 GR,0.0
ETI NERO 110 GR KAKAOLU BISKUVI,0.0
ETI PETIT BEURRE 400 GR,0.0
ETI PETITO TOPCU 16 GR,0.0
ETI POPKEK 55 GR BITTER CIKOLATALI,0.0
ETI POPKEK KAKAOLU 60 GR,0.0
ETI POPKEK LIMONLU 60 GR,0.0
ETI POPKEK MINI KAKAOLU 180 GR,9.021804360872169
ETI POPKEK MINI LIMONLU 180 GR,9.021804360872169
ETI POPKEK MINI MUZLU 180 GR,9.021804360872169
ETI POPKEK MUZLU 60 GR,0.0
ETI PUF HIND.CEV.16 GR,0.0
ETI PUF KAKAOLU 18 GR,0.0
ETI PUF RENKLI 18 GR,0.0
ETI SULTANI 123 GR,0.0
ETI SUSAMLI CUBUK 56 GR,0.0
ETI SUT BURGER BALLI 35 GR,0.0
ETI SUT BURGER CILEKLI 35 GR,0.0
ETI SUT BURGER KAKAOLU 35GR,0.0
ETI SUT BURGER MUZLU  35 GR,0.0
ETI TOPKEK CILEKLI 40 GR,0.0
ETI TOPKEK FINDIKLI 35 GR,0.0
ETI TOPKEK MEYVELI 40 GR,0.0
ETI TUTKU 100 GR,0.0
ETI TUTKU 138 GR KAKAO KREMALI BISK.,0.0
ETI TUTKU RULO 150 GR,0.0
ETI YULAFLI BISK.125 GR,0.0
FAIRY H1A KAPSUL 36 LI,0.0
FAIRY SIVI 1500 ML LIMON,0.0
FAIRY SIVI 650 ML ELMA,0.0
FAIRY SIVI 650 ML LIMON,0.0
FAKIR 1000 ML AHSAP TEMIZLEYICI,0.0
FAMILIA  HAVLU 6 LI,0.0
FAMILIA HAVLU 16 LI  COCONAT,0.0
FAMILIA PECETE 100 LU,0.0
FAMILIA PECETE 200 LU,0.0
FAMILIA T.KAGIDI 16'LI  COCONUT,0.0
FAMILIA T.KAGIDI 40 LI COCONAT,0.0
FATIH KURU BOYA KALEMI 12 LI,0.0
FAX 3000 ML SIVI SABUN LAVANTA,0.0
FAX 3000 ML SIVI SABUN OKYANUS FERAHLIGI,0.0
FE NASIR TORPUSU,-40.0026668444563
FE RENKLI  CIMBIZ/YAN UCLU,-40.0026668444563
FE STOP SIGAR FILTRESI,0.0
FE TIRNAK MAKASI,-40.00400040004
FE TIRNAK MAKASI BUYUK,-38.464497269020704
FE TIRNAK TORPUSU ORTA BOY,-38.89321035670629
FEAST DONDURULMUS BROKOLI 500 GR,7.143367383384527
FEAST DONDURULMUS ELMA DILIMLI PATATES 1000 GR,0.0
FEAST DONDURULMUS VISNE  400 GR,4.651270959789763
FELIX KEDI KONSERVE 400 GR ETLI-TAVUKLU,34.618047542118624
FELIX KEDI KONSERVE SOMONLU 400GR,34.618047542118624
FELIX POUCH 4 LU AVANTAJ PAKET ETLI 85 GR,36.36694244931359
FELIX POUCH 4 LU AVANTAJ PAKET SOMONLU 85 GR,36.36694244931359
FELIX POUCH 4 LU AVANTAJ PAKET YAVRU 85 GR,36.36694244931359
FELIX POUCH CIFTE LEZZET ETLI-KANATLI 85 GR,32.01280512204884
FELIX POUCH CIFTE LEZZET SOMON SARDALYA 85 GR,32.01280512204884
FELIX POUCH ETLI 85 GR,36.01440576230494
FELIX POUCH KUZU ETLI 85 GR,32.01280512204884
FELIX POUCH SENSATION TAVUK-HAVUC 85 GR,32.01280512204884
FELIX POUCH SENSATION TON BALIKLI 85 GR,32.01280512204884
FELIX POUCH SOMONLI 85 GR,32.01280512204884
FELIX POUCH TASTY SHREDS ETLI DOM.85 GR,32.01280512204884
FELIX POUCH TASTY SHREDS TAVUKLU 85 GR,32.01280512204884
FELIX POUCH YAVRU TAVUKLU 85 GR,32.01280512204884
FERIDE SERPME PUDRA 75 GR,0.0
FIDE KELLE PACA CORBASI 480 ML,42.86122487855988
FIDE TAVUK SUYU 480 ML,44.45679355376493
FIDE TON BALIGI 2X160 GR.,0.0
FIDE TON BALIGI EKO 3*80 GR,0.0
FIDE TON BALIGI KLASIK 3*80 GR,0.0
FILIZ IRMIK 500 GR,0.0
FILIZ MAKARNA 500 GR ARPA SEHRIYE,40.973169622555716
FILIZ MAKARNA 500 GR BONCUK,40.973169622555716
FILIZ MAKARNA 500 GR BURGU,40.973169622555716
FILIZ MAKARNA 500 GR ERISTE,40.973169622555716
FILIZ MAKARNA 500 GR FIRIN,40.973169622555716
FILIZ MAKARNA 500 GR FIYONK,40.973169622555716
FILIZ MAKARNA 500 GR INCE UZUN,40.973169622555716
FILIZ MAKARNA 500 GR KALEM,40.973169622555716
FILIZ MAKARNA 500 GR KELEBEK,40.973169622555716
FILIZ MAKARNA 500 GR MANTI,40.973169622555716
FILIZ MAKARNA 500 GR SPAGETTI,40.973169622555716
FILIZ MAKARNA 500 GR TEL SEHRIYE,40.973169622555716
FILIZ MAKARNA 500 GR YASSI SPAGETTI,40.973169622555716
FILIZ MAKARNA 500 GR YUKSUK,40.973169622555716
FILIZ TAM BUGDAY BURGU 350 GR,0.0
FILIZ TAM BUGDAY KALEM 350 GR,0.0
FINISH 40 ULTIMATE QUANTUM TABLET,0.0
FINISH MAKINE TEMZ.LIMONLU 250 ML,0.0
FINISH PARLATICI 400GR NORMAL,0.0
FINISH QUANTUM TABLET 50 LI,0.0
FINISH TABLET H1A 80'LI,0.0
FINISH ULTIMATE 40 LI PLUS,0.0
FIRST 60 DK AHUD. LIMON AROM. SAKIZ 27 GR,50.012503125781436
FIRST 60 DK KARPUZ SEFTALI AROM.SAKIZ 27 GR,50.012503125781436
FISKOBIRLIK FINDIK EZMESI 300 GR,-6.666888896296543
FISKOKREM SUTLU KREMA 400 GR,0.0
FLEXI PLASTIK BIÇAK 10 LU,0.0
FRISKIES MINI MENU 1.5KG KOPEK MAMASI,33.33422224592656
FRISKIES POUCH 85 GR YAVRU KEDILER ICIN,50.025012506253134
FRISKIES POUCH ETLI 85 GR,50.025012506253134
FRISKIES POUCH SOMONLU 85 GR,50.025012506253134
"FRISKIES YAVRU KURU 1,5 KG KEDI MAMASI",33.33422224592656
GARNIER NEM BOMB.KAGIT MASKE KOMURLU YOSUN,-38.89104950275016
GARNIER NEM BOMBASI KAGIT MASKE MAVI,-38.89104950275016
GARNIER NEM BOMBASI KAGIT MASKE PEMBE,-38.89104950275016
GEDIK TAB. BAGET KG,8.334027835652984
GEDIK TAB. BUT KG,5.8830450641251915
GEDIK TAB. SIRTIZ UST BUT (SARMA) KG,0.0
GILLETTE 200ML TRAS JELI NORMAL,0.0
GILLETTE 200ML TRAS KOPUGU HASSAS SENS,0.0
GILLETTE BLUE II PLUS 5+2 POSET,0.0
GILLETTE BLUE II REGULAR 5 LI POSET,0.0
GILLETTE BLUE3 COMFORT KULLAN AT TIRAS BICAGI 9+3,0.0
GILLETTE MACH3 BICAK 2 LI,0.0
GILLETTE MACH3 BICAK 4 LU,0.0
GILLETTE MACH3 MAKINE + 2 YEDEK BICAK,0.0
GILLETTE VENUS 2 4'LU POSET,-30.003000300030003
GILLETTE VENUS BREEZE MAKINA UP,-30.00046154556224
GILLETTE VENUS RIVIERA 3 BICAKLI 2LI POSET,-30.303948604503166
GILLETTE VENUS SIMPLY 3 BICAKLI 4LU POSET,-30.436105917648593
GLADE 70 GR MINI JEL LAVANTA FERAH,0.0
GLADE AEROSOL ASKIN BUYUSU 300ML,0.0
GLADE AEROSOL OKYANUS SERINLIGI  300 ML,0.0
GLADE AEROSOL SABAH TAZELIGI 300ML,0.0
GLADE AEROSOL TROPIKAL 300ML,0.0
GLADE AEROSOL VANILYA 300 ML,0.0
GLADE BANYO 10 ML CIHAZ+YEDEK TEMIZ CARSAF FER,0.0
GLADE BANYO 10 ML YEDEK LAVANTA,0.0
GLISS 360ML SAC KREMI INTENSE THERAPY,0.0
GLISS 360ML SAC KREMI MILLION GLOSS,0.0
GLISS 500 ML SAMP. BIO-TECH,0.0
GLISS 500 ML SAMP.FIBER  THERAPY,0.0
GLISS 500ML SAMP.SUPREME LENGTH,0.0
"GMAX ANTIFRIZ  -56 1,5LT",0.0
GOLDEN DAISY ANTIK KILIM 80X125 CM,0.0
GOLDEN DAISY YASTIK ALEZI JAKARLI,0.0
GOURMET GOLD KEDI KONS. KIYILMIS HINDI ETLI 85 GR,33.34074238719715
GOURMET GOLD KEDI KONS. KIYILMIS SIGIR ETLI 85 GR,33.34074238719715
GOURMET GOLD KEDI KONS. KIYILMIS TAVUK ETLI 85 GR,33.34074238719715
GOURMET GOLD KEDI KONS. KIYILMIS TON BALIKLI 85 GR,33.34074238719715
GREYFURT,0.0
GUNSEVEN SIRKE ELMA 500 ML PET,-16.672224074691563
GUNSEVEN SIRKE UZUM 500 ML PET,0.0
GURSOY FINDIK EZMESI 320 GR %70FINDIK,0.0
GURSOY KAKAO FINDIK KREMA 700 GR,0.0
GURSOY KAKAOLU FINDIK KREMASI 400GR %15 FINDIK,0.0
GURSUT LUKS TAZE PEYNIRI KG,0.0
GURSUT TOST PEYNIRI 1000 GR,16.66722224074136
GÖBEK SALATA,12.501562695336919
H&S 350 ML SAMPUAN 2IN1 KLASIK,0.0
H&S 350 ML SAMPUAN 2IN1 LIMON,0.0
H&S 350 ML SAMPUAN EXTRA VOLUME,0.0
H&S 350 ML SAMPUAN MENTOL,0.0
H&S 350 ML SAMPUAN SA DOKULME KARSITI KADIN,0.0
H&S 350 ML SAMPUAN SAC DOKULME KARSITI ERKEK,0.0
H.SAKIR 4X70GR GUZELLIK SABUNU ELEGAN,0.0
H.SAKIR 4X70GR GUZELLIK SABUNU KLASIK,0.0
H.SAKIR 600GR BANYO SABUNU BEYAZ.,0.0
H.SAKIR 600GR BANYO SABUNU LAVANTA,0.0
HALK MARGARİN 250 GR 6 LI,0.0
HALK PAKET MARGARIN 250GR,0.0
HARIBO 70 GR MIX FIZZ FRIES,14.666666666666666
HARIBO ALTIN AYICIK 80 GR,14.666666666666666
HARIBO JELLY TROPIFRUTTI 80 GR BAG,14.666666666666666
HARIBO MARSHMALLOWS 150 GR,14.705882352941178
HARIBO MEGA PARTY 200 GR,14.444444444444443
HARIBO MINI ALTIN AYICIK 200 GR MAXI,14.444444444444443
HARIBO ROULETTE MEYVELI  45 GR,13.636363636363635
HAVUÇ,0.0
HEINZ HARDAL MILD 240GR,0.0
HEINZ MAYONEZ ACI 405 GR,0.0
HERO BABY 120 GR KVN.YULAF KARISIK MEYV.,0.0
HERO BABY 120 GR PREB.CILEK YOGURT,0.0
HERO BABY 200 GR SUTLU 8 TAHILLI MEYVELI,0.0
HERO BABY 200 GR SUTLU IRMIKLI BALLI,0.0
HERO BABY 200 GR SUTLU PIRINCLI MUZLU,0.0
HERO BABY ORG KVN. ELMALI 120 GR,0.0
HERO BABY ORG.KAYISILI 120 GR,0.0
HERO BABY SÜTLAÇ 125 GR,0.0
"HIGHGENİC 500 ML FIRIN,OCAK ASP.TEMIZLEYICI",0.0
HIPP KVN ORG.SUTLAC 125GR,6.547539671956276
HIPP KVN.ORG.ELMA PURESI 125 GR,0.0
HIPP KVN.ORG.ERIK PURESI 125 GR,11.660195317096141
HIPP KVN.ORG.KAYISI PURESI 125 GR,12.389048631078898
HIPP KVN.ORG.SEFTALI PURESI 125 GR,11.660195317096141
HIPP ORG. BEBE BISKUVISI 180 GR,0.0
HIPP ORG.BIBERON MAMASI 3 300 GR,9.183420203524447
HIPP ORGANIK 200 GR 5 TAHILLI EK GIDA,12.507817385866165
HIPP ORGANİK 350 GR COMBİOTİC 1 BEBEK SUTU,8.622176237282291
HIPP ORGANİK 350 GR COMBİOTİC 2 DEVAM SÜTÜ,8.622176237282291
HIPP ORGANİK 350 GR COMBİOTİC 3 BEBEK SÜTÜ,8.622176237282291
HOBBY 1500 ML SIVI SABUN BOGURTLEN,0.0
HOBBY 250ML SAC SPREYI EXSTA HACIM,0.0
HOBBY 3000 ML SIVI SABUN BOGURTLEN,0.0
HOBBY 3000 ML SIVI SABUN NILUFER,0.0
HOBBY 600ML SAC KREMI KLASIK,0.0
HOBBY 600ML SAMP. GUL OZLU,0.0
HOBBY 600ML SAMP. KEPEK BADEM YASEMIN,0.0
HOBBY 600ML SAMP.ARGAN PAPATYA,0.0
HOBBY DUS JELI 500 ML ORKIDE,0.0
HOBBY DUS JELI 500ML BOGURTLEN&A.DUDU,0.0
HOBBY DUS JELI 500ML CILEK,0.0
HOBBY DUS JELI 500ML VANILYA,0.0
HÜNNAP,0.0
HİNDİSTAN CEVİZİ,0.0
ICIM  PRESIDENT 100 GR UCGEN CHEDDAR,0.0
ICIM AYRAN 1000 ML,0.0
ICIM AYRAN 200 ML,0.0
ICIM BEYAZ PEYNIR 900 GR,-31.035552950101724
ICIM ICIMINO BUYUME KUPU 6*40 GR BISKUVILI,0.0
ICIM ICIMINO BUYUME KUPU 6*40 GR ORMAN MEY,0.0
ICIM KEFIR 1000 ML CILEK,0.0
ICIM KEFIR 260 ML ARONYA KARADUT,0.0
ICIM KEFIR 260 ML CILEK,0.0
ICIM KREM PEYNIR 180 GR,0.0
ICIM KREM PEYNIR 300 GR,11.1123458162018
ICIM KREMA %35 YAGLI 200 ML,0.0
ICIM LABNE 200 GR,8.334722453742279
ICIM LABNE 400 GR,-15.385798907608287
ICIM LAKTOZSUZ 750 GR YOGURT,0.0
ICIM PRESIDENT KREM CHEDDARLI 270 GR,0.0
ICIM PUDING CIKOLATALI 200 ML,0.0
ICIM PUDING MUZLU 200 ML,0.0
ICIM SUT 1LT PASTORIZE CAM SISE,0.0
ICIM SUT AROMALI CILEK 180 ML,0.0
ICIM SUT AROMALI MUZ 180 ML,0.0
ICIM SUT LAKTOZSUZ 1000 ML UHT,0.0
ICIM SUT LAKTOZSUZ 200 ML,0.0
ICIM SUT LAKTOZSUZ 500 ML,0.0
ICIM SUT T.YAGLI UHT 1000 ML,0.0
ICIM SUT T.YAGLI UHT 500 ML,0.0
ICIM SUT UHT 200 ML,0.0
ICIM SUT UHT 200 MLX6 LI,0.0
ICIM SUT Y.YAGLI 1000 ML,0.0
ICIM SUZME BEYAZ PEYNIR 250 GR,0.0
ICIM SUZME BEYAZ PEYNIR 500 GR,0.0
ICIM TAZE KASAR PEYNIRI 400 GR,0.0
ICIM TAZE KASAR PEYNIRI 600 GR,16.000640025601022
ICIM TAZE PEYNIR SADE 180 GR,0.0
ICIM TEREYAG 200 GR,0.0
ICIM TEREYAG 750 GR,0.0
ICIM UCGEN ERITME PEYNIRI 100 GR,0.0
ICIM UCGEN PEYNIR 24'LU 300 GR,0.0
ICIM YOGURT 1000 GR DOGAL,0.0
ICIM YOGURT 2000 GR DOGAL KAYMAKSIZ,0.0
ICIM YOGURT 500 GR DOGAL,0.0
INDOMIE 120 GR  JUMBO SEBZE  AROMALI,0.0
INDOMIE 120 GR JUMBO KORI AROMALI,0.0
INDOMIE 60 GR BARDAK DANA ETI CESNILI NOODLE,0.0
INDOMIE 60 GR BARDAK KORI NOODLE,0.0
INDOMIE 60 GR BARDAK SEBZELI NOODLE,0.0
INDOMIE 60 GR BARDAK TAVUK CESNILI NOODLE,0.0
INDOMIE 70 GR PAK.TAVUK CESNILI NOODLE,0.0
INDOMIE 75 GR PAK.KORI NOODLE,0.0
INDOMIE 75 GR PAK.SEBZELI NOODLE,0.0
INDOMIE 75 GR PAK.SPESIYAL NOODLE,0.0
INDOMIE 80 GR GURME ACI VE BAHARATLI,0.0
INDOMIE 80 GR GURME SOYA SOSLU,0.0
INDOMIE PAKET KORILI NOODLE 5 LI,0.0
INDOMIE PAKET SEBZELI NOODLE 5 LI,0.0
INDOMIE PAKET SPESIYAL NODLE 5 LI,0.0
INDOMIE PAKET TAVUK CESNILI NOODLE 5 LI,0.0
IPEK SALCA DOMATES 1650 GR PET,0.0
"IRAK SUMBUL BALKON SAKSI NO:1  4,2 LT  SS200",0.0
"IRAK SUMBUL SAKSI NO:2  1,2 LT  SS105",0.0
ISPANAK,0.0
ISTIRANCA GEZEN TAVUK YUMURTASI 15'LI,7.692899453804138
"JACOBS 2 SI 1 ARADA 10,5 GR",0.0
JACOBS 3 U 1ARADA 16 GR,0.0
JACOBS MONARCH 2 GR,0.0
JUNGLE MUHABBET KUS YEMI GURME (KRAKER HED.) 400 G,0.0
JUNGLE YAVRU KEDI MAMASI TAVUKLU 500 GR,0.0
JUNGLE YETISKIN KEDI MAMASI TAVUK - BALIKLI 500 GR,0.0
K.KUKRER 250 ML %100 NAR EKSISI  CAM,8.696030262185312
K.KUKRER BEYAZ SIRKE 2 LT,0.0
K.KUKRER ORGANIK ELMA SIRKESI 500 ML CAM,26.702234078026027
K.KUKRER SIRKE ELMA 500 ML CAM,11.1123458162018
K.KUKRER SIRKE ELMA 500ML PET,20.002667022269637
K.KUKRER SIRKE UZUM 1000 ML PET,47.37340772712919
K.KUKRER SIRKE UZUM 500ML  PET,14.287755393627663
K.KUKRER SOYA SOSU 375 ML PET,0.0
KABAK,-11.111728429357186
KAHVE DUNYASI 33 GR GOFRIK A.FISTIGI,0.0
KAHVE DÜNYASI 2SI1 ARD KLASİK 8LI,-16.66944490748458
KAHVE DÜNYASI 3Ü1 ARD KLASİK 8LI,-16.66944490748458
KARA SEVDA KLASIK TUZLU SIYAH AYÇEKIRDEĞI 135 GR,0.0
KARLIDAG TEREYAG 400 GR TUZLU,0.0
KARLIDAG TEREYAG 750 GR,0.0
KARNIBAHAR KG,25.006251562890718
KARPER 18 PORSIYON PEYNIR 324 GR MULTIPACK,0.0
KARPER 6 LI 108 GR SADE,0.0
KARPER SADE 8 LI 100 GR,25.006251562890718
KARPER UCGEN PEYNIR 200 GR  SADE 16 LI PORS.,0.0
KEBIR GURME TEREYAGI 400 GR,0.0
KEBIR GURME TEREYAGI 400 GR TUZLU,0.0
KEBIR GURME TEREYAGI 750 GR,0.0
KEBIR KUYMAK PEYNIRI 500 GR,0.0
KEBIR YOGURT 1KG KOY TIPI,0.0
KELLOGS  60 GR GRANOLA KARISIK MEYVE,0.0
KELLOGS 60 GR GRANOLA BEYAZ CIK.FISTIK,0.0
KELLOGS 60 GR GRANOLA CIKOLATA FINDIK,0.0
KELLOGS K FLAKES 400 GR KIRMIZI MEYVELİ,0.0
KELLOGS K FLAKES 400 GR ÇİKOLATALI,0.0
KENT 28 GR OLIPS STICK LIMON PORTAKAL,69.21718658034139
KENT 28 GR OLIPS STICK MENTOL OKALIPTUS,69.21718658034139
KENT BUBBLICIOUS 38 GR KARISIK MEYV.,0.0
KENT BUBBLICIOUS CILEK 38 GR,0.0
KENT ELEGAN MEYVELY 375 GR,0.0
KENT FALIM 5 LI CILEK 7 GR,0.0
KENT FALIM 5 LI KARPUZ 7 GR,0.0
KENT FALIM 5 LI MP KARISIK MEYVELI,50.012503125781436
KENT FALIM 5 LI NANE 7 GR,0.0
KENT FALIM CILEK 5 LI MP,50.012503125781436
KENT FALIM DAMLA SAKIZLI 5 LI,0.0
KENT FALIM DAMLA SAKIZLI 5 LI MP,50.012503125781436
KENT FALIM ISIL NANE 5 LI MP,50.012503125781436
KENT FALIM NANE 5 LI MP,50.012503125781436
KENT FIRST 27 GR 60 DK KESKIN NANE,50.012503125781436
KENT FIRST 27GR 60 DK YEŞİL NANE,50.012503125781436
KENT FIRST SENSATIONS 27 GR DAMLA SAKIZLI,50.012503125781436
KENT FIRST SENSATIONS 27 GR KARADUT,50.012503125781436
KENT FIRST SENSATIONS 27 GR KARPUZ,50.012503125781436
KENT FIRST SENSATIONS 27 GR KESKIN NANE,50.012503125781436
KENT FIRST SENSATIONS 27 GR TROPICAL,50.012503125781436
KENT FIRST SENSATIONS 27 GR YESIL NANE,50.012503125781436
KENT FIRST SENSATIONS CILEK 27 GR,50.012503125781436
KENT JELIBON AYICIK 80 GR,74.50909090909092
KENT JELIBON PATCH KARPUZ 80 GR,74.50909090909092
KENT JELIBON SOUR PATCH KIDS 80 GR,74.50909090909092
KENT JELIBON TOPİK 80 GR,74.50909090909092
KENT MISSBON KAHVELI 43 GR,0.0
KENT MISSBON TEREYAGLI 43 GR,0.0
KENT OLIPS 12.5 GR MINI MINTS NANE MENTOL,0.0
KENT OLIPS MINTS KARPUZ 12.5 GR,0.0
KENT OLIPS MINTS NANELI 12.5 GR,0.0
KENT OLIPS NANE 76 GR,45.029005801160224
KENT OLIPS SOFT MINTS KARPUZ 47 GR,0.0
KENT OLIPS SOFT MINTS NANE 47 GR,69.21718658034139
KENT OLIPS STICK NANE 28 GR,69.21718658034139
KENT OLİPS STICK 28 GR KESKIN MENTOL,69.21718658034139
KENT SIPSEVDI MUZ CILEK 25 GR,0.0
KENT TOFITA BOGURTLEN 47 GR,0.0
KENT TOFITA CILEK 47 GR,0.0
KENT TOPITOP MEYVELI 88 GR,0.0
KENT TOPITOP MUZIK MEYVELI 13 GR,0.0
KERAMIKA KUPA CIFT RENKLI,0.0
KIMI 1000ML ULTRA CAMASIR SUYU,0.0
KIMI 10LU BARDAK 7 OZ,0.0
KIMI 1500 ML YUZEY TEMIZLEYICI GUL,0.0
KIMI 1500 ML YUZEY TEMIZLEYICI LAVANTA,0.0
"KIMI 3,6 LT SIVI SABUN GUL BAHCESI",0.0
"KIMI 3,6 LT SIVI SABUN OKYANUS",0.0
KIMI 3000 ML YUMUSATICI GUL,0.0
KIMI 3000 ML YUMUSATICI LAVANTA,0.0
KIMI 4 KG SIVI BULASIK DETERJANI,0.0
KIMI 4 KG ULTRA CAMASIR SUYU,0.0
KIMI 750 ML BULASIK LIMON,0.0
KIMI 750 ML CAM TEMIZLEYICI,0.0
KIMI DEV KAGIT HAVLU,0.0
KIMI HAVLU 6 LI 2 KATLI,0.0
"KIMI SIVI BAKIM DETERJAN 2,5 LT BEYAZ VE RENKLILER",0.0
KIMI T.KAGIDI 16 LI  2 KATLI,0.0
KIMIN 170 GR CIPS FISTIK,0.0
KIMIN ANTEP FISTIGI 200 GR,0.0
KIMIN ASURELIK BUGDAY 1000 GR,0.0
KIMIN BADEM ICI 200 GR,0.0
KIMIN BULGUR ESMER 1000 GR CIG KOFTELIK,0.0
KIMIN BULGUR IRI PILAVLIK 1000 GR,-30.006001200240046
KIMIN BULGUR KOFTELIK 1000 GR,-30.006001200240046
KIMIN CEVIZ ICI 150 GR,0.0
KIMIN CIFTE 150 GR KAV.KABAK CEKIRDEGI,0.0
KIMIN CIFTE KAV. LEBLEBI 200 GR,0.0
KIMIN CIN MISIR 1000 GR.,25.006251562890718
KIMIN CUBUK CIPS 200 GR,0.0
KIMIN DAKOTA ÇEKİRDEK SADE 330 GR,10.002000400080016
KIMIN FASULYE DERMASON 1000 GR.,-25.00208350695892
KIMIN FINDIK ICI 250 GR,0.0
KIMIN GONEN BALDO PIRINC 1000 GR,0.0
KIMIN GONEN BALDO PIRINC 2000 GR,0.0
KIMIN KABAK NEVSEHIR 150 GR,0.0
KIMIN KABUKLU FISTIK 400 GR,0.0
KIMIN KAJU 200 GR,0.0
KIMIN KAV.SIYAH CEK.115 GR,0.0
KIMIN KAV.SIYAH CEK.TUZLU 350 GR,10.002000400080016
KIMIN KIRIK PIRINC 1000 GR,0.0
KIMIN KIRMIZI IC MERCIMEK 1000 GR,-6.6671111407427155
KIMIN KOCBASI NOHUT 1000 GR,-25.00208350695892
KIMIN KOKTEYL EKO 400 GR,11.1123458162018
KIMIN KOKTEYL LUX 250 GR,0.0
KIMIN KULAH CIPS 200 GR,0.0
KIMIN OSMANCIK PIRINC 1000 GR,0.0
KIMIN PILAVLIK PIRINC 1000 GR,12.501562695336919
"KIMIN SIYAH BOL TUZLU  CEK,120 GR",0.0
KIMIN SOSLU FISTIK 200 GR,0.0
KIMIN SOSLU MISIR 150 GR,0.0
KIMIN TUZLU FISTIK 200 GR,0.0
KIMIN TUZLU FISTIK 400 GR,0.0
KIMIN TUZLU LEBLEBI 200 GR,0.0
KIMIN YAKAN BIBER TURSU CAM 330 GR,0.0
KINDER BUENO T2 44 GR,0.0
KINDER BUENO WHITE T2 39 GR,0.0
KINDER CHOCOLATE T4 50 GR,0.0
KINDER DELICE T1 20 GR,0.0
KINDER JOY T1 ERKEK 20 GR,0.0
KINDER JOY T1 KIZ 20 GR,0.0
KINDER PINGUI CACAO 4 LU,0.0
KINDER PINGUI T1 30GR,0.0
KINDER SUT DILIMI 4 LU,0.0
KINDER SUT DILIMI T1 20GR,0.0
KIRI LABNE 150GRX3'LU,0.0
KIRI TAZE PEYNIR SADE 150 GR,-20.002000200020003
KIVIRCIK ADET,0.0
KNORR  ANALI KIZLI CORBA 70 GR,0.0
KNORR BULYON ET SUYU 240GR,-25.290263248649268
KNORR BULYON TAVUK SUYU 120GR,-25.509803921568626
KNORR BULYON TAVUK SUYU 240GR,-25.290263248649268
KNORR CABUK CORBA 19 GR KREMALI MANTAR,-26.486168334314293
KNORR CABUK CORBA 22 GR ACILI DOMATES,-26.486168334314293
KNORR CABUK CORBA 22 GR KITIRLI DOMATES,-26.486168334314293
KNORR CESNI 32 GR TAVUK MANGAL LEZZETI,-25.00480861704174
KNORR CESNI 37 GR TAVUK BAH. SARIMSAKLI,-25.00480861704174
KNORR CORBA EZOGELIN 74  GR,-25.00625156289073
KNORR CORBA ISKEMBE 63 GR,-25.00625156289073
KNORR CORBA KREMALI DOMATES 69 GR,-25.00625156289073
KNORR CORBA KREMALI MANTAR 63 GR,-25.00625156289073
KNORR CORBA KREMALI TAVUK 65 GR,-25.00625156289073
KNORR CORBA MERCIMEK 76 GR,-25.00625156289073
KNORR CORBA SEHRIYELI TAVUK 51 GR,-25.00625156289073
KNORR HARC CITIR PANE  90 GR,-25.00480861704174
KNORR HARC KOFTE 82 GR,-25.00480861704174
KNORR HARC TAVUK PANE MIX 90 GR,-25.00480861704174
KNORR SEH. TAVK DOM. CORBASI 67 GR,-25.00625156289073
KNORR SOS BESAMEL70 GR,-25.38852131097091
KNORR SOS MAKARNA FESLEGENLI 50 GR,-25.38852131097091
KNORR SOS MAKARNA KREMALI MANTAR 52GR,-25.38852131097091
KNORR SOS MAKARNA PEYNIRLI 50 GR,-25.38852131097091
KODAK K3A-4 XTRALIFE 4 LU ALKALIN INCE PIL,0.0
KODAK K3A-4 XTRALIFE 4 LU ALKALIN KALEM PIL,0.0
KODAK LITYUM DUGME PIL 2 LI CR2016,0.0
KODAK LITYUM DUGME PIL 2 LI CR2032,0.0
KODAK PIL INCE KALEM CINKO 4LU AAA,0.0
KODAK PIL KALEM CINKO 4LU AA,0.0
KODAK PIL ULTRA PREMIUM 4LU KALEM ALKALIN AA,0.0
KOLESTON KIT 3/0 KOYU KAHVE,-30.588955034236097
KOLESTON NATURALS 2/0 SIYAH,-30.00150007500375
KOLESTON NATURALS 6/0  KOYU KUMRAL,-30.00150007500375
KOLESTON NATURALS 6/7 CIKOLATA KAHVE,-30.00150007500375
KOLESTON NATURALS 7/3 KARAMEL KUMRAL,-30.00150007500375
KOLESTON NATURALS MAXI 8/0 ACIK KUMRAL,-30.00150007500375
KOMILI AYCICEK YAGI 1 LT,0.0
KOMILI AYCICEK YAGI 5 LT PET,0.0
KOMILI Z.YAGI RIVIERA 1 LT,0.0
KOMILI Z.YAGI RIVIERA 500 ML,0.0
KOMILI Z.YAGI SIZMA 500 ML,0.0
KOROPLAST ALUMINYUM FOLYO 8MT,0.0
KOROPLAST BUZDOLABI POŞETI BÜYÜK 20 LI,0.0
KOROPLAST BUZDOLABI POŞETI KÜÇÜK 40 LI,0.0
KOROPLAST BUZDOLABI POŞETI ORTA 20 LI,0.0
KOROPLAST FIRIN TORBASI 8LI 25X38,0.0
KOROPLAST STREC FİLM 15 MT.,0.0
KOROPLAST ÇÖP TORBASI BÜZ. BÜYÜK VANILYALI 10LU,0.0
KOROPLAST ÇÖP TORBASI BÜZ.ORTA VANİLYALI 15 L,0.0
KOROPLAST ÇÖP TORBASI BÜZ.ORTA YASEMIN 15 LI,0.0
KOROPLAST ÇÖP TORBASI GUCLU BÜYÜK 10LU,0.0
KOROPLAST ÇÖP TORBASI GUCLU KUCUK 30LU,0.0
KOROPLAST ÇÖP TORBASI GUCLU ORTA 15 LI,0.0
KOSKA DONDURMA KULAHI 10 LU,0.0
KOSKA HELVA 200 GR FISTIKLI,0.0
KOSKA HELVA 200 GR KAKAOLU,0.0
KOSKA HELVA 200 GR SADE,0.0
KOSKA HELVA 500 GR KAKAOLU,0.0
KOSKA HELVA 500 GR SADE,0.0
KOSKA KARISIK MEYVELI LOKUM 500 GR,0.0
KOSKA PEKMEZ 380 GR KECI BOYNUZU,0.0
KOSKA PEKMEZ 380 GR UZUM,0.0
KOSKA RECEL 380 GR CILEK,0.0
KOSKA RECEL 380 GR VISNE,0.0
KOSKA TAHIN 300 GR CAM,0.0
KOSKA TAHIN PEKMEZ 350 GR CAM,0.0
KOTEX GUNLUK PED 28 LI ANYDAY EKO UZUN,0.0
KOTEX GUNLUK PED NORMAL 34LU,0.0
KOTEX ULTRA 4 LU GECE 16LI,0.0
KOTEX ULTRA 4 LU NORMAL 24 LI,0.0
KOTEX ULTRA 4 LU UZUN 18LI,0.0
KOTEX ULTRA TEKLI PK GECE 6 LI,0.0
KOTEX ULTRA TEKLI PK UZUN 7 LI,0.0
KUHNE %100 NAR EKSISI 250 ML,0.0
KUHNE BEYAZ TEMIZLIK SIRKESI 2 LT,0.0
KUHNE SIRKE UZUM 500 ML CAM,0.0
KUHNE SOS SOYA 250 ML,0.0
KUHNE TURSU 670 TIPI KORNISON,0.0
KUHNE TURSU ALMAN TIPI KORNISON 350 GR CAM,0.0
KUHNE TURSU CUCCU KORNISON 340 GR,0.0
KUHNE TURSU GEWURZGURKEN SALATALIK 670 GR CAM,0.0
KUHNE TURSU JALAPENO 650 GR CAM,0.0
KUHNE TURSU TURK TIPI SALATALIK 670 GR CAM,0.0
KUMBASAR 10 LU YUMURTA M BOY (53-62 GR),0.0
KUMBASAR 15 Lİ YUMURTA L BOY (63-72 GR),0.0
KUMBASAR 30 LU YUMURTA M BOY (53-62 GR),-22.22345685871437
KUMBASAR 6 LI YUMURTA M BOY (53-62 GR),0.0
KİVİ KG,0.0
LA VACHE QUI RIT  270 GR KREM PEYNIR,0.0
LA VACHE QUI RIT 140 GR KREM PEYNIR,-12.501562695336919
LA VACHE QUI RIT 200 GR 16 P,0.0
LA VACHE QUI RIT 200 GR DILIM PEY. CHEDDAR,-11.765397964586152
LA VACHE QUI RIT 8 LI 100 GR,0.0
LAHANA BEYAZ KG,25.01563477173232
LAHANA KARA DEMET,0.0
LAHANA KIRMIZI,0.0
LAYS  BAHARATLI PARTI 150 GR,0.0
LAYS BAHARATLI SUPER 107 GR,0.0
LAYS FIRINDAN  96 GR YOĞURT MEVSİM YES.SÜPER,0.0
LAYS FIRINDAN 134 GR YOGURT MEVSIM YES.PARTI,-19.959973315543696
LAYS KLASIK SUPER 107 GR,0.0
LAYS PARTI 150  GR YOGURT MEVSIM YESILLIKLERI,0.0
LAYS PARTI KLASIK 150  GR,0.0
LAYS YOGURT 107 GR MEVSIM YES.SUPER,0.0
LEZITA PILIC NUGGET 700 GR,0.0
LEZITA PILIC SCHNITZEL 700 GR,0.0
LISTERINE 500ML COLL MINT,0.0
LİMON,10.001000100010002
M&M'S CIKOLATALI 45 GR,0.0
M&M'S CRISPY 36 GR,0.0
M&M'S FISTIKLI 45 GR,0.0
M.BIRLIK GOLD 800GR 261-290 KB TNK,0.0
M.BIRLIK HUSUSI AZT. 400 GR TNK,0.0
M.BIRLIK HUSUSI AZT. 800 GR TNK,0.0
M.BIRLIK KURU SELE 400 GR,-21.43010215015359
M.BIRLIK KURU SELE 800 GR,0.0
M.BIRLIK SEPET SERISI 400GR 261-290 KB PET,0.0
M.BIRLIK YESIL BIBER DOLGULU 400 GR,0.0
M.BIRLIK YESIL KOKTEYL 400 GR,0.0
M.BIRLIK ZEYTIN EZMESI 175 GR,-14.287755393627652
M.BIRLIK ZEYTIN EZMESI 340 GR CAM BAHARATLI,15.001500150015001
M.BIRLIK ZEYTIN EZMESI 340GR,10.001000100010002
MAGNUM MINI 345 ML  KLASİK BADEM BEYAZ,0.0
MAGNUM MINI BADEM 345 ML,0.0
MAGNUM MINI DOUBLE 360 GR K.DUT-BOGURTLEN,0.0
MAGNUM MINI MP CLASSIC 345 ML,0.0
MANDALİNA MURCOTT,0.0
MANTAR 400GR PAKET,0.0
MANTAR ISTIRIDYE PAKET 300 GR,0.0
MARC 250 ML CAMASIR MAKINE TEMIZLEYICI TEKLI,0.0
MARC SPREY POWER HIJYEN 750 ML MUTFAK,0.0
MARET  PRATİK SERİ HİNDİ SALAM 60 GR,12.505210504376823
MARET AFİYETLE DANA SUCUK 200 GR,0.0
MARET HİNDİ FÜME 60 GR,0.0
MARET LEZZETİNCE HINDI FÜME 110GR,0.0
MARET PRATIK MACAR SALAM 50 GR,0.0
MARET YORE PILIC SUCUK VAKUMLU 225 GR,0.0
MARS BAR 51 GR,0.0
MASTER FARM ERIK KURUSU 120 GR,0.0
MASTER FARM IC CEVIZ 150 GR,0.0
MASTER FARM IC FINDIK CIG 180 GR,0.0
MASTER FARM IC TATLI BADEM CIG 160 GR,0.0
MASTER FARM INCIR 150 GR,0.0
MASTER FARM KURU KAYISI 140 GR,0.0
MASTER NUT 135GR BOL TUZLU SIYAH AYÇEKIRDEĞI,0.0
MASTER NUT FINDIK ICI 130 GR,0.0
MASTER NUT IC TATLI BADEM TUZLU 135 GR,0.0
MASTER NUT IC YER FISTIGI TUZLU 160 GR,0.0
MASTER NUT KABUKLU ANTEP FISTIGI 140 GR,0.0
MASTER NUT KIZARTILMIS YERFISTIGI - ACILI 150 GR,0.0
MASTER NUT MıSıR CEREZI 110 GR,0.0
MAYLO MENDIL  10 LU,0.0
MELIS BIBERIYE 370 ML,0.0
MELIS CUBUK TURSUSU 720 ML,0.0
MELIS JALAPENO 370 ML,0.0
MELIS KARISIK TURSU 720 ML,0.0
MELIS KORNISON 370 ML,0.0
MELIS LAHANA 720 ML,0.0
MELIS PANCAR 720 ML,0.0
MELIS SALATALIK TURSUSU  720 ML,0.0
MELIS SARIMSAK 210 ML,0.0
MELIS YAKAN BIBER 370 ML,0.0
MENTOS  21 GR 2 HOURS CLEAN INTENSE NANE,0.0
MENTOS 30 GR PURE FRESH KARPUZ,0.0
MENTOS 30 GR PURE FRESH NANE,0.0
MENTOS STICK 37 GR NANE,0.0
MENTOS STICK RAINBOW 37.5 GR,0.0
MILKA  SUTLU 80 GR.,0.0
MILKA BONIBON 24.3 GR,52.82022784106696
MILKA BONIBON 3 LU 81 GR,44.3493721524614
"MILKA GOFRET KAKAKOLU 28,5 GR",0.0
MILKA OREO 92 GR SANDVIC.,0.0
MILKA OREO PARCACIKLI 100 GR.,0.0
MILKA TABLET FINDIKLI 80 GR.,0.0
MILKA TABLET HAPPY COWS 100 GR.,0.0
MIXMEY MEYVE BOGURTLEN BAR 20 GR,30.05654632448891
MIXMEY MEYVE HURMA BAR 20 GR,30.05654632448891
MIXMEY MEYVE SEFTALI BAR 20 GR,30.05654632448891
MOLPED GUNLUK PED 28 ILK VE SON GUN EKO,0.0
MOLPED GUNLUK PED 32 LI PURE&SOFT INCELIK EKO,0.0
MOLPED SUPERNIGHT 14 LI S.EKO GECE,0.0
MOLPED SUPERNIGHT 16 LI  S.EKO SUPER GECE,0.0
MOLPED SUPERNIGHT 18LI S.EKO UZUN,0.0
MOLPED SUPERNIGHT GECE 6LI,0.0
MOLPED SUPERNIGHT SUPER GECE 5LI,0.0
MOLPED TEKLI PURE&SOFT GECE 6'LI,0.0
MR.MUSCLE LAVABO AÇICI GRANUL 50 GR TEKLI,0.0
MRY DOLDURULABILEN TASLI CAKMAK,0.0
MRY RUZGAR CAKMAK,0.0
MRY SUNDAY MANYETOLU ELEKTRO CAKMAK,0.0
MURATBEY BURGU 200 GR,11.765397964586152
MURATBEY LOR PEYNIRI 500GR,0.0
MURATBEY MISTO PEYNIR 200 GR,11.765397964586152
MURATBEY SURMELI PEYNIR 700 GR,0.0
MURATBEY TAZE KASAR 300 GR,0.0
MURATBEY TEL PEYNIRI 200GR,0.0
MURATBEY TOPI PEYNIR 200 GR,11.765397964586152
MUZ YERLİ,0.0
MUZ İTHAL,0.0
NAMET 7/24 DANA JAMBON 50 GR,0.0
NAMET 7/24 HİNDİ FÜME 60 GR,-14.289797084881403
NAMET 7/24 HİNDİ SALAM 60 GR,12.004801920768308
NAMET 7/24 HİNDİ SOSİS 140 GR,0.0
NAMET 7/24 MACAR SALAM 50 GR,0.0
NAMET DANA SUCUK ISIL İŞLEM 200 GR,0.0
NAMET PİLİÇ FÜME 150 GR,0.0
NANE DEMET,0.0
NAR,0.0
NESCAFE 2 SI 1 ARADA 10 GR,0.0
NESCAFE 2 SI 1 ARADA 10 LU,0.0
NESCAFE 3 U 1 ARADA 10 LU,0.0
NESCAFE 3 U 1 ARADA 10 LU EXTRA,0.0
NESCAFE 3 U 1 ARADA 10 LU SUTLU KOPUKLU,0.0
"NESCAFE 3 U 1 ARADA 17,4 GR SUTLU KOPUKLU",0.0
NESCAFE 3 U 1 ARADA 18 GR,0.0
NESCAFE 3 U 1 ARADA EXTRA 17 GR,0.0
NESCAFE CAPPUCCİNO 14 GR,0.0
NESCAFE CLASSIC 2GR,0.0
NESCAFE CREMA LATTE 17 GR,0.0
NESCAFE XPRESS BLACK 250ML,0.0
NESCAFE XPRESS CHOCOLATE 250ML,0.0
NESCAFE XPRESS KARAMEL 250 ML,0.0
NESCAFE XPRESS VANİLYA 250 ML,0.0
NESTLE CORN FLAKES 200 GR,21.841590987469825
NESTLE CORN FLAKES 450 GR,0.0
NESTLE GOFRET 1927 SUTLU 28 GR,12.999999999999993
NESTLE GOFRET 27 GR CITIR,14.22857142857142
NESTLE NESFIT BALLI BADEMLI 400 GR,22.05241294425355
NESTLE NESFIT CIKOLATALI 400 GR,22.05241294425355
"NESTLE NESFIT CIKOLATALI BAR 23,5 GR",14.257142857142863
NESTLE NESFIT KIRMIZI MEY.400 GR,22.05241294425355
NESTLE NESGUIK CILEK GEVREK 310 GR,23.241073315022184
NESTLE NESGUIK GEVREK 450 GR,21.876367272954557
NESTLE NESGUIK ÇOKOKARE 310 GR,20.83506958913244
NESTLE NESGUİK BAR 25 GR,14.257142857142863
NESTLE NESQUIK DUO 310 GR,23.241073315022184
NESTLE NESQUIK HARFLER GEVREK 310 GR,0.0
NESTLE NESQUIK SUT KAKAOLU 180 ML,50.025012506253134
NEVZAT FINCAN KADAYIF 250 GR,0.0
NEVZAT KADAYIF TEPSİ 400 GR,0.0
NEVZAT KEMALPAŞA  LÜX 150 GR,0.0
NEVZAT KEMALPAŞA EKSTRA 150 GR,0.0
NEVZAT KURABİYE 300 GR ÇEŞİTLERİ,0.0
NEVZAT MUHALLEBİLİK KADAYIF 200 GR,0.0
NEVZAT PEYNİR TATLISI 160 GR,0.0
NEVZAT ŞEKERPARE FINDIKLI 250 GR,0.0
NEVZAT ŞEKERPARE SADE  250 GR,0.0
NIVEA DEO ERKEK 150 ML DEEP AMOZONIA,-30.001363698349927
NIVEA DEO KADIN 150 ML DRY FRESH,-30.001363698349927
NIVEA DEO KADIN 150 ML INV B&W CLEAR,-30.001363698349927
NIVEA KREM SOFT KAVANOZ 100 ML,-40.00307715978153
NIVEA KREM SOFT KAVANOZ 200 ML,-40.0026668444563
NIVEA KREM SOFT TUP 75 ML,-40.00400040004
NIVEA ROLL-ON ERKEK 50 ML FRESH,-30.001363698349927
NIVEA ROLL-ON ERKEK 50 ML INV B&W POWER,-30.001363698349927
NIVEA ROLL-ON KADIN 50 ML FRESH,-30.001363698349927
NIVEA ROLL-ON KADIN 50 ML INV B&W CLEAR,-30.001363698349927
NIVEA ROLL-ON KADIN 50 ML INV B&W PURE,-30.001363698349927
NIVEA STICK ERKEK 50 ML FRESH,-30.00120004800192
NIVEA STICK ERKEK 50 ML INV B&W FRESH,-30.00120004800192
NIVEA STICK ERKEK 50 ML INV B&W ORGINAL,-30.00120004800192
NIVEA STICK ERKEK 50 ML SILVER PROTECT,-30.00120004800192
NIVEA STICK KADIN 50 ML FRESH,-30.00120004800192
NIVEA STICK KADIN 50 ML INV B&W CLEAR,-30.00120004800192
NIVEA STICK KADIN 50 ML INV B&W SILK,-30.00120004800192
NIVEA STICK KADIN 50 ML PEARL BEAUTY,-30.00120004800192
NIVEA YUZ TEMIZLEME KOPUGU 150 ML K/H,-30.557253180732268
NIVEA YUZ TEMIZLEME KOPUGU N/K 150ML,-30.557253180732268
NUTELLA 400 GR,-6.250390649415588
NUTELLA 750 GR,0.0
NUTZZ POPCORN KLASIK 105 GR,60.06402561024411
O. 01923 CANDY DOKTOR ÇANTASI,0.0
OFF! SINEKKOVAR LOSYON 100 ML,0.0
OGUT BASMATI PIRINC 1000 GR,0.0
OGUT FASULYE DERMASON 1000 GR,0.0
OGUT MERCIMEK KIRMIZI 1000 GR,0.0
OGUT MERCIMEK YESIL 1000 GR,-8.571918395336876
OGUT NOHUT KOCBASI 1000 GR,0.0
OGUT PIRINC GONEN BALDO 1000 GR,0.0
OGUT PIRINC GONEN BALDO 2500 GR,0.0
OGUT PIRINC OSMANCIK 1000 GR,0.0
OGUT PIRINC OSMANCIK 2500 GR,0.0
OKEY HISSET 10LU,0.0
OKEY KLASIK 10LU,0.0
OLEA FAMILYA IZGARA ZEYTIN 440 GR,0.0
OLEA S. ZEYTIN SOSLU 150 GR,0.0
OLEA S. ZEYTIN YAGLI 150 GR,0.0
OLEA S.ZEYTIN 330-360 PET 1 KG,-14.815363531982664
OLEA Y. ZEYTIN 150GR BIBERLI,0.0
OLEA Y.ZEYTIN 150 G CIZIK,0.0
OLEA Y.ZEYTIN 150 G SOSLU BIBERLI,0.0
OMO MATIK 1.5 KG  ACTIVE FRESH RENKLILER,0.0
OMO MATIK 1.5 KG ACTIVE BEYAZ,0.0
OMO MATIK 5 KG RENKLI BEYAZ,0.0
OMO MATIK 5.5 KG COLOR,0.0
"OMO MATIK 7,5 KG AKTIF FRESH RENKLILER",0.0
ONCU DOMATES SALCASI 830 GR,-20.002667022269627
ONCU SALCA BIBER ACI 700 GR CAM,0.0
ONCU SALCA BIBER TATLI 700 GR CAM,0.0
ONEO FRESH 60 STICK SAKIZ 33 GR,0.0
ONEO KARPUZ ARO BOTTLE SAKIZ 60 GR,0.0
ONEO NANE ARO.BOTTLE SAKIZ 60 GR,0.0
ONUR BAKLAVALIK YUFKA 800 GR,0.0
ONUR UCGEN YUFKA 25 LI,23.080473919064474
ONUR YUFKA 700 GR 5 LI,11.1123458162018
ORAL-B DIS FIRCASI SIMPLE SENSITIVE 35 SOFT,0.0
ORAL-B PROF DIS MACUNU HASS. ORIGINAL 50ML,0.0
OREO BISKUVI  220 GR,58.26318859904993
ORKID GUNLUK EKO NORMAL 40 LI,0.0
ORKID PLATINIUM 20 LI 4 LU PAKET UZUN.,0.0
ORKID PLATINUM 6 LI TEKLI GECE EXTRA,0.0
ORKID PLATINUM TEKLI NORMAL 8 LU,0.0
ORKID PLATINUM TEKLI UZUN 7 LI,0.0
ORKID ULTRA TEKLI GECE 7 LI,0.0
ORKID ULTRA TEKLI UZUN 8 LI,0.0
OYUNCAK 01169 CANDY BULASIK SET,0.0
OYUNCAK KIZILDERILI KOVBOY OYUN SETI 77116SUN-,0.0
OYUNCAK SUN YFN MUTFAK GERECLERI SET 10 PRC 37004,0.0
OZGULLU DILIMLI TAZE KASAR KG,0.0
P.BAHCE 420695 NOVA MESRUBAT BARDAGI 3 LU,0.0
P.BAHCE 42451 IREM CAY BARDAGI 6 LI,33.335555703713574
P.BAHCE 42741 LINKA CAY BARDAGI 3 LU,0.0
P.BAHCE 440410 DONDURMALIK TEKLİ,0.0
P.BAHCE 55783 LİNA KULPLU 6 LI ÇAY BARDAĞI,0.0
P.BAHCE 59033 KP.LI YUV.TENCERE 1 LT.HK.DK.,0.0
P.BAHCE 80230 METAL UCLU YAGLIK SIRKELIK 1 LT,0.0
P.BAHCE 96942 VEFA CAY TAKIMI 12 LI,0.0
P.BAHÇE 420154 NOVA MESR. BARDAGI 3 LU,0.0
P.BAHÇE 42021 CAY BARDAGI 6 LI OPTIKLI,0.0
P.BAHÇE 42191 ÇAY BARDAĞI 6 LI TEMPO SADE,20.002000200020003
P.BAHÇE 42461 G4U MISIS 6LI ÇAY BARDAĞI,50.004167013917844
P.BAHÇE 52056 YONCA SU BARDAGI 6LI,0.0
P.BAHÇE 52944 FLOWERS 6LI SU BARDAGI,0.0
P.BAHÇE 62511 AIDA ÇAY BARDAĞI 6 LI,0.0
P.BAHÇE 97236 PERLA SEKERLIK,0.0
PAKMAYA  INSTANT MAYA 3X10 GR,0.0
PAKMAYA  PUDING ANTEP FIST  90 GR,0.0
PAKMAYA BITTER PARCA CIKOLATA 70 GR,0.0
PAKMAYA BUGDAY NISASTASI 200 GR,-19.563218390804593
PAKMAYA CIKOLATALI SOS 125 GR,0.0
PAKMAYA HAMUR KABARTMA TOZU 15LI,0.0
PAKMAYA HAMUR KABARTMA TOZU 5LI,0.0
PAKMAYA KURU MAYA 100 GR,0.0
PAKMAYA MAYA YAS 4*42 GR,0.0
PAKMAYA MISIR NISASTASI 200 GR,-17.67058823529411
PAKMAYA ORMAN MEYV. SOS 78 GR,0.0
PAKMAYA PUDING CIKOTALALI 106 GR,0.0
PAKMAYA PUDING KAKAOLU 145 GR,0.0
PAKMAYA PUDRA SEKERI 200 GR,-14.982996599319867
PAKMAYA SADE KREM SANTI 2X75 GR,0.0
PAKMAYA SAKIZLI MUHALLEBI 152 GR,0.0
PAKMAYA SEKERLI VANILIN 15LI,0.0
PAKMAYA SEKERLI VANILIN 5LI,0.0
PAKMAYA SUTLU PARCA CIKOLATA 70 GR,0.0
PALETTE NATURAL COLORS 10-0 ACIK PAPATYA,-29.41349491146539
PALETTE NATURAL COLORS 4-0 AMBER KAHVE,-29.41349491146539
PALETTE NATURAL COLORS 6-0 KOYU KUMRAL,-29.41349491146539
PALETTE NATURAL COLORS 7-5 ACIK KARAMEL,-29.41349491146539
PALETTE SAC BOYASI 1/0 SIYAH,-29.730533257655612
PALETTE SAC BOYASI 10/2 PLATIN SARISI,-29.730533257655612
PALETTE SAC BOYASI 3/65 CIKOLATA KAHVE.,-29.730533257655612
PALETTE SAC BOYASI 5/60 SICAK CIKOLATA.,-29.730533257655612
PALETTE SAC BOYASI 5/889 SARAP KIZILI.,-29.730533257655612
PALETTE SAC BOYASI 6/0 KOYU KUMRAL,-29.730533257655612
PALETTE SAC BOYASI 7/1 KULLU KUMRAL.,-29.730533257655612
PALETTE SAC BOYASI 7/77 YOGUN BAKIR,-29.730533257655612
PALETTE SAC BOYASI 8/01 KULLU ACIK KUMRAL,-29.730533257655612
PALMOLIVE 500 ML DUS JELI SO RELAXED,0.0
PALMOLIVE DUS JELI 500 ML FIRMING,0.0
PANCAR KG,0.0
PANTENE 275 ML S.KREMI KLASIK BAKIM,0.0
PANTENE 275 ML S.KREMI ONARICI BAKIM,0.0
PANTENE 275 ML S.KREMI SAC DOKULMELERINE KARSI,0.0
PANTENE 600 ML SAMPUAN ONARICI BAKIM,0.0
PAPIA HAVLU 6 LI,0.0
PAREX MEGA COMFORT SUNGER OLUKLU 2LI,0.0
PAREX MIKROFIBER CAM BEZI (MIKROFIBER HEDIYELI),0.0
PAREX OVMA TELI 3 AL 2 ODE,0.0
PAREX QUICK TEMIZLIK SETI,0.0
PAREX STANDART ELDIVEN BUYUK BOY,0.0
PAREX SUNGER CIZMEZ OLUKLU 4LU,0.0
PAREX SUNGER KLASIK 5 LI OLUKLU,0.0
PAREX SUNGER KLASIK 5LI DUZ,0.0
PAREX SUNGER KLASIK 8 LI OLUKLU,0.0
PAREX SUNGER OLUKLU 2 LI,0.0
PAREX TEMIZLIK BEZI 5LI (%30 MIKROFIBERLI),0.0
PAREX TREND KLASIK SUNGER 5 LI OLUKLU,0.0
PAREX TUY TOPLAYICI EASY 60LI RULO,0.0
PARODONTAX 50 ML D.MACUNU TAM KOR.FERAHLIK,0.0
PARODONTAX 75 ML DIS MACUNU ORJINAL,0.0
PASTAVILLA MAKARNA 500 GR BURGU,0.0
PASTAVILLA MAKARNA 500 GR DIRSEK,0.0
PASTAVILLA MAKARNA 500 GR KALEM,0.0
PASTAVILLA MAKARNA 500 GR KELEBEK,0.0
PASTAVILLA MAKARNA 500 GR LINGUINE,0.0
PASTAVILLA MAKARNA 500 GR MANTI,0.0
PASTAVILLA MAKARNA 500 GR RIGATONI,0.0
PASTAVILLA MAKARNA 500 GR SPAGETTI,0.0
PATATES TAZE,-20.008003201280513
PATLICAN,25.001562597662353
PATOS 109 GR ACI SOSLU S.PLUS,0.0
PATOS 109 GR BAHARATLI S.PLUS,0.0
PATOS 109 GR ROLLS ACI S.PLUS,0.0
PATOS 167 GR ACI SOSLU PARTI  %20 DAHA FAZLA,0.0
PATOS 167 GRBAHARATLI PARTI %20 DAHA FAZLA,0.0
PATOS CRITOS 115 GR  ACI S.PLUS,0.0
PEDIGREE 400 GR  KOPEK KONSERVE ERISKIN BIFTEKLI,0.0
PENA MASKE SAKLAMA KUTUSU,0.0
PENA METAL CIRPICI,0.0
PENA URVE DIK SOYACAK UR-3120,0.0
PENA WENKEN SPIRAL PATATES DILIMLEYICI,0.0
PENTI CORAP FIT 15 DIZALTI 500,0.0
PENTI CORAP FIT 15 DIZALTI 57,0.0
PENTI CORAP FIT KULOTLU 500-2,0.0
PENTI CORAP FIT KULOTLU 500-3,0.0
PENTI CORAP FIT KULOTLU 57-2,0.0
PENTI CORAP FIT KULOTLU 57-3,0.0
PENTI CORAP SUPER KULOTLU 500-2,0.0
PENTI CORAP SUPER KULOTLU 57-2,0.0
PENTI CORAP SUPER KULOTLU 57-3,0.0
PENTI MICRO 40 DIZALTI 500,0.0
PENTI MICRO 40 DIZALTI 57,0.0
PENTI MICRO 40 KULOTLU 500-2,0.0
PENTI MICRO 40 KULOTLU 500-3,0.0
PENTI SUPER KULOTLU CORAP 500-3,0.0
PENTI SUPER PANTOLON 500,0.0
PENTI SUPER PANTOLON 57,0.0
PERMATIK 10 LU POSET,0.0
PERMATIK BANYO 5 LI POSET,0.0
PERMATIK POSET 5 LI,0.0
PERSIL JEL 26 YIKAMA 1690ML COLOR,11.111522648986998
PERSIL MATIK 7 KG GÜLÜN BÜYÜSÜ.,14.286122460641732
"PERWOLL SIVI DETERJAN 2,97 LT SIYAH",0.0
PEYMAN 140 GR  BAHCEDEN IC CIG FINDIK,0.0
PEYMAN 140 GR  BAHCEDEN KURU KAYISI,0.0
PEYMAN 140 GR BAHCEDEN GUNKURUSU KAYISI,0.0
PEYMAN 150 GR  KABUKLU ANTEP FISTIGI,0.0
PEYMAN 165 GR BAHCEDEN CIG KARIŞIK,0.0
PEYMAN 180 GR BAHCEDEN TUZLU LEBLEBI,0.0
PEYMAN 180 GR KARA SIMSEK BOL TUZLU,0.0
PEYMAN 180 GR SOSLU KARIŞIK KURUYEMİŞ,0.0
PEYMAN ANTEP FISTIKLI BAR 27 GR,0.0
PEYMAN ASORTI MIX 140 GR,0.0
PEYMAN BAHCEDEN CEVIZ ICI 140 GR,0.0
PEYMAN BAHCEDEN DUT KURUSU 100 GR,0.0
PEYMAN FINDIKLI BAR 30 GR,0.0
PEYMAN IC FINDIK 160 GR,0.0
PEYMAN KIZARTILMIS YER FISTIGI 150 GR,0.0
PEYMAN KLASIK KARISIK 180 GR,0.0
PEYMAN YER FISTIKLI BAR 30 GR,0.0
PIKNIK SETI 32 PRC,0.0
PINAR  HİNDİ MANGAL SUCUK 300 GR,10.00050002500125
PINAR 50 GR AÇ BİTİR HİNDİ SALAM FISTIKLI,-12.503125781445359
PINAR 60 GR  AC BITIR MACAR SALAM XL,-14.287755393627652
PINAR 60 GR AC BITIR HINDI SALAM XL,-13.161358252171624
PINAR 60 GR AC BITIR MACAR SALAM,-13.33511134817976
PINAR 75 GR AÇ BİTİR HİNDİ SALAM,-22.22716159146477
PINAR BEYAZ 180 GR,0.0
PINAR DOYUM BUFE SALAM 700 GR,-14.894250819183794
PINAR DOYUM SALAM 225 GR,-17.649135192375574
PINAR HINDI SOSIS 430 GR,0.0
PINAR KLASİK SUCUK 225 GR,0.0
PINAR LABNE 180GR,0.0
PINAR LABNE 3X180 GR,0.0
PINAR LABNE 400 GR,31.821074643149394
PINAR SUT DENGE LAKTOZSUZ 1 LT,0.0
PINAR SUT KIDO CILEK 180 ML,-15.007503751875939
PINAR SUT KIDO KAKAOLU 180 ML,-15.007503751875939
PINAR SUT KIDO MUZLU 180 ML,-15.007503751875939
PINAR SUT ORGANIK 200 ML,0.0
PINAR SUT PROTEIN 500ML VANILYALI,0.0
PINAR SUT PROTEIN CILEK 500 ML,0.0
PINAR SUT PROTEIN KAKAOLU 500 ML,0.0
PINAR SUT PROTEIN MUZ YER FIST. 500 ML,0.0
PINAR SUT TAM YAGLI 200 ML,0.0
PINAR SUZME PEYNIR 500 GR,0.0
PINAR TEREYAG 125 GR,0.0
PINAR YOGURT %1YAGLI 1200GR,0.0
PINAR YOGURT 500 GR,0.0
PIRASA,-25.00625156289073
PORCOZ 200GR 4'LU LAVABO ACICI GRANUL,0.0
PORCOZ LEKE CIKARICI 750 ML SPREY,0.0
PORCOZ PAS VE KIREC SOKUCU 1 LT,0.0
PORTAKAL FİNİKE,0.0
PORTAKAL SIKMA,-14.289797084881403
PRIL 675 GR BUL.LIMON,0.0
PRIL BULASIK SIVISI 4 KG LIMON,0.0
PRIMA FIRSAT MIDI 3 62 LI,0.0
PRONTO AHSAP 750 ML,0.0
PURINA ONE KISIR KEDI MAMASI SOMONLU 800 GR,34.37607425232038
PURINA ONE YETISKIN KEDI MAMASI TSIGIR ETLI 800 GR,34.37607425232038
RAID AYARLANABILIR LIKIT MAKINE + YEDEK,0.0
RAID BOCEKSAVAR MAX 300ML,0.0
RAID ELECTRO ISITI (1 ISITICI +10 MAT  BEDAVA),0.0
RAID ELECTRO LIKIT 45 GECE MAKINA SISTEM,0.0
"RAID ELECTRO LIKIT YEDEK 27,4 ML",0.0
RAID SINEKSAVAR 2IN1 300ML,0.0
REIS BULGUR BASAKBASI 1000 GR,0.0
REIS BULGUR CIGKOFTELIK 1000 GR,0.0
REIS BULGUR ESMER CIGKOFTELIK 1000 GR,0.0
REIS BULGUR KOFTELIK 1000 GR,0.0
REIS BULGUR PILAVLIK 1000 GR,0.0
REIS FASULYE KURU 1000 GR,0.0
REIS MERCIMEK KIRMIZI 1000 GR.,0.0
REIS NOHUT 1000 GR,0.0
REIS NOHUT GOKCE BEYAZ 1000 GR,0.0
REIS PIRINC BALDO GONEN 1000 GR,0.0
REIS PIRINC BALDO GONEN 2500 GR,0.0
REIS PIRINC OSMANCIK 1000 GR.,0.0
REMOVE 24'LU SIR AGDA BANTLARI HASSAS CILTLER,-40.003200256020484
REMOVE 24'LU SIR AGDA BANTLARI INATCI VE SIK TUYLE,-40.003200256020484
REMOVE 2LI TUY DOKUCU KREM HASSAS,-40.41835076461519
REMOVE 2LI TUY DOKUCU KREM NORMAL,-40.41835076461519
REMOVE MEN 100 ML TUY DOKUCU KREM CLASSIC,-41.178892876051535
REMOVE ROLLON SIR AGDA 100ML INATCI-SIK,-41.67013917826486
REMOVE ROLLON SIR AGDA 100ML NORMAL TUY,-41.67013917826486
REMOVE SIR AGDA BANT 52LI NORMAL TUY,-41.66898161008945
REXONA DEO MEN 150ML CHARCOAL,-30.00150007500375
REXONA DEO MEN 150ML EXTRA COOL,-30.00150007500375
REXONA DEO MEN 150ML INVISIBLE ICE FRESH,-30.00150007500375
REXONA DEO WOMEN 150 ML INVISIBLE FRESH,-30.00150007500375
REXONA DEO WOMEN 150ML ALOE VERA&BAMBU,0.0
REXONA DEO WOMEN 150ML COTTON DRY,-30.00150007500375
REXONA DEO WOMEN 150ML SHOWER FRESH,-30.00150007500375
REXONA ROLL ON MEN 50ML EXTRA COOL,-30.00150007500375
REXONA ROLL ON MEN 50ML INVISIBLE BLACK&WHITE,-30.00150007500375
REXONA ROLL ON WOMEN 50ML COTTON,-30.00150007500375
REXONA ROLL ON WOMEN 50ML INVISIBLE BLACK&WHITE,-30.00150007500375
REXONA ROLL ON WOMEN 50ML SHOWER FRESH,-30.00150007500375
REXONA STICK WOMEN 40ML COTTON DRY,-30.001250052085503
REXONA STICK WOMEN 40ML INVISIBLE BLACK&WHITE,-30.001250052085503
ROCHER T16 200 GR,0.0
ROKA,0.0
ROSETTA DOMINO GRANIT SAHAN 20 CM,0.0
RUFFLES 107 GR PEYNIR SOGAN KETCAP SUPER,0.0
RUFFLES 150 GR  MAXIMUM PEYNIR SOGAN PARTI BOY,0.0
RUFFLES KETCAP PARTI 150 GR,0.0
RUFFLES ORGINAL PARTI 150 GR,0.0
RUFFLES ORIGINAL SUPER 107 GR,0.0
RUFFLES PEYNIR SOGAN SUPER 107 GR,0.0
S.FRESH 1000 GR MİLFÖY,23.078698361412414
S.FRESH 1000 GR PATATES,0.0
S.FRESH 1000 GR PATATES ELMA DILIMLI,11.765397964586152
S.FRESH 1000 GR PATATES JUMBO,11.765397964586152
S.FRESH 1000 GR PATATES ÇITIR,11.765397964586152
S.FRESH 360 GR ÇITIR TOPLAR,0.0
S.FRESH 400 GR KAYSERİ MANTISI,40.00400040004002
S.FRESH 450 GR BEZELYE,22.2246916324036
S.FRESH 450 GR ISPANAK DOĞRANMIŞ,50.006250781347674
S.FRESH 450 GR MISIR,27.275206836985195
S.FRESH 450 GR PATATES KROKET,0.0
S.FRESH 450 GR SOĞAN HALKA KROKET GURME,0.0
S.FRESH 500 GR RULO BÖREK ISPANAKLI,21.430102150153584
S.FRESH 500 GR RULO BÖREK PATATESLİ,21.430102150153584
S.FRESH 500 GR RULO BÖREK PEYNİRLİ,21.430102150153584
S.FRESH 780 GR PİZZA KİNG 4 LÜ,20.00080003200128
S.FRESH MISIR 200 GRX3LU,0.0
S.FRESH PIZZA KING SLIMMO SUPREME 300GR,11.765397964586152
S.FRESH TON BALIGI KLASIK 75 GR*3,0.0
SAKLIKOY ORGANIK YUMURTA 10'LU,4.545867806164197
SALAMURA VAKUMLU 400 GR,0.0
SALAMURA YAPRAK PET 1 KG,0.0
SALAMURA YAPRAK PET 3KG,0.0
SALAMURA YAPRAK PET 750 GR,-16.66722224074136
SALATALIK,-33.33555570371359
SALINA TUZ 1500 GR,0.0
SALINA TUZ 750 GR IYOTLU,0.0
SANA 250 GR TEREYAGI LEZZETI PAKET,0.0
SANA HAMURISI PAKET 250GR,0.0
SANA KLASIK PAKET MARGARIN 250GR,0.0
SANA PAKET MARG 250 GRX6 LI,0.0
SANTAVIK YARA BANDI,0.0
SARAN LAVAS 5 Lİ 300 GR,0.0
SARELLE DUO KAK.FINDIK KREMASI 350 GR,0.0
SARELLE GOFRET 33 GR,0.0
SARELLE KAKAOLU FINDIK EZMESI 350 GR,0.0
SARELLE KAKAOLU FINDIK EZMESI 700  GR,0.0
SARIMSAK FİLE KG,0.0
SARTEN RENKLI KAVANOZ KAPAGI METAL 10 LU,0.0
SECRET MILANO 100 ML BAYAN PARFUM GOLD,0.0
SECRET MILANO 100 ML BAYAN PARFUM LILA,0.0
SECRET MILANO 100 ML BAYAN PARFUM SANDAL,0.0
SECRET MILANO 100 ML ERKEK PARFUM BLACK,0.0
SECRET MILANO 100 ML ERKEK PARFUM BLUE,0.0
SECRET MILANO 100 ML ERKEK PARFUM WHITE,0.0
SECRET MILANO BAMBU ODA KOKUSU ISTANBUL 100 ML,0.0
SELIN KOLONYA 150ML SPREY LIMON,0.0
SELPAK 3 LU ISLAK CEP MENDIL,0.0
SELPAK COLLECTION PEÇETE DESENLI 20 LI,0.0
SELPAK DEV RULO HAVLU 2 LI,0.0
SELPAK HAVLU 12 LI,0.0
SELPAK HAVLU 6 LI.,0.0
SELPAK HAVLU 8 LI,0.0
SELPAK PECETE 75 LI,0.0
SELPAK T.KAGIDI 32 LI,0.0
SENPILIC TAB. BAGET KG,8.334027835652984
SENPILIC TAB. BONFILE DERISIZ KG,0.0
SENPILIC TAB. BUT INCIK (SARMA) KG,0.0
SENSODYNE 100 ML D.MACUNU FERAH NESEF,0.0
SENSODYNE 100 ML D.MACUNU FLORUR,0.0
SENSODYNE 100 ML D.MACUNU NANE,0.0
SENSODYNE 75 ML D.MACUNU BEYAZLATICI.,0.0
SENSODYNE 75 ML D.MACUNU COK YONLU KORUMA,0.0
SENSODYNE 75 ML D.MACUNU TAM KOR.+FIRCA HED(ıNOUT),-35.00175008750438
SENSODYNE 75 ML D.MACUNU TAM KORUMA BEYAZLATICI,0.0
SENSODYNE 75ML D.MACUNU DERIN TEMIZLIK,0.0
SENSODYNE 75ML D.MACUNU HASSIYET& DIS ETI BEYAZLAT,0.0
SENSODYNE 75ML D.MACUNU HIZLI RAHATLAMA BEYAZ.,0.0
SENSODYNE DIS FIRCASI COK YONLU KORUMA 1+1,0.0
SENSODYNE DIS FIRCASI TAM KORUMA SOFT,0.0
SERVIS PEÇETE 200 LU,0.0
SESU 100ML ROLL-ON SIR AGDA HASSAS CILT,0.0
SESU 100ML ROLL-ON SIR AGDA NORMAL SARI,0.0
SESU 250 GR EL AGDA YESIL,0.0
SEYIDOGLU 300 GR TAHIN BIDON,0.0
SEYIDOGLU 350 GR  CEVIZLI YAZ HELVASI,-12.501562695336919
SEYIDOGLU 400 GR PEKMEZ  UZUM BIDON,0.0
SEYIDOGLU 700 GR PEKMEZ UZUM BIDON,0.0
SEYIDOGLU 740 GR TAHIN PEKMEZ IKILI,5.263434917627243
SEYIDOGLU BOOL 900 GR KAKAOLU FINDIK KREMASI,0.0
SEYIDOGLU HELVA 175 GR FISTIKLI,0.0
SEYIDOGLU HELVA 175 GR KAKAOLU,0.0
SEYIDOGLU HELVA 175 GR SADE,0.0
SEYIDOGLU PEKMEZ 400 GR UZUM CAM,0.0
SEYIDOGLU RECEL 380 GR CILEK,37.50468808601075
SEYIDOGLU RECEL 380 GR VISNE,0.0
SEYIDOGLU TAHIN BIDON 550GR,0.0
SEYIDOGLU TAHIN CAM 300 GR,0.0
SICAK TAVA BAZLAMA 250 GR,0.0
SICAK TAVA KANEPE EKMEK 200 GR,0.0
SIFALIKOY DOLMALIK BIBER 20'LI,0.0
SIFALIKOY DOLMALIK BIBER KABAK PATLICAN 20'LI,0.0
SIFALIKOY DOLMALIK PATLICAN 20'LI,0.0
SIGNAL 100ML D.MACUNU.KARSI NANE FERAHLIGI,0.0
SIGNAL 75 ML D.MACUNU WHITE NOW ANINDA BEYAZLIK,0.0
SIGNAL 75 ML DIS MACUNU SYSTEM BEYAZLATICI,0.0
SIGNAL 75ML D.MACUNU WHITE NOW LEKESIZ BEYAZLIK,0.0
SIGNAL D.FIRCASI 1+1 NAZIK DIS ETI BAKIMI,0.0
SINBO SHD SAC DUZLESTIRICI SHD-7057,0.0
SIRIM DESENLI KOTON BAYAN CORAP,0.0
SIRIM DESENLI KOTON ERKEK CORAP,0.0
SIRIM ERKEK CORABI 3LU,0.0
SIRIM PELUS BAYAN BABET,0.0
SIRIM PENYE ERKEK PATIK CORAP,0.0
SIRMA MISIR YAGI 1 LT PET,0.0
SITIL SUNGER PREMIUM EVALI,0.0
SIYAH ZEYTIN 201-230 KB  KG,0.0
SIYAH ZEYTIN 260-290 KB,0.0
SIYAH ZEYTIN 320-350 KB,0.0
SIYAH ZEYTIN OZEL KG 180-230 KB,-14.893933913487519
SLEEPY 90 LI SENSITIVE ISLAK HAVLU,0.0
SLEEPY 90 LI ZEYTINYAGLI ISLAK HAVLU,0.0
SLEEPY YUZEY TEMIZLEYICI 100 LU ISLAK MENDIL,0.0
SNICKERS BAR 50 GR,0.0
SOKE UN 1KG,0.0
SOLEN 100 GR BISCOLATA PIA FRAMBUAZLI KEK,0.0
SOLEN 250 GR MADLEN SUTLU BITTER GOLD  CIK.,0.0
SOLEN 34 GR BISCOLATA STIX P.PATLAKLI,20.048019207683083
SOLEN 4*30GR GRETA KRAKER ZEYTIN KEKIK,0.0
SOLEN 40GR BOOMBASTIC CIKO.KEK BAR,0.0
SOLEN 8 LI LUPPO 184 GR SANDWICH KEK KAKAOLU,-24.0632911392405
SOLEN BISCOLATA MOOD 125 GR,0.0
SOLEN BISCOLATA STIX SADE 40 GR,20.048019207683083
SOLEN GRETA 4*30 GR KRAKER MEVSIM YESILLIKLERI,0.0
SOLEN NUTYMAX A.FISTIKLI 44 GR,0.0
SOLEN NUTYMAX FINDIKLI 44 GR,0.0
SOLEN OZMO 25 GR CORNET CILEKLI,0.0
SOLEN OZMO BURGER 36 GR,0.0
SOLEN OZMO FUN SEKILLI 23 GR,0.0
SOLEN OZMO GO TASIT 30 GR,0.0
SOLEN OZMO HOPPO 40 GR,0.0
SOLEN OZMO HOPPO 90GR,0.0
SOLEN OZMO OGOPOGO 30 GR,0.0
SOLEN OZMO POPSY 24 GR,0.0
SOLEN OZMO TUP 35 GR,0.0
SOLEN OZMO YUMURTA ÇIK 20 GR,0.0
SOLEN VENI CIKOLATALI I 110 GR,0.0
SOLEN VENI FINDIKLI 110 GR,0.0
SOLO DEV RULO HAVLU,0.0
SOLO HAVLU 16 LI BAMBU,-26.088090786555934
SOLO HAVLU 6 LI ULTRA,0.0
SOLO PEÇETE 100 LU,0.0
SOLO PEÇETE 200 LU,0.0
SOLO T.KAGIDI 16 LI,0.0
SOLO T.KAGIDI 32 LI,0.0
SOLO T.KAGIDI 40 LI BAMBU,0.0
SOĞAN ARPACIK 500 GR,0.0
SOĞAN KURU,7.147962830593281
SOĞAN MOR FILE,0.0
STARBUCKS 22 GR CAPPUCINNO.,0.0
STEPY 4LU MICROFIBER BEZ MULTI COLOR,0.0
STEPY COMFORT SUNGERI OLUKLU 2 LI,0.0
STEPY MAGIC SUPER SUNGER 3LU,0.0
STEPY MIKROFIBER CAM BEZI 2LI,0.0
STEPY OVMA TELI 3LU,0.0
STEPY SUNGERI OLUKLU 5 LI,0.0
SUTAS AYRAN 1 LT,0.0
SUTAS AYRAN 2 LT,0.0
SUTAS AYRAN 200 ML,0.0
SUTAS AYRAN 300 ML,0.0
SUTAS AYRAN GENC SISE 250 ML,0.0
SUTAS BEYAZ PEYNIR 250 GR,0.0
SUTAS BEYAZ PEYNIR 500 GR,0.0
SUTAS BEYAZ PEYNIR 500 GR LIGHT,0.0
SUTAS BUYUMIX 6*40 GR CILEK,20.005001250312578
SUTAS BUYUMIX 6*40 GR ORMAN MEYVELI,0.0
SUTAS BUYUMIX 6*40GR SUTLU-BISKUVI,20.005001250312578
SUTAS HUPTRIK CILEKLI KREMALI 3*40GR,0.0
SUTAS KAF KEFIR 1LT CILEK,11.1123458162018
SUTAS KAF KEFIR 1LT LAKTOZSUZ,11.1123458162018
SUTAS KAF KEFIR 1LT ORMAN MEYVELI,11.1123458162018
SUTAS KAF KEFIR ORMAN MEYVELI 250ML,5.5570991942206165
SUTAS KASAR PEYNIR DILIMLI 150 GR 8LI,0.0
SUTAS KAYMAK 180 GR,0.0
SUTAS KREM PEYNIR 300 GR,0.0
SUTAS KREMA  200 ML %18 YAGLI YEMEKLIK,0.0
SUTAS KREMA 200 ML,-6.66755567408988
SUTAS LABNE 3*180GR,0.0
SUTAS LABNE 400 GR,0.0
SUTAS MINIMIX 85GR ORMAN MEYVELI,33.8199513381995
SUTAS MINIMIX CILEKLI 85 GR,33.8199513381995
SUTAS PEYNIR 200GR CECIL,0.0
SUTAS PEYNIR 200GR DIL,0.0
SUTAS PEYNIR 200GR ORGU,0.0
SUTAS PUDING MUZLU 200GR,0.0
"SUTAS SUT %2,5 YAGLI 500 ML",0.0
SUTAS SUT 6X180 ML CIKOLATALI,0.0
SUTAS SUT LAKSOZSUZ 1000 ML,0.0
SUTAS SUT LIGHT 1 LT,0.0
SUTAS SUT T.YAGLI 1000 ML,0.0
SUTAS SUT UHT 6*180 ML,0.0
SUTAS SUT YAGLI UHT 1000 ML,-9.092562284051645
SUTAS T.YAGLI SUT 200 ML,0.0
SUTAS TAZE  KASAR 225 GR,0.0
SUTAS TAZE KASAR 400 GR,-9.09132233283331
SUTAS TAZE KASAR 600 GR,0.0
SUTAS TEREYAG PASTORIZE 125 GR,0.0
SUTAS TEREYAG PASTORIZE 250 GR,0.0
SUTAS TEREYAGI 750GR,0.0
SUTAS TOST PEYNIR 350GR DILIMLI,0.0
SUTAS TOST PEYNIR DILIMLI 60 GR,0.0
SUTAS YOGURT 1000 GR KAYMAKSIZ,0.0
SUTAS YOGURT 1000 GR TAVA,-12.50104175347946
SUTAS YOGURT 2000 GR KAYMAKSIZ,0.0
SUTAS YOGURT 500 GR CILEK,0.0
SUTAS YOGURT 500 GR KAYMAKLI,0.0
SUTAS YOGURT 500 GR ORMAN MEYVELI,0.0
SUTAS YOGURT 600 GR KAYMAKSIZ,0.0
SUTAS YOGURT 750 GR SUZME,0.0
SUTAS YOGURT 850 GR KAYMAKLI,0.0
SUTAS YOGURT SUZME DAHA YOGUN 900GR,0.0
SİVRİ BİBER,20.002000200020003
T.OGLU 300 GR KAHVALTILIK LOR PEY.,0.0
T.OGLU 350GR EZINE KLASIK. PEYNIR,0.0
T.OGLU 350GR EZINE KOYUN PEYNIR,0.0
T.OGLU DILIM EZINE 450GR KECI PEYNIRI,0.0
T.OGLU DILIM EZINE 450GR KLASIK BEYAZ PEYNIR,0.0
T.OGLU DILIM EZINE 450GR KOYUN PEYNIRI,0.0
T.OGLU PEYNIR CECIL 250 GR,0.0
TADELLE 30 GR FINDIK DOL.SUTLU CIK,0.0
TADELLE 30 GR MAXINUT GOFRETIİ FINDIKLI GRANUL BAR,0.0
TADELLE 35 GR BEYAZ ÇİKOLATA KAPLAMALI SÜTLÜ KREMA,0.0
TADELLE 35 GR ÇIKOLATALI GOFRET,0.0
TADELLE 52 GR FINDIK DOL.SUTLU CIK KING SIZE,0.0
TADELLE 90 GR FINDIK DOL.SUTLU CIK 3*30,0.0
TADIM  180 GR AYCEKIRDEK SIYAH BOL TUZLU,0.0
TADIM 140 GR FISTIXX EKSI KREMA SOGANLI CITIR,0.0
TADIM 180 GR AYCEKIRDEGI SIYAH,0.0
TADIM ANTEP FISTIKLI BAR 30 GR,0.0
TADIM BEYAZ LEBLEBI 180 GR,0.0
TADIM FINDIKLI BAR 30 GR,0.0
TADIM KABAK CEK.TUZSUZ 180 GR,0.0
TADIM KABUKLU YER FISTIĞI 250GR,0.0
TADIM KARISIK FESTIVAL 180 GR,0.0
TADIM KARNAVAL 122 GR,0.0
TADIM KLASIK 180 GR,0.0
TADIM SARI LEBLEBI 180 GR TUZLU,0.0
TADIM SPORTIF BAR 30 GR,0.0
TADIM YER FISTIGI 180 GR TUZLU,0.0
TADIM YER FISTIKLI BAR 30 GR,0.0
TAFT 250ML SAC SPREYI KERATIN,0.0
TAHA DRAJE CAKIL TASI 150 GR,0.0
TAHA DRAJE FINDIK 150 GR,0.0
TAHA DRAJE KAHVE CEKIRDEGI 150 GR,0.0
TAHA DRAJE UZUM 150GR,0.0
TAHSILDAROGLU KLASIK BEYAZ PEYNIR KG,0.0
TAMEK BEZELYE 670 GR CAM,0.0
TAMEK DOMATES SALCASI 700 GR CAM,0.0
TAMEK GARNITUR 550 GR CAM,0.0
TAMEK HASLANMIS NOHUT 800 GR TNK,-9.091942266166612
TAMEK KAHVALTI SOSU 300 GR ACI,-11.1123458162018
TAMEK KAHVALTI SOSU 300 GR NORMAL,-11.1123458162018
TAMEK SALCA DOMATES 360 GR CAM,0.0
TAMEK SALCA DOMATES 830 GR TNK,0.0
TARIS Z.YAGI NAT. SIZMA 750 ML CAM (1915 SERISI),0.0
TARIS Z.YAGI RIVERIA 500 ML CAM,0.0
TAT BEZELYE 680 GR CAM,-60.008001066808916
TAT CEVIZLI EZME 300 GR,0.0
TAT DOMATES PURE 200ML PKT,0.0
TAT DOMATES SALCASI 830 GR,0.0
TAT GARNITUR 550 GR CAM,0.0
TAT HASLANMIS BARBUNYA 800 GR TNK,0.0
TAT HASLANMIS FASULYE 800 GR TNK,0.0
TAT HASLANMIS NOHUT 800 GR TNK,0.0
TAT KETCAP 650 GR+MAYONEZ 560 GR,0.0
TAT KETCAP ACI 600 GR BUFE,0.0
TAT KETCAP TATLI 600 GR BUFE,0.0
TAT MISIR 3'LU 210 GR TNK,0.0
TAT PATLICAN SALATASI 520 GR  CAM,40.00400040004002
TAT SALCA DOMATES 710 GR CAM,0.0
TAT TURSU BIBERIYE 330 GR CAM,-9.96498249124563
TAT TURSU JALAPENO 330 GR CAM,-9.96498249124563
TAT TURSU KORNISON 350 GR CAM,0.0
TAT TURSU KORNISON 680 GR CAM,0.0
TATGOR TARHANA 400 GR ACI,0.0
"TEKSUT 200GR UC YORESEL PEYNIR (CUBUK,CECIL,ORGU)",0.0
TEKSUT CECIL KG,0.0
TEKSUT CUBUK PEYNIR 200 GR,0.0
TEKSUT HELLIM PEYNIRI 250 GR,0.0
TEKSUT KREM PEYNIR 270 GR,0.0
TEKSUT LOR PEYNIR 500 GR,0.0
TEKSUT MISKET PEYNIR 200 GR,0.0
TEKSUT SUT 200 ML YARIM YAGLI UHT,0.0
TEKSUT TAZE KASAR PEYNIRI 400 GR,0.0
TEKSUT TEREYAG 700 GR RULO,0.0
TEKSUT TOST PEYNIR KG,-6.976906439684644
TELLIOGLU UN 5 KG,0.0
TENO PEÇETE 100 LU,0.0
TEREM MARGARIN 250 GR KASE,0.0
TEREM MARGARIN 250 GR PAKET,0.0
TEX 250 ML BULASIK MAK.TEMIZLEYICI,0.0
TEX 750ML SIVI KREM AMONYAKLI,0.0
TEX ASPIRIX 2500 ML KIRMIZI,0.0
TEX ASPIRIX 750 ML KIRMIZI,0.0
TEX SIVI ARAP SABUNU 1000 GR,0.0
TEX SODAMATIK 600 GR,0.0
TEX TUZ RUHU 550 GR,0.0
TIPITIP 27 GR,39.13307062746286
TORKU AV.PAKET MACAR SALAM 4X60GR,0.0
TORKU AYRAN SISE 2 LT,0.0
TORKU BANADA 400 GR,0.0
TORKU BANADA CAM  700 GR,-20.00080003200128
TORKU BEYAZ PEYNIR 900 GR,0.0
TORKU SUCUK 180 GR ISIL İŞL.GÖRMÜŞ VAK,0.0
TORKU SUT Y.YAGLI 1000 ML,0.0
TORKU SUZME PEYNIR 450 GR,0.0
TORKU TEREYAG 750 GR,0.0
TORKU TOST KASAR 400 GR,0.0
TORKU TOST PEYNIRI 600 GR,0.0
TORKU YOGURT 900 GR.HOM.TAM YAG.,0.0
TOYBOX 4 DILIM SURPRIZ OYUNCAK ERKEK 94 GR,0.0
TOYBOX 4 DILIM SURPRIZ OYUNCAK KIZ 94 GR,0.0
TOYBOX BIG EGG 94 GR,0.0
TOYBOX CORNET 25 GR,0.0
TOYBOX LOLIPOP MIX 11 GR,0.0
TOYBOX MAX 20 GR YUMURTA KIZ&ERKEK,0.0
TOYBOX METRE SAKIZ 25 GR,0.0
TOYBOX OYUNCAKLI SAKIZ 5 GR,0.0
TOYBOX SNACK STICK 56 GR,0.0
TRABZON 300 GR TARIM FINDIK EZMESI,0.0
TRABZON 300 GR TARIM FISTIK EZMESI,-20.002000200020003
TUKAS GARNITUR 560 GR CAM.,-23.080473919064463
TUKAS MISIR 3X220 GR,-15.791135909043058
TUKAS SALCA DOMATES 830 GR TNK,0.0
TURP KIRMIZI,0.0
TURP KURABİYE KG,0.0
TURSIL JEL 33 YIKAMA 2145 ML KIR ÇİÇELERİ,0.0
TWIX BAR 50 GR,0.0
ULK KREMALI BISKUVI CILEKLI  61 GR,0.0
ULKER  200 GR DANKEK CAY SAATI MOZAIK,14.607209835382367
ULKER  21 GR YILDIZ SEKERSIZ STICK DAMLA,0.0
ULKER  3*84 GR IKRAM KREMALI FINDIKLI,0.0
ULKER  38 GR KEKSTRA KONFETI KAK.KEK,0.0
ULKER  40 GR  ALTINBASAK COREKOTLU KINOALI,0.0
ULKER  BONBON NANELI 36 GR,0.0
ULKER  COCOSTAR 4 LU 100 GR,0.0
ULKER 100 GR SAKLIKOY SUTLU BISKUVI,0.0
ULKER 102 GR METRO KAPLAMALI BAR MINI,0.0
ULKER 125 GR ALTINBASAK GRISSINI KEP.,0.0
ULKER 150 GR HANIMELLER COKODAMLA POSET,14.31837667905115
ULKER 162 GR DANKEK DONUT MARSHMALLOW KEK,0.0
ULKER 180 GR DANKEK TART KEK CILEK,0.0
ULKER 200 GR DANKEK CAY SAATI KAKAOLU,14.607209835382367
ULKER 200 GR DANKEK CAY SAATI MEYVELI,14.607209835382367
ULKER 220 GR DELUXE GOFRET VANILYALI,0.0
ULKER 235  GR DANKEK RULO PASTA CIKO.,0.0
ULKER 24 GR  BEYAZ CIKOLATALI GOFRET,0.0
ULKER 264 GR  SAKLIKOY SUTLU BISKUVI,0.0
ULKER 28 GR ALPELLA 3GEN BEYAZ GOFRET,0.0
ULKER 36 GR CIKOLATALI GOFRET,17.941386704789135
ULKER 39 GR 9 KAT TAT FINDIKLI GOFRET,0.0
ULKER 40 GR KEKSTRA JOLEBOL CILEKLI,0.0
ULKER 40 GR KEKSTRA JOLEBOL PORTAKALLI,0.0
ULKER 450 GR PETIBOR CIFTE KAVRULMUS,0.0
ULKER 55 GR DANKEK 8 KEK CIKO.CILEKLI,0.0
ULKER 55 GR DANKEK 8 KEK CIKO.MUZLU,0.0
ULKER 65 GR MAGMA CIKOLATALI KEK,0.0
ULKER 65 GR MAGMA KARAMELLI KEK,0.0
ULKER 70 GR BEYAZ TABLET CIKOLATA,0.0
ULKER 8 KEK ORMAN MEYVELI 55 GR,0.0
ULKER 81 GR HANIMELLER MAHLEPLI TUZLU KURABIYE,0.0
ULKER 82 GR CIK.GOF.MINI COKLU PAK.,0.0
ULKER 82 GR HANIMELLER FINDIKLI RULO,0.0
ULKER 84 GR IKRAM PRALINLI FINDIKLI,0.0
ULKER 9 KAT KAT FINDIKLI 114 GR,-20.028571428571432
ULKER 9 KAT KAT INCE CILEKLI 114 GR,-20.028571428571432
ULKER 91 GR  IKR..MINI  ALL STAR PAKETİ,0.0
ULKER ALBENI  KURABIYEM 170 GR,0.0
ULKER ALBENI 40 GR,0.0
ULKER ALBENI ATISTIRMALIK 72 GR,0.0
ULKER ALTINBASAK 125 GR CAVDARLI GRISSINI,0.0
ULKER ALTINBASAK COREKOT&KINOA LABNE SANDVIC 60 GR,0.0
ULKER ALTINBASAK COREKOTLU 5*40  GR,0.0
ULKER ALTINBASAK YULAFLI 46 GR,0.0
ULKER ALTINBASAK YULAFLI 5 LI 230 GR,0.0
ULKER BATON CIK.FISTIKLIM 30 GR,0.0
ULKER BATON CIK.SUTLU 30 GR,0.0
ULKER BEBE BISKUVI 172 GR,0.0
ULKER BEBE BISKUVI 400GR POSET,0.0
ULKER BEBE BISKUVI 800 GR,0.0
ULKER BISKREM EXTRA KAK.184 GR.,0.0
ULKER BISKREM KAKAOLU 100 GR,0.0
ULKER BISKREM RULO 150GR,0.0
ULKER CIK.%60 BITTER KARE 60 GR,0.0
ULKER CIK.CARAMIO 32 GR,0.0
"ULKER CIK.DIDO GOFRET 55,5 GR",0.0
"ULKER CIK.DIDO TRİO BEYAZ 36,5 GR",0.0
ULKER CIK.FINDIKLI KARE 60 GR,0.0
ULKER CIK.GOFRET BITTER 36 GR,17.941386704789135
ULKER CIK.HOBBY 25 GR,0.0
ULKER CIK.KARE A.FISTIKLI 65 GR,0.0
ULKER CIK.KARE CARAMIO 55 GR,0.0
ULKER CIK.LAVIVA 35 GR,0.0
ULKER CIK.SUTLU KARE 60 GR,-28.585714285714282
ULKER CIK.TABLET BITTER 70 GR,0.0
ULKER CIK.TABLET SUTLU 70 GR,0.0
ULKER CIZI CITIR 40 GR PEYNIR SOGAN KRAKER,0.0
ULKER CIZI CITIR 40 GR TULUM PEYN KOZ BIBER KRAKER,0.0
ULKER CIZI KRAKER 4*70 GR,-14.303571428571423
ULKER CIZI KRAKER 70 GR,0.0
ULKER CIZIVIC 3 LU 246 GR,0.0
ULKER CIZIVIC SANDIVIC 82 GR,0.0
ULKER COCOSTAR 25 GR,0.0
ULKER COCOSTAR ATIŞTIRMALIK 66 GR,0.0
ULKER COKOKREM 400 GR,12.501562695336919
ULKER COKOKREM 950 GR,-10.20816326530612
ULKER COKOMEL MARSHMALLOW SADE 36 GR,0.0
ULKER COKOMILK 24 GR,0.0
ULKER COKONAT 33 GR,25.062531265632828
ULKER COKOPRENS 30 GR,0.0
ULKER COKOPRENS 300 GR 10 LU,10.002000400080016
ULKER COKOPRENS 81 GR,0.0
ULKER CUBUK KRAKER 80 GR,0.0
ULKER DAMLA CIKOLATA 120 GR,-14.292857142857146
ULKER DANKEK LOK.HIND.CEV.160 GR,0.0
ULKER DANKEK LOK.UZUMLU 160 GR,0.0
ULKER DANKEK MUZLU RULO 235 GR,0.0
ULKER DANKEK POTI HIND.CEV.35 GR,0.0
ULKER DANKEK POTI KAKAOLU 35 GR,0.0
ULKER DANKEK POTI MEYVELI 35 GR,0.0
ULKER DIDO GOFRET 35 GR,0.0
ULKER DORE BISK.SADE 86 GR,0.0
ULKER ECE FINDIKLI DOKME KG,0.0
"ULKER FINDIK RUYASI 40,5 GR",0.0
ULKER FINGER 750 GR,0.0
ULKER GOFRET 9 KAT KAT MUZLU 39 GR,0.0
ULKER HALLEY 30 GR,0.0
ULKER HALLEY 8 LI 240 GR,-26.326315789473693
ULKER HALLEY KARADUT 7 LI 236 GR,-26.326315789473693
ULKER HANIMELLER ASORTI 150 GR,14.31837667905115
ULKER HANIMELLER COKODAMLA 82 GR,0.0
ULKER HANIMELLER TUZLU KARMA 150 GR,14.31837667905115
ULKER HAYLAYF BISKUVI 64 GR,0.0
ULKER IKRAM CIKOLATALI 84 GR,0.0
ULKER IKRAM KREMALI 3*84 GR,0.0
ULKER KAT KAT FINDIK 25 GR,0.0
ULKER KRAKER CUBUK SUSAMLI 45 GR,0.0
ULKER KRAKER SUSAMLI CUBUK 70 GR,0.0
ULKER KRAKER ÇUBUK 40 GR,20.240480961923843
ULKER KREMALI BISKUVI 244 GR,0.0
ULKER KREMALI BISKUVI 61 GR,0.0
ULKER KREMALI BISKUVI 8 LI,-20.64550264550265
ULKER KREMALI BISKUVILI  MUZLU 61 GR,0.0
ULKER KREMINI TOFFEE CILEK 44 GR,0.0
ULKER KREMINI TOFFEE KARPUZ 44 GR,0.0
ULKER KRISPI CUBUK KRAKER ACILI 43 GR,0.0
ULKER KRISPI CUBUK KRAKER BAHARATLI 43 GR,0.0
ULKER KRISPI CUBUK KRAKER PEYNIRLI 43 GR,0.0
ULKER METRO 36 GR,0.0
ULKER METRO 4*36,0.0
ULKER MINI HALLEY KARADUT 74 GR,0.0
ULKER NAPOLITEN 33 GR,0.0
ULKER OLALA SUFLE KEK 70 GR,16.705568522840952
ULKER PETIBOR 800 GR,2.272985566541653
ULKER PETIBOR CIFTE KAV.175 GR,0.0
ULKER PETIBOR KAKAOLU 175GR,0.0
ULKER PETIBOR KAKAOLU 450GR,0.0
ULKER PETIT BEURRE 175GR,0.0
ULKER PETIT BEURRE 450 GR,0.0
ULKER PIKO PORT.BAR 18 GR,0.0
ULKER PROBIS 10 LU 280 GR,0.0
ULKER PROBIS BISKUVI 75 GR,0.0
ULKER PUL CIK.%54 BITTER 100 GR,-14.292857142857146
ULKER PUL CIK.BEYAZ 100 GR,-14.292857142857146
ULKER PUL CIKOLATA 100 GR,-14.292857142857146
ULKER RULO KAT FINDIKLI 170 GR,0.0
ULKER RULOKAT FINDIKLI 42 GR,0.0
ULKER SAKLIKOY 100 GR  FRAMBUAZLI CHEESECAKE BISK.,0.0
ULKER SAKLIKOY CIK.KAK.BIS.87 GR,0.0
ULKER SAKLIKOY SUTLU CIKO.100 GR,0.0
ULKER TAC KRAKER 76 GR,0.0
ULKER TOZ KAKAO 25 GR,0.0
ULKER TOZ KAKAO 50 GR,-16.68333333333333
ULKER YUPO AYICIK 80 GR,0.0
ULKER YUPO MEYVE BAHCESI 80 GR,0.0
UNAL ANADOLU ESKI KASAR 250 GR,0.0
UNAL CECIL PEYNIRI 250 GR,0.0
UNAL ESKI KASAR KG,14.285918370262433
UNAL KLASIK BEYAZ PEYNIR 4 DILIM 450GR,0.0
UNAL KLASIK TRAKYA PEYNIRI KG,0.0
UNAL TAZE KASAR 250 GR,0.0
UNI BABY 90'LI AKTIF SENSITIVE,0.0
UNI BABY AILE ISLAK HAVLU 90 LI,0.0
UNI BABY CAMASIR YUMUSATICI 1500 ML,0.0
UNI BABY SAMPUAN 900 ML,0.0
UNO GELENEKSEL LAVAS 15 CM 250 GR,-16.668055671305943
UNO GELENEKSEL LAVAŞ 25 CM 390 GR,0.0
UNO GRİSSUNO YULAFLI KARABUĞDAYLI 150 GR,0.0
UNO GİRİSSUNO 150 GR TAM BUG. DENGE VE CİYA TOH,0.0
UNO PREM. DENG TAM BUG&CIYA TOHUM 350 GR,0.0
UNO TAM BUĞDAY TAVA 450 GR,0.0
UNO TAM CAVDAR EKMEGI 450GR  FIRINDAN,0.0
UNO TAMBUĞDAYLI  325  GR LAVAŞ 25 CM,0.0
UNO TANDIR LAVAŞ 6 LI 282 GR,0.0
UNO TOST EKMEGI 550 GR BYK,0.0
UNTAD TOST EKMEĞI 670 GR BYK,0.0
UNTAD YORESEL TAM BUDAYLı LAVAS 25 CM,0.0
UNTAD YORESEL TORTILLA LAVAS 25 CM 560 GR,0.0
UYSAL CEZERYE 50 GR,0.0
VANISH 1000ML KOSLA SIVI GOLD PEMBE,0.0
VANISH MULTIPOWER TOZ  400 GR,0.0
VASELINE JEL KREM ORIGINAL 100 ML,-40.00222234568588
VEET AGDA BANDI NORMAL 12+8'LI,-30.001000033334446
VEET MEN IN-SHOWER DUSTA 150 ML,-30.000600012000238
VEET MEN KREM 200 ML HASSA CILT,-30.000600012000238
VEET MEN KREM 200 ML KURU CILT,-30.000600012000238
VEET PROFESSIONAL YUZ AGDA BANDI 20LI NORMAL,0.0
VEET TUY DOKUCU KREM 200ML HASSAS,-30.263954314587227
VEET TUY DOKUCU KREM 200ML NORMAL,-30.263954314587227
VERNEL 3 LT DENIZ ESINTISI,0.0
VERNEL 3 LT GÜLÜN BÜYÜSÜ,0.0
VERNEL MAX 1440 ML SENSITIVE,0.0
VILEDA CIZMEZ COLORS SUNGER 4 LU,0.0
VILEDA DALGALI TEMIZLIK BEZI 4LU,0.0
VILEDA ELDIVEN STANDART BÜYÜK,0.0
VILEDA ELDIVEN STANDART KÜÇÜK,0.0
VILEDA PARLAK KONFOR SUNGER OLUKLU 2LI,0.0
VILEDA POWER SUNGER PAD 2 LI,0.0
VILEDA SUNGER ULTRA PARLAK,0.0
VILEDA TEMIZLIK BEZI 5 LI %30 MICROFIBER,0.0
VILEDA YEDEK PASPAS 2LI EKO,0.0
VILEDA YEŞIL SÜNGER OLUKLU 8 LI,0.0
"VIVIDENT 37,5 MENTOS MEYVELI STICK",0.0
VIVIDENT CUZDAN DAMLA SAKIZLI 26 GR,0.0
VIVIDENT CUZDAN EKSTRA 26  GR,0.0
VIVIDENT STORMING 45 DAKIKA 33 GR,0.0
VIVIDENT STORMING KARPUZ 33 GR,0.0
VIVIDENT STORMING NANE 33 GR,0.0
WEE BABY  837 SEFFAF DESENLI DAMAKLI EMZIK NO:2,0.0
WEE BABY 122  MAMA KASIGI 2 'LI.,-30.303948604503166
WEE BABY 753 AKITMAZ KLP PP BARDAK 125 ML (ANTIKOL,-30.263954314587227
WEE BABY 754 AKITMAZ KLP  PP BARDAK 250 ML ANTIKOL,-30.233261238633457
WELLNAX  KOKU DOLAP VE CEKMECE CESITLERI,16.672224074691577
WHISKAS KEDI GUVEC 85 GR SIGIR ETLI,0.0
WHISKAS KEDI GUVEC TAVUK ETLI 85 GR,0.0
WHISKAS KEDI KONS. 400 GR ERISKIN TAVUKLU,0.0
WHISKAS KEDI KONS.400 GR ERISKIN TONLU,0.0
WHISKAS KEDI KONS.400GR  ERISKIN BIFTEKLI,0.0
WHISKAS KEDI POUCH  BIFTEKLI 85 GR,0.0
WHISKAS KEDI POUCH SOMON BALIKLI 85 GR,0.0
WHISKAS KEDI YAVRU 300 GR KURU MAMA  TAVUKLU,0.0
WHISKAS KEDI YAVRU POUCH TAVUKLU 85 GR,0.0
WHISKAS POUCH TAVUK 85 GR,0.0
WHISKAS POUCH TON BALIKLI 85 GR,0.0
YAGIZER AHSAP SET CESITLERI,0.0
YAGMUR B.PEYNIR 450GR 3 DILIM,0.0
YAYLA BULGUR NOHUTLU 250 GR,0.0
YAYLA DOMATES CORBASI 250 GR,0.0
YAYLA KINOALI BULGUR PILAVI 250 GR,0.0
YAYLA MERCIMEK CORBASI 250 GR,0.0
YAYLA NAPOLITEN SOSLU MAKARNA 250 GR,0.0
YAYLA PILAKI BARBUNYA 400 GR,0.0
YAYLA PILAKI MEKSIKA SOSLU 400 GR,0.0
YAYLA SIYEZLI BULGUR 250 GR,0.0
YESIL ZEYTIN AYVALIK TAS KIRMA 320 350,0.0
YESIL ZEYTIN BIBERLI KG 140-160 KLB.,-9.09118458135095
YESIL ZEYTIN CIZIK KG 230-260 KB,0.0
YESIL ZEYTIN GRILL KG,0.0
YESIL ZEYTIN KIRMA KG 110-140 KB,0.0
YORE ESKI KASAR 300GR,0.0
YORE YESIL ZEYTIN BIBERLI 400GR,0.0
YORE YESIL ZEYTIN CIZIK SOFRALIK 400 GR,0.0
YORUKOGLU 1 LT SUT Y.YAGLI UHT,0.0
YUDUM AYCICEK YAGI 1 LT,0.0
YUDUM AYCICEK YAGI 5 LT PET,16.27944835926417
YUMOS 2520 ML BAKIM DETERJANI SIYAH,0.0
YUMOS 450 ML COMFORT SPREY LILYUM,0.0
YUMOS 450 ML COMFORT SPREY ORKIDE,0.0
YUMOS EXTRA 1200 ML DOGAL OZLER BEBEK,0.0
YUMOS EXTRA 1440 ML AMBER,0.0
YUMOS EXTRA 1440  ML LILYUM LOTUS,0.0
YUMOS EXTRA 1440 ML Y.ORKİDE YASEMİN,0.0
YUMOS EXTRA YABANI ORKIDE YAS.1008ML,0.0
YUVA KURU MAYA 100 GR,0.0
YUVA YAŞ MAYA 2X42 GR,0.0
YUVAM HASLANMIS NOHUT 800 GR,30.006001200240036
ZUBER 40 GR YER FISTIKLI CIKOLATALI,0.0
ZUBER CILEKLI CIKO.40 GR,0.0
ZUBER FINDIKLI KAKAOLU 40 GR,0.0
ZUBER GLUTENSIZ PROTEIN BAR KAKAOLU 40 GR,0.0
ÇARLİSTON BİBER,20.002000200020003
ÇENGELKÖY BADEM,0.0
ÇİLEK,-14.286122460641732
ÜZÜM REDGLOBE,0.0
ŞALGAM,0.0
