District,Rooms,Price,tuik_category,per_item_inflation_1d,per_item_inflation_7d,per_item_inflation_15d,per_item_inflation_30d
Akdeniz / Barış,1+1,15666.666666666666,04,0.0,-2.590673575129541,-1.847389558232932,
Akdeniz / Barış,2+1,17562.5,04,0.0,-6.989875389408107,-6.897590361445785,
Akdeniz / Barış,2.5+1,17000.0,04,0.0,0.0,0.0,
Akdeniz / Barış,3+1,18963.414634146342,04,0.0,2.045280542491533,2.7131462919233145,
Akdeniz / Barış,4+1,209000.0,04,0.0,0.0,-31.699346405228756,
Akdeniz / Barış,Stüdyo (1+0),15000.0,04,0.0,,,
Akdeniz / Camiişerif,1+1,14666.666666666666,04,0.0,4.761904761904757,4.761904761904757,
Akdeniz / Camiişerif,2+1,33175.0,04,0.0,0.07541478129713425,-8.166089965397925,
Akdeniz / Camiişerif,3+1,16791.666666666668,04,0.0,1.295436968290797,-1.8031189083820593,
Akdeniz / Karaduvar,2+1,16800.0,04,0.0,-0.591715976331361,-4.0,
Akdeniz / Karaduvar,3+1,20275.0,04,0.0,3.0233739837398375,10.340136054421768,
Akdeniz / Köyler,3+1,14000.0,04,0.0,0.0,0.0,
Akdeniz / Merkez,2+1,15000.0,04,0.0,0.0,7.142857142857142,
Akdeniz / Merkez,3+1,15000.0,04,0.0,0.0,0.0,
Akdeniz / Merkez,4+1,170000.0,04,0.0,0.0,0.0,
Akdeniz / Mithatpaşa,1+1,8500.0,04,0.0,0.0,,
Akdeniz / Mithatpaşa,2+1,12750.0,04,0.0,-92.5,41.66666666666667,
Akdeniz / Mithatpaşa,3+1,14200.0,04,0.0,0.35335689045936397,-5.856353591160224,
Akdeniz / Nusratiye,1+1,18250.0,04,0.0,21.666666666666668,16.8,
Akdeniz / Nusratiye,2+1,26192.30769230769,04,0.0,-2.9914529914529946,-12.934157255486895,
Akdeniz / Nusratiye,3+1,29022.727272727272,04,0.0,-1.9344693922328706,79.89293764087152,
Akdeniz / Nusratiye,4+1,15250.0,04,0.0,-9.405940594059398,-6.870229007633588,
Akdeniz / Yenitaşkent,1+1,12500.0,04,0.0,0.0,0.0,
Akdeniz / Çankaya,1+1,14666.666666666666,04,0.0,2.92397660818713,1.1494252873563178,
Akdeniz / Çankaya,2+1,17381.81818181818,04,0.0,7.579776545293779,1.174727484389873,
Akdeniz / Çankaya,3+1,17041.666666666668,04,0.0,-1.5370370370370348,-2.3400191021967456,
Akdeniz / Çay,3+1,12000.0,04,0.0,0.0,0.0,
Akdeniz / Özgürlük,1+1,7800.0,04,0.0,-48.0,,
Akdeniz / Özgürlük,2+1,13500.0,04,0.0,-10.0,-10.0,
Anamur / Göktaş,2+1,19500.0,04,0.0,0.0,-12.359550561797752,
Anamur / Göktaş,3+1,24615.384615384617,04,0.0,-2.2493751735628864,0.0003125009765757836,
Anamur / Köyler,3+1,15750.0,04,0.0,-1.5625,-1.5625,
Anamur / Merkez,1+1,16500.0,04,0.0,0.0,0.0,
Anamur / Yıldırımbeyazıt,2+1,20000.0,04,0.0,0.0,8.108108108108109,
Anamur / Yıldırımbeyazıt,3+1,30000.0,04,0.0,0.0,,
Anamur / İskele,1+1,22500.0,04,0.0,10.655737704918039,11.386138613861387,
Anamur / İskele,2+1,22382.352941176472,04,0.0,-0.6527415143603009,12.561155990442616,
Anamur / İskele,3+1,25050.0,04,0.0,-4.933586337760911,-6.70391061452514,
Anamur / İskele,4+1,20000.0,04,0.0,0.0,0.0,
Aydıncık,2+1,9875.0,04,0.0,8.21917808219178,-11.830357142857142,
Aydıncık,3+1,18125.0,04,0.0,-8.613445378151255,-5.104712041884817,
Aydıncık / Köyler,1+1,3000.0,04,0.0,,,
Aydıncık / Köyler,2+1,10000.0,04,0.0,0.0,0.0,
Aydıncık / Köyler,3+1,5000.0,04,0.0,0.0,-80.0,
Bozyazı,1+1,21000.0,04,0.0,0.0,,
Bozyazı,2+1,22975.0,04,0.0,6.1200923787528865,6.1200923787528865,
Bozyazı,3+1,19500.0,04,0.0,23.809523809523807,333.33333333333337,
Bozyazı,4+1,22000.0,04,0.0,-12.0,-12.0,
Bozyazı,5+1,20000.0,04,0.0,0.0,0.0,
Bozyazı / Tekeli,2+1,16500.0,04,0.0,0.0,,
Bozyazı / Tekmen,3+1,19000.0,04,0.0,,,
Bozyazı / Tekmen,3.5+1,6000.0,04,0.0,26.31578947368421,,
Erdemli / Akdeniz,1+1,15500.0,04,0.0,-0.7788328176677654,-2.758247701460251,
Erdemli / Akdeniz,1.5+1,14500.0,04,0.0,0.0,-3.3333333333333335,
Erdemli / Akdeniz,2+1,33340.90909090909,04,0.0,72.03771460737404,69.17163175091294,
Erdemli / Akdeniz,2.5+1,18666.666666666668,04,0.0,3.7037037037037104,3.7037037037037104,
Erdemli / Akdeniz,3+1,27604.83870967742,04,0.0,33.84164222873901,40.736299316464816,
Erdemli / Akdeniz,3.5+1,22000.0,04,0.0,0.0,-20.0,
Erdemli / Akdeniz,4+1,33045.454545454544,04,0.0,6.255480853551589,2.466525722339672,
Erdemli / Akdeniz,4.5+1,33000.0,04,0.0,,,
Erdemli / Akdeniz,5+1,57500.0,04,0.0,0.0,-4.166666666666666,
Erdemli / Alata,1+1,17315.78947368421,04,0.0,7.630135668238235,-0.2755580049600493,
Erdemli / Alata,2+1,22565.217391304348,04,0.0,0.8501335924216669,8.024976873265487,
Erdemli / Alata,2.5+1,26000.0,04,0.0,0.0,0.0,
Erdemli / Alata,3+1,42519.230769230766,04,0.0,-8.090185676392583,-22.598487677371182,
Erdemli / Alata,4+1,32000.0,04,0.0,-2.040816326530616,0.4484304932735377,
Erdemli / Arpaçbahşiş,1+1,26710.9375,04,0.0,7.263539073789651,17.258190474045048,
Erdemli / Arpaçbahşiş,1.5+1,16000.0,04,0.0,0.0,,
Erdemli / Arpaçbahşiş,2+1,35884.61538461538,04,0.0,3.3620731178652288,54.89762036524625,
Erdemli / Arpaçbahşiş,3+1,57928.57142857143,04,0.0,123.51860358291225,143.90977443609023,
Erdemli / Arpaçbahşiş,4+1,65000.0,04,0.0,,,
Erdemli / Beldeler,1+1,29657.842105263157,04,0.0,45.209234653713764,52.24796203515386,
Erdemli / Beldeler,2+1,53166.666666666664,04,0.0,-24.9795501022495,-32.77133825079031,
Erdemli / Beldeler,3+1,126750.0,04,0.0,-35.07566938300349,-14.610526315789475,
Erdemli / Beldeler,3.5+1,750000.0,04,0.0,,,
Erdemli / Beldeler,4.5+1,650000.0,04,0.0,,0.0,
Erdemli / Kargıpınarı,1+1,23945.652173913044,04,0.0,39.007241368949245,39.64874338131106,
Erdemli / Kargıpınarı,2+1,20618.42105263158,04,0.0,-2.050256282035249,-2.2823646794711845,
Erdemli / Kargıpınarı,3+1,62773.083333333336,04,0.0,0.39648267776717094,-12.27364130434783,
Erdemli / Kargıpınarı,4+1,450000.0,04,0.0,0.0,0.0,
Erdemli / Kargıpınarı,5+1,79000.0,04,0.0,0.0,0.0,
Erdemli / Kocahasanlı,1+1,14944.444444444445,04,0.0,8.46774193548388,15.698924731182807,
Erdemli / Kocahasanlı,2+1,14000.0,04,0.0,-4.545454545454541,-17.647058823529413,
Erdemli / Kocahasanlı,3+1,14000.0,04,0.0,-3.4482758620689653,,
Erdemli / Köyler,2+1,97000.0,04,0.0,37.5886524822695,-23.3201581027668,
Erdemli / Köyler,3+1,148500.0,04,0.0,0.0,36.23853211009174,
Erdemli / Limonlu,1+1,18272.727272727272,04,0.0,-21.688311688311686,-20.16769638128862,
Erdemli / Limonlu,2+1,74150.0,04,0.0,-25.47738693467337,7.241735537190079,
Erdemli / Limonlu,3+1,14750.0,04,0.0,0.0,0.0,
Erdemli / Limonlu,4+1,50000.0,04,0.0,,,
Erdemli / Merkez,1+1,28666.151515151516,04,0.0,2.1226436386323373,-7.278748068217797,
Erdemli / Merkez,1.5+1,20000.0,04,0.0,0.0,,
Erdemli / Merkez,2+1,75131.13114754099,04,0.0,42.44012653293439,55.12125305132284,
Erdemli / Merkez,2.5+1,30000.0,04,0.0,9.090909090909092,9.090909090909092,
Erdemli / Merkez,3+1,105818.18181818182,04,0.0,-6.932118013912205,-8.064133954663925,
Erdemli / Merkez,4+1,74200.0,04,0.0,0.0,55.39267015706806,
Erdemli / Merkez,5+1,750000.0,04,0.0,0.0,0.0,
Erdemli / Merkez,Stüdyo (1+0),40000.0,04,0.0,0.0,0.0,
Erdemli / Çeşmeli,1+1,92527.77777777778,04,0.0,-9.276824517152766,18.88347782037556,
Erdemli / Çeşmeli,2+1,104616.27906976744,04,0.0,11.146113221532469,-7.925729648396886,
Erdemli / Çeşmeli,2.5+1,113333.33333333333,04,0.0,41.666666666666664,51.11111111111111,
Erdemli / Çeşmeli,3+1,133114.2857142857,04,0.0,-8.65428097082774,-24.210668944215666,
Erdemli / Çeşmeli,3.5+1,60000.0,04,0.0,0.0,0.0,
Erdemli / Çeşmeli,4+1,33000.0,04,0.0,0.0,-5.714285714285714,
Gülnar / Merkez,2+1,15500.0,04,0.0,0.0,19.230769230769234,
Gülnar / Merkez,3+1,14625.0,04,0.0,0.0,-6.8471337579617835,
Gülnar / Ovacık,1+1,17000.0,04,0.0,0.0,-8.108108108108109,
Gülnar / Ovacık,2+1,25250.0,04,0.0,0.0,6.315789473684211,
Gülnar / Ovacık,3+1,24750.0,04,0.0,0.0,0.0,
Mezitli,1+1,19701.73641304348,04,0.0,0.520091826793258,0.4573434839671166,
Mezitli,1.5+1,16833.333333333332,04,0.0,0.0,0.0,
Mezitli,2+0,25000.0,04,0.0,0.0,0.0,
Mezitli,2+1,27729.616847826088,04,0.0,2.373982870376603,3.8993502889447607,
Mezitli,2+2,20000.0,04,0.0,0.0,0.0,
Mezitli,2.5+1,27153.846153846152,04,0.0,2.5667846329968658,5.474767925631014,
Mezitli,3+1,37815.4,04,0.0,-0.20703513558336806,-2.777561377619846,
Mezitli,3+2,58000.0,04,0.0,-91.94444444444444,,
Mezitli,3.5+1,32000.0,04,0.0,1.0526315789473646,1.0526315789473646,
Mezitli,4+1,91309.025,04,0.0,-14.725075997382971,-20.24405244446049,
Mezitli,4.5+1,50000.0,04,0.0,0.0,11.11111111111111,
Mezitli,5+1,125029.41176470589,04,0.0,-8.70736611936509,-21.53991679035321,
Mezitli,5+2,600000.0,04,0.0,0.0,0.0,
Mezitli,6+1,470000.0,04,0.0,-5.05050505050505,-5.05050505050505,
Mezitli,6+2,2100000.0,04,0.0,0.0,0.0,
Mezitli,7+2,150000.0,04,0.0,,,
Mezitli,Stüdyo (1+0),17166.666666666668,04,0.0,0.0,22.619047619047628,
Mezitli / Davultepe,1+1,18930.909090909092,04,0.0,-0.6761190272773921,6.965479848183623,
Mezitli / Davultepe,2+0,19000.0,04,0.0,0.0,0.0,
Mezitli / Davultepe,2+1,31996.753246753247,04,0.0,1.8441851616717453,-0.07344417557542406,
Mezitli / Davultepe,2.5+1,22458.333333333332,04,0.0,0.0,-1.4625228519195719,
Mezitli / Davultepe,3+1,54375.0,04,0.0,15.43865126443959,-18.020535482193917,
Mezitli / Davultepe,4+1,30000.0,04,0.0,0.0,-14.285714285714285,
Mezitli / Davultepe,5+1,78500.0,04,0.0,-13.972602739726028,-13.972602739726028,
Mezitli / Fındıkpınarı,2+1,115000.0,04,0.0,,666.6666666666667,
Mezitli / Fındıkpınarı,3+1,200000.0,04,0.0,0.0,0.0,
Mezitli / Kuyuluk,1+1,18617.647058823528,04,0.0,1.7252880533656616,2.799856337544307,
Mezitli / Kuyuluk,1.5+1,25000.0,04,0.0,,0.0,
Mezitli / Kuyuluk,2+1,23739.130434782608,04,0.0,-0.4037505422269654,-3.234381922906509,
Mezitli / Kuyuluk,3+1,29500.0,04,0.0,-42.307692307692314,-43.43657817109145,
Mezitli / Kuyuluk,4+1,164100.0,04,0.0,2.7376209447922544,-18.205607476635514,
Mezitli / Kuyuluk,5+1,74500.0,04,0.0,-2.8260869565217455,-69.74619289340102,
Mezitli / Köyler,1+1,23000.0,04,0.0,12.195121951219512,2.2222222222222223,
Mezitli / Köyler,2+1,20666.666666666668,04,0.0,1.1655011655011764,21.568627450980397,
Mezitli / Köyler,3+1,19000.0,04,0.0,7.042253521126761,7.042253521126761,
Mezitli / Köyler,4+1,40000.0,04,0.0,0.0,0.0,
Mezitli / Tece,1+1,17135.135135135137,04,0.0,-1.7507609999077498,-1.50769782309944,
Mezitli / Tece,2+0,18000.0,04,0.0,0.0,0.0,
Mezitli / Tece,2+1,21800.0,04,0.0,-0.9090909090909091,1.8691588785046727,
Mezitli / Tece,3+1,30000.0,04,0.0,0.0,0.0,
Mezitli / Tece,4+1,35000.0,04,0.0,0.0,0.0,
Mut,1+1,15500.0,04,0.0,5.681818181818186,-3.469750889679714,
Mut,2+1,16333.333333333334,04,0.0,-3.9215686274509767,-15.151515151515149,
Mut,3+1,20409.090909090908,04,0.0,5.111197815060464,9.579011592434405,
Silifke / Atakent,1+1,31437.5,04,0.0,110.4602510460251,-25.44466403162055,
Silifke / Atakent,2+1,44175.0,04,0.0,19.777275661717233,-33.9498042007832,
Silifke / Atakent,3+1,194375.0,04,0.0,0.0,-23.674738219895286,
Silifke / Atakent,4+1,55000.0,04,0.0,0.0,,
Silifke / Atakent,Stüdyo (1+0),12000.0,04,0.0,,,
Silifke / Atayurt,2+1,21333.333333333332,04,0.0,37.63440860215053,-14.666666666666671,
Silifke / Atayurt,3+1,16866.666666666668,04,0.0,0.0,0.0,
Silifke / Beldeler,2.5+1,75000.0,04,0.0,,0.0,
Silifke / Gazi,1+1,12800.0,04,0.0,-3.7593984962406015,-6.055045871559633,
Silifke / Gazi,2+1,17047.619047619046,04,0.0,3.6043146540383924,1.022927689594346,
Silifke / Gazi,2.5+1,29000.0,04,0.0,45.0,45.0,
Silifke / Gazi,3+1,20277.777777777777,04,0.0,-2.07914151576123,-4.010519395134782,
Silifke / Gazi,4+1,27333.333333333332,04,0.0,-6.818181818181819,4.553734061930785,
Silifke / Köyler,1+1,16000.0,04,0.0,0.0,-13.513513513513514,
Silifke / Köyler,2+1,39875.0,04,0.0,0.0,1.2055837563451777,
Silifke / Köyler,3+1,223333.33333333334,04,0.0,0.0,272.22222222222223,
Silifke / Köyler,4+1,1000000.0,04,0.0,0.0,0.0,
Silifke / Saray,1+1,16166.666666666666,04,0.0,,,
Silifke / Saray,2+1,16875.0,04,0.0,-0.5524861878453038,16.66666666666667,
Silifke / Saray,3+1,16861.11111111111,04,0.0,-4.5034414945919465,-8.238851095993963,
Silifke / Saray,4+1,15000.0,04,0.0,-26.22950819672131,-40.0,
Silifke / Saray,5+1,24000.0,04,0.0,0.0,0.0,
Silifke / Taşucu,1+1,15250.0,04,0.0,-8.955223880597014,-2.2435897435897436,
Silifke / Taşucu,1.5+1,9000.0,04,0.0,-77.5,-70.0,
Silifke / Taşucu,2+1,17442.30769230769,04,0.0,-12.632448052841614,-9.309381788090894,
Silifke / Taşucu,3+1,43307.692307692305,04,0.0,-0.9674582233949128,-5.998807394156239,
Silifke / Taşucu,4+1,34666.666666666664,04,0.0,-18.431372549019613,103.92156862745097,
Tarsus / 82 Evler,1+1,21000.0,04,0.0,-4.545454545454546,,
Tarsus / 82 Evler,2+1,22500.0,04,0.0,-0.2770083102493075,9.422492401215806,
Tarsus / 82 Evler,2.5+1,210000.0,04,0.0,0.0,,
Tarsus / 82 Evler,3+1,26500.0,04,0.0,8.9041095890411,32.5,
Tarsus / Akşemsettin,1+1,25500.0,04,0.0,0.0,-1.9230769230769231,
Tarsus / Akşemsettin,2+1,16500.0,04,0.0,-6.603773584905667,-34.0,
Tarsus / Akşemsettin,3+1,32083.333333333332,04,0.0,5.686274509803912,-64.16382252559728,
Tarsus / Akşemsettin,4+1,114375.0,04,0.0,273.46938775510205,261.1842105263157,
Tarsus / Altaylılar,1+1,18500.0,04,0.0,-8.074534161490684,-8.074534161490684,
Tarsus / Altaylılar,2+1,20041.666666666668,04,0.0,1.8797987821022037,-0.6784660766961541,
Tarsus / Altaylılar,2.5+1,23000.0,04,0.0,-8.0,-8.0,
Tarsus / Altaylılar,3+1,37000.0,04,0.0,-0.1435544071202915,24.94899323192954,
Tarsus / Altaylılar,3.5+1,32000.0,04,0.0,0.0,0.0,
Tarsus / Altaylılar,4+1,51437.5,04,0.0,19.448476052249635,25.592459605026935,
Tarsus / Altaylılar,5+1,46250.0,04,0.0,0.0,0.0,
Tarsus / Anıt,1+1,13750.0,04,0.0,0.0,0.0,
Tarsus / Anıt,2+1,79600.0,04,0.0,-7.917737789203078,2.994454713493525,
Tarsus / Anıt,3+1,20168.75,04,0.0,-2.0255031228313696,0.47662387430542813,
Tarsus / Anıt,4+1,24333.333333333332,04,0.0,-2.6666666666666714,11.877394636015321,
Tarsus / Bahçe,2+1,20000.0,04,0.0,,,
Tarsus / Bahçe,4+1,20500.0,04,0.0,0.0,,
Tarsus / Bahçe,5+1,30000.0,04,0.0,0.0,0.0,
Tarsus / Beydeğirmeni,1+1,17600.0,04,0.0,0.0,-3.825136612021858,
Tarsus / Beydeğirmeni,1.5+1,16000.0,04,0.0,0.0,,
Tarsus / Beydeğirmeni,2+0,17000.0,04,0.0,,,
Tarsus / Beydeğirmeni,2+1,19662.5,04,0.0,-56.028699217294076,-6.812796208530806,
Tarsus / Beydeğirmeni,2.5+1,19000.0,04,0.0,0.0,0.0,
Tarsus / Beydeğirmeni,3+1,42128.57142857143,04,0.0,19.74529346622369,92.3679060665362,
Tarsus / Caminur,1+1,17000.0,04,0.0,25.925925925925924,,
Tarsus / Caminur,1.5+1,17000.0,04,0.0,,,
Tarsus / Caminur,2+1,20777.272727272728,04,0.0,5.513022736890698,6.898971000935458,
Tarsus / Caminur,3+1,43891.666666666664,04,0.0,-18.130186287873357,9.096020121319722,
Tarsus / Caminur,4+1,26000.0,04,0.0,-9.302325581395353,-8.771929824561402,
Tarsus / Caminur,5+1,42000.0,04,0.0,0.0,1.2048192771084338,
Tarsus / Eskiömerli,1+1,21000.0,04,0.0,0.0,-4.545454545454546,
Tarsus / Eskiömerli,2+1,93000.0,04,0.0,32.227488151658775,32.227488151658775,
Tarsus / Eskiömerli,3+1,28250.0,04,0.0,37.80487804878049,34.523809523809526,
Tarsus / Eskiömerli,4+1,35000.0,04,0.0,0.0,0.0,
Tarsus / Gülek,2+1,60000.0,04,0.0,0.0,-64.70588235294117,
Tarsus / Gülek,3+1,95000.0,04,0.0,0.0,0.0,
Tarsus / Gülek,4+1,530000.0,04,0.0,783.3333333333333,783.3333333333333,
Tarsus / Karacailyas,2+1,30000.0,04,0.0,,,
Tarsus / Karacailyas,3+1,25166.666666666668,04,0.0,0.0,-3.4703196347031957,
Tarsus / Kavaklı,1+1,26500.0,04,0.0,-1.8518518518518516,11.971830985915487,
Tarsus / Kavaklı,2+1,20250.0,04,0.0,-2.0161290322580703,4.7413793103448345,
Tarsus / Kavaklı,3+1,19625.0,04,0.0,-2.4152015627774843,-4.355772159610113,
Tarsus / Kavaklı,4+1,187500.0,04,0.0,-0.26595744680851063,41.68765743073047,
Tarsus / Köyler,1+1,22750.0,04,0.0,-0.21929824561403508,9.200000000000006,
Tarsus / Köyler,2+1,82000.0,04,0.0,0.0,261.7647058823529,
Tarsus / Köyler,3+1,29500.0,04,0.0,0.0,13.461538461538462,
Tarsus / Köyler,4+1,30000.0,04,0.0,0.0,0.0,
Tarsus / Kızılmurat,3+1,20000.0,04,0.0,0.0,0.0,
Toroslar,1+1,95000.0,04,0.0,-45.714285714285715,-1.5544041450777202,
Toroslar,2+1,73722.22222222222,04,0.0,34.61630266141543,59.53556061756517,
Toroslar,3+1,79420.0,04,0.0,6.140995656531908,33.47899159663866,
Toroslar,4+1,189857.14285714287,04,0.0,-9.877938517179013,0.8983930153106534,
Toroslar,4.5+1,325000.0,04,0.0,0.0,0.0,
Toroslar,5+1,35000.0,04,0.0,0.0,0.0,
Toroslar,5+2,30000.0,04,0.0,0.0,0.0,
Toroslar / Akbelen,1+1,17333.333333333332,04,0.0,21.637426900584785,-8.77192982456141,
Toroslar / Akbelen,2+1,17028.80769230769,04,0.0,0.7965850882185478,2.4289184499710763,
Toroslar / Akbelen,3+0,25000.0,04,0.0,0.0,0.0,
Toroslar / Akbelen,3+1,30738.095238095237,04,0.0,3.4794330892265,56.57474786161113,
Toroslar / Akbelen,4+1,26500.0,04,0.0,-3.6363636363636362,,
Toroslar / Alsancak,1+1,18850.0,04,0.0,-3.3333333333333335,0.26595744680851063,
Toroslar / Alsancak,2+1,29166.666666666668,04,0.0,29.629629629629633,3.456116416552986,
Toroslar / Alsancak,3+1,24761.904761904763,04,0.0,-11.56462585034013,-46.16977225672878,
Toroslar / Alsancak,3.5+1,36000.0,04,0.0,28.57142857142857,28.57142857142857,
Toroslar / Alsancak,4+1,44062.5,04,0.0,5.8558558558558556,-67.79841656516443,
Toroslar / Alsancak,5+1,293000.0,04,0.0,0.0,-45.74074074074074,
Toroslar / Alsancak,6+1,600000.0,04,0.0,,,
Toroslar / Arpaçsakarlar,2+1,18250.0,04,0.0,0.6896551724137931,4.285714285714286,
Toroslar / Arpaçsakarlar,3+1,21500.0,04,0.0,0.8797653958944283,-2.5495750708215295,
Toroslar / Arpaçsakarlar,4+1,22500.0,04,0.0,,,
Toroslar / Ayvagediği,1+1,120000.0,04,0.0,-7.6923076923076925,0.0,
Toroslar / Ayvagediği,2+1,9000.0,04,0.0,-84.87394957983193,-80.14705882352942,
Toroslar / Beldeler,2+1,120000.0,04,0.0,,0.0,
Toroslar / Güzelyayla,1+1,110000.0,04,0.0,0.0,0.0,
Toroslar / Güzelyayla,2+1,75000.0,04,0.0,0.0,0.0,
Toroslar / Halkkent,2+1,21026.263157894737,04,0.0,0.8838406157591334,-12.390404248173912,
Toroslar / Halkkent,3+1,25000.0,04,0.0,0.0,25.0,
Toroslar / Köyler,1+1,28750.0,04,0.0,0.0,0.0,
Toroslar / Köyler,2+1,107800.0,04,0.0,3.9036144578313254,22.03773584905661,
Toroslar / Köyler,3+1,650000.0,04,0.0,36.84210526315789,36.84210526315789,
Toroslar / Sağlık,1+1,13000.0,04,0.0,,44.44444444444444,
Toroslar / Sağlık,2+1,14964.285714285714,04,0.0,-1.0195200795722978,0.11317907444667596,
Toroslar / Sağlık,3+1,38846.153846153844,04,0.0,13.006993006993001,130.76923076923077,
Toroslar / Yalınayak,2+1,59375.0,04,0.0,46.60493827160494,32.38573021181717,
Toroslar / Yalınayak,2.5+1,25000.0,04,0.0,0.0,,
Toroslar / Yalınayak,3+1,24555.555555555555,04,0.0,5.3886504530281325,5.995203836930447,
Toroslar / Yalınayak,6+2,20000.0,04,0.0,0.0,0.0,
Toroslar / Çavuşlu,1+1,19750.0,04,0.0,0.0,18.796992481203006,
Toroslar / Çavuşlu,1.5+1,13000.0,04,0.0,0.0,0.0,
Toroslar / Çavuşlu,2+0,15000.0,04,0.0,,,
Toroslar / Çavuşlu,2+1,17886.363636363636,04,0.0,3.600743379278305,-36.47462415497932,
Toroslar / Çavuşlu,3+1,46890.625,04,0.0,43.41206990715455,42.839088760504204,
Toroslar / Çavuşlu,4+1,157166.66666666666,04,0.0,20.549696388622557,507.40740740740733,
Yenişehir / Bahçelievler,1+1,26056.451612903227,04,0.0,-2.5339366515837054,-0.6321760524876943,
Yenişehir / Bahçelievler,2+1,57732.558139534885,04,0.0,4.781916528648838,39.741063889670706,
Yenişehir / Bahçelievler,2+2,20000.0,04,0.0,0.0,0.0,
Yenişehir / Bahçelievler,2.5+1,28333.333333333332,04,0.0,-3.4090909090909096,38.21138211382113,
Yenişehir / Bahçelievler,3+1,50372.549019607846,04,0.0,15.503934057699526,4.2743849132009615,
Yenişehir / Bahçelievler,4+1,206421.05263157896,04,0.0,9.490105920026288,-9.6521538815941,
Yenişehir / Bahçelievler,5+1,60000.0,04,0.0,0.0,,
Yenişehir / Bahçelievler,Stüdyo (1+0),17500.0,04,0.0,40.0,75.0,
Yenişehir / Barbaros,1+1,34568.181818181816,04,0.0,-0.4208754208754355,-1.4449556145921134,
Yenişehir / Barbaros,2+1,79821.42857142857,04,0.0,9.55882352941176,74.37583593401692,
Yenişehir / Barbaros,2.5+1,24000.0,04,0.0,-15.04424778761062,-26.153846153846157,
Yenişehir / Barbaros,3+1,73123.07692307692,04,0.0,1.28929142248269,4.740698104674576,
Yenişehir / Barbaros,3.5+1,41500.0,04,0.0,-2.7343749999999947,9.210526315789473,
Yenişehir / Barbaros,4+1,111931.81818181818,04,0.0,-16.65218629939769,-29.47250462752021,
Yenişehir / Barbaros,5+1,280650.0,04,0.0,-24.44289437938251,-18.86481082187986,
Yenişehir / Barbaros,6+1,1550000.0,04,0.0,73.18435754189943,73.18435754189943,
Yenişehir / Barbaros,7+1,125000.0,04,0.0,0.0,,
Yenişehir / Barbaros,Stüdyo (1+0),13000.0,04,0.0,0.0,0.0,
Yenişehir / Cumhuriyet,1+1,34250.0,04,0.0,15.038167938931299,28.351109829922176,
Yenişehir / Cumhuriyet,2+1,21442.30769230769,04,0.0,-4.455869751499572,-2.021089630931455,
Yenişehir / Cumhuriyet,3+1,33098.148148148146,04,0.0,-29.864212163174198,-23.868549400464296,
Yenişehir / Cumhuriyet,4+1,110409.09090909091,04,0.0,-15.069930069930068,-23.554536462548327,
Yenişehir / Cumhuriyet,7+2,100000.0,04,0.0,0.0,17.647058823529413,
Yenişehir / Cumhuriyet,Stüdyo (1+0),11166.666666666666,04,0.0,-8.219178082191782,-8.219178082191782,
Yenişehir / Egriçam,1+1,22884.848484848484,04,0.0,1.318238079163522,-18.068890697043667,
Yenişehir / Egriçam,2+0,18000.0,04,0.0,0.0,-7.6923076923076925,
Yenişehir / Egriçam,2+1,68863.63636363637,04,0.0,4.134817079674351,29.384221220955915,
Yenişehir / Egriçam,2+2,28000.0,04,0.0,,,
Yenişehir / Egriçam,2.5+1,33333.333333333336,04,0.0,2.564102564102572,8.401084010840117,
Yenişehir / Egriçam,3+1,53522.388059701494,04,0.0,15.544283651657492,29.948134894571155,
Yenişehir / Egriçam,4+1,139990.9090909091,04,0.0,-35.82667075068918,-53.84069676430915,
Yenişehir / Egriçam,5+1,55500.0,04,0.0,-5.932203389830509,-6.526315789473684,
Yenişehir / Gazi,1+1,18383.3,04,0.0,-0.7931492937846252,0.501185651903531,
Yenişehir / Gazi,2+1,46750.0,04,0.0,-7.3447974351501,110.65857885615252,
Yenişehir / Gazi,3+1,23990.74074074074,04,0.0,0.5042668735453919,-14.741691345837452,
Yenişehir / Gazi,4+1,41800.0,04,0.0,-1.0650887573964496,2.7868852459016455,
Yenişehir / Hürriyet,1+1,42800.0,04,0.0,-24.53994490358127,-24.953424657534246,
Yenişehir / Hürriyet,1.5+1,25000.0,04,0.0,,,
Yenişehir / Hürriyet,2+1,24350.0,04,0.0,1.882845188284519,-2.1105527638190953,
Yenişehir / Hürriyet,3+1,64367.441860465115,04,0.0,30.222157839411935,63.04989976957944,
Yenişehir / Hürriyet,3.5+1,48750.0,04,0.0,-2.9850746268656714,-27.0573566084788,
Yenişehir / Hürriyet,4+1,247327.35714285713,04,0.0,31.49234307092927,-12.166380637486442,
Yenişehir / Hürriyet,5+1,454000.0,04,0.0,-0.21978021978021978,7.667984189723315,
Yenişehir / Köyler,1+1,10000.0,04,0.0,0.0,0.0,
Yenişehir / Köyler,2+1,21166.666666666668,04,0.0,-4.600938967136145,-4.868913857677897,
Yenişehir / Köyler,3+1,265166.6666666667,04,0.0,1.4344915524386468,16.11927849025128,
Yenişehir / Köyler,4+1,76000.0,04,0.0,0.0,,
Yenişehir / Köyler,Stüdyo (1+0),18000.0,04,0.0,0.0,,
Yenişehir / Merkez,1+1,56346.153846153844,04,0.0,-5.034572169403638,26.620570440795156,
Yenişehir / Merkez,2+0,18000.0,04,0.0,0.0,0.0,
Yenişehir / Merkez,2+1,29000.0,04,0.0,5.898876404494389,5.087108013937277,
Yenişehir / Merkez,2.5+1,25500.0,04,0.0,-5.555555555555555,-20.3125,
Yenişehir / Merkez,3+1,41525.0,04,0.0,-37.58399646330681,-35.999546690843154,
Yenişehir / Merkez,4+1,215000.0,04,0.0,-11.945392491467572,14.973262032085561,
Yenişehir / Çiftlikköy,1+1,22193.431077694237,04,0.0,-0.1191013001604637,-1.4681020527441973,
Yenişehir / Çiftlikköy,1.5+1,15750.0,04,0.0,-4.545454545454546,-7.351124531853573,
Yenişehir / Çiftlikköy,2+1,33478.85572139303,04,0.0,-14.164071405115417,-13.53611513397254,
Yenişehir / Çiftlikköy,2.5+1,26428.571428571428,04,0.0,-4.475043029259905,-56.39956490210297,
Yenişehir / Çiftlikköy,3+1,38099.137931034486,04,0.0,-16.070528599288565,-31.990828495029533,
Yenişehir / Çiftlikköy,3.5+1,45000.0,04,0.0,12.5,,
Yenişehir / Çiftlikköy,4+1,140600.0,04,0.0,14.559699153870257,13.846153846153847,
Yenişehir / Çiftlikköy,5+1,100000.0,04,0.0,-80.95238095238095,-80.95238095238095,
Yenişehir / Çiftlikköy,Stüdyo (1+0),12750.0,04,0.0,-20.666666666666664,-19.68503937007874,
Çamlıyayla,2+1,220000.0,04,0.0,-11.11111111111111,39.24050632911392,
Çamlıyayla,3+1,278000.0,04,0.0,2.5830258302583027,1.7073170731707388,
Çamlıyayla,5+1,330000.0,04,0.0,0.0,-5.714285714285714,
Çamlıyayla / Köyler,1+1,100000.0,04,0.0,0.0,,
Çamlıyayla / Köyler,2+1,120000.0,04,0.0,,,
Çamlıyayla / Sebil,3+1,71000.0,04,0.0,0.0,,
