name,category,price
AirPods 4 Aktif Gürültü Önleme MXP93TU/A,AirPods 4,11499.0
AirPods Max Turuncu MWW73TU/A,AirPods Max,30999.0
AirPods Max 2 Gece Yarısı MHWK4TU/A,AirPods Max,35999.0
AirPods Max 2 Mavi MHWM4TU/A,AirPods Max,35999.0
AirPods Max 2 Mor MHWP4TU/A,AirPods Max,35999.0
AirPods Max 2 Turuncu MHWN4TU/A,AirPods Max,35999.0
AirPods Max 2 Yıldız Işığı MHWL4TU/A,AirPods Max,35999.0
AirPods Pro 3 MFHP4TU/A,AirPods Pro,14499.0
AirTag (2. nesil) 4’lü Paket MFEA4ZF/A,AirTag ve Aksesuarları,4999.0
AirTag (2. nesil) Tekli Paket MFE94ZF/A,AirTag ve Aksesuarları,1499.0
Satechi Vegan Deri FindAll Bavul Tag Kum ST-LFALTW,AirTag ve Aksesuarları,2599.0
Satechi Vegan Deri FindAll Bavul Tag Rose ST-LFALTR,AirTag ve Aksesuarları,2599.0
Satechi Vegan Deri FindAll Bavul Tag Siyah ST-LFALTK,AirTag ve Aksesuarları,2599.0
Satechi Vegan Deri Findall Anahtarlık Kum ST-LKCFW,AirTag ve Aksesuarları,1799.0
Satechi Vegan Deri Findall Anahtarlık Rose ST-LKCFR,AirTag ve Aksesuarları,1799.0
Satechi Vegan Deri Findall Anahtarlık Siyah ST-LKCFK,AirTag ve Aksesuarları,1799.0
Apple TV Siri Remote MW5G3TU/A,Apple TV,2999.0
Apple Watch SE 3 GPS + Cellular 40mm Yıldız Işığı Alüminyum Kasa Yıldız Işığı Spor Kordon M/L MEP74TU/A,Apple Watch SE 3,24999.0
Apple Watch SE 3 GPS + Cellular 40mm Yıldız Işığı Alüminyum Kasa Yıldız Işığı Spor Kordon S/M MEP64TU/A,Apple Watch SE 3,24999.0
Apple Watch SE 3 GPS 40mm Gece Yarısı Alüminyum Kasa Gece Yarısı Spor Kordon M/L MEHC4TU/A,Apple Watch SE 3,14399.0
Apple Watch SE 3 GPS 40mm Gece Yarısı Alüminyum Kasa Gece Yarısı Spor Kordon S/M MEH94TU/A,Apple Watch SE 3,14399.0
Apple Watch SE 3 GPS 40mm Yıldız Işığı Alüminyum Kasa Yıldız Işığı Spor Kordon M/L MEH54TU/A,Apple Watch SE 3,14399.0
Apple Watch SE 3 GPS 40mm Yıldız Işığı Alüminyum Kasa Yıldız Işığı Spor Kordon S/M MEH34TU/A,Apple Watch SE 3,14399.0
Apple Watch SE 3 GPS 44mm Gece Yarısı Alüminyum Kasa Gece Yarısı Spor Kordon M/L MEHQ4TU/A,Apple Watch SE 3,15499.0
Apple Watch SE 3 GPS 44mm Gece Yarısı Alüminyum Kasa Gece Yarısı Spor Kordon S/M MEHN4TU/A,Apple Watch SE 3,15499.0
Apple Watch SE 3 GPS 44mm Yıldız Işığı Alüminyum Kasa Yıldız Işığı Spor Kordon M/L MEHJ4TU/A,Apple Watch SE 3,15499.0
Apple Watch SE 3 GPS 44mm Yıldız Işığı Alüminyum Kasa Yıldız Işığı Spor Kordon S/M MEHG4TU/A,Apple Watch SE 3,15499.0
Apple Watch Series 11 GPS + Cellular 42mm Altın Titanyum Kasa Altın Milano Loop MF8Y4TU/A,Apple Watch Series 11,55499.0
Apple Watch Series 11 GPS + Cellular 42mm Arduvaz Titanyum Kasa Arduvaz Milano Loop MF8U4TU/A,Apple Watch Series 11,55499.0
Apple Watch Series 11 GPS + Cellular 42mm Roze Altın Alüminyum Kasa Bulut Pembesi Spor Kordon S/M MF8E4TU/A,Apple Watch Series 11,37999.0
Apple Watch Series 11 GPS + Cellular 42mm Simsiyah Alüminyum Kasa Siyah Spor Kordon M/L MF854TU/A,Apple Watch Series 11,37999.0
Apple Watch Series 11 GPS + Cellular 42mm Uzay Grisi Alüminyum Kasa Siyah Spor Kordon M/L MF8C4TU/A,Apple Watch Series 11,37999.0
Apple Watch Series 11 GPS + Cellular 46mm Altın Titanyum Kasa Altın Milano Loop M/L MFD84TU/A,Apple Watch Series 11,56999.0
Apple Watch Series 11 GPS + Cellular 46mm Altın Titanyum Kasa Bulut Pembesi Spor Kordon S/M MFD54TU/A,Apple Watch Series 11,55499.0
Apple Watch Series 11 GPS + Cellular 46mm Natürel Titanyum Kasa Natürel Milano Loop M/L MFD04TU/A,Apple Watch Series 11,56999.0
Apple Watch Series 11 GPS + Cellular 46mm Roze Altın Alüminyum Kasa Bulut Pembesi Spor Kordon S/M MFCG4TU/A,Apple Watch Series 11,39499.0
Apple Watch Series 11 GPS + Cellular 46mm Uzay Grisi Alüminyum Kasa Siyah Spor Kordon M/L MFCA4TU/A,Apple Watch Series 11,39499.0
Apple Watch Series 11 GPS 42mm Gümüş Alüminyum Kasa Sis Moru Spor Kordon M/L MEU74TU/A,Apple Watch Series 11,21799.0
Apple Watch Series 11 GPS 42mm Gümüş Alüminyum Kasa Sis Moru Spor Kordon S/M MEU64TU/A,Apple Watch Series 11,21799.0
Apple Watch Series 11 GPS 42mm Roze Altın Alüminyum Kasa Bulut Pembesi Spor Kordon M/L MEU44TU/A,Apple Watch Series 11,21799.0
Apple Watch Series 11 GPS 42mm Simsiyah Alüminyum Kasa Siyah Spor Kordon M/L MEQU4TU/A,Apple Watch Series 11,21799.0
Apple Watch Series 11 GPS 42mm Simsiyah Alüminyum Kasa Siyah Spor Kordon S/M MEQT4TU/A,Apple Watch Series 11,21799.0
Apple Watch Series 11 GPS 42mm Uzay Grisi Alüminyum Kasa Siyah Spor Kordon M/L MEQX4TU/A,Apple Watch Series 11,21799.0
Apple Watch Series 11 GPS 42mm Uzay Grisi Alüminyum Kasa Siyah Spor Kordon S/M MEQW4TU/A,Apple Watch Series 11,21799.0
Apple Watch Series 11 GPS 46mm Gümüş Alüminyum Kasa Sis Moru Spor Kordon M/L MEVA4TU/A,Apple Watch Series 11,22999.0
Apple Watch Series 11 GPS 46mm Gümüş Alüminyum Kasa Sis Moru Spor Kordon S/M MEV94TU/A,Apple Watch Series 11,22999.0
Apple Watch Series 11 GPS 46mm Roze Altın Alüminyum Kasa Bulut Pembesi Spor Kordon M/L MEV74TU/A,Apple Watch Series 11,22999.0
Apple Watch Series 11 GPS 46mm Roze Altın Alüminyum Kasa Bulut Pembesi Spor Kordon S/M MEV64TU/A,Apple Watch Series 11,22999.0
Apple Watch Series 11 GPS 46mm Simsiyah Alüminyum Kasa Siyah Spor Kordon M/L MEUX4TU/A,Apple Watch Series 11,22999.0
Apple Watch Series 11 GPS 46mm Simsiyah Alüminyum Kasa Siyah Spor Kordon S/M MEUW4TU/A,Apple Watch Series 11,22999.0
Apple Watch Series 11 GPS 46mm Uzay Grisi Alüminyum Kasa Siyah Spor Kordon M/L MEV44TU/A,Apple Watch Series 11,22999.0
Apple Watch Series 11 GPS 46mm Uzay Grisi Alüminyum Kasa Siyah Spor Kordon S/M MEV04TU/A,Apple Watch Series 11,22999.0
Apple Watch Ultra 3 GPS + Cellular 49mm Siyah Titanyum Kasa Siyah/Kömür Trail Loop M/L MF1H4TU/A,Apple Watch Ultra 3,58999.0
Kioxia Exceria Plus G2 1 TB Taşınabilir SSD LXD20K001TG8,Depolama,7539.0
Kioxia Exceria Plus G2 2 TB Taşınabilir SSD LXD20K002TG8,Depolama,14139.0
LaCie 1big Dock 16TB Harici HDD STHS16000800,Depolama,2100.0
LaCie 2big Dock Thunderbolt 3 20TB Harici HDD STLG20000400,Depolama,2800.0
LaCie 2big Dock Thunderbolt 3 28TB Harici HDD STLG28000400,Depolama,2900.0
LaCie 2big Dock Thunderbolt 3 32TB Harici HDD STLG32000400,Depolama,3300.0
LaCie 2big Dock Thunderbolt 3 36TB Harici HDD STLG36000400,Depolama,3700.0
LaCie 2big RAID 28TB Harici HDD STHJ28000800,Depolama,2800.0
LaCie 2big RAID 48TB Harici HDD STHJ48000800,Depolama,4000.0
LaCie Mobile Drive USB-C Silver 2TB Taşınabilir Harici Hard Disk STLP2000400,Depolama,350.0
LaCie Mobile Drive USB-C Silver 4 TB Taşınabilir Harici Hard Disk STLP4000400,Depolama,500.0
LaCie Mobile Drive USB-C Silver 5 TB Taşınabilir Harici Hard Disk STLP5000400,Depolama,600.0
LaCie Mobile Drive USB-C SpaceGrey 4TB Taşınabilir Harici Hard Disk STLR4000400,Depolama,600.0
LaCie Rugged Mini SSD 4TB Taşınabilir Harici SSD STMF4000400,Depolama,1500.0
LaCie Rugged Mini USB 3.0 2TB Taşınabilir Harici Hard Disk LAC9000298,Depolama,350.0
LaCie Rugged USB-C 2TB Taşınabilir Harici Hard Disk STFR2000800,Depolama,400.0
LaCie Rugged USB-C 4TB Taşınabilir Harici Hard Disk STFR4000800,Depolama,650.0
LaCie d2 Professional 14TB Harici HDD STHA14000800,Depolama,1300.0
LaCie d2 Professional 16TB Harici HDD STHA16000800,Depolama,1400.0
LaCie d2 Professional 20TB Harici HDD STHA20000800,Depolama,2500.0
LaCie d2 Professional 24TB Harici HDD STHA24000800,Depolama,2000.0
LaCie d2 Professional 4TB Harici HDD STHA4000800,Depolama,650.0
LaCie d2 Professional 8TB Harici HDD STHA8000800,Depolama,900.0
SanDisk iXpand Flash Drive Luxe 32GB SDIX90N-032G-GN6NN,Depolama,399.0
Apple Watch Manyetik Hızlı Şarj Aygıtı – USB‑C Kablosu (1 m) MT0H3ZM/A,Güç Aksesuarları,1299.0
Beats USB-A – USB-C Örgülü Kısa Kablo (20 cm) Jet Siyah MEQL4EE/A,Güç Aksesuarları,599.0
Beats USB-A – USB-C Örgü Kablo (1.5 m) Granit Beji MDGJ4EE/A,Güç Aksesuarları,599.0
Beats USB-A – USB-C Örgü Kablo (1.5 m) Jet Siyah MDGG4EE/A,Güç Aksesuarları,599.0
Beats USB-C – Lightning Örgülü Kısa Kablo (20 cm) Jet Siyah MEQM4EE/A,Güç Aksesuarları,599.0
Beats USB-C – Lightning Örgü Kablo (1.5 m) Ateş Kırmızısı MFEH4EE/A,Güç Aksesuarları,599.0
Beats USB-C – Lightning Örgü Kablo (1.5 m) Granit Beji MDGL4EE/A,Güç Aksesuarları,599.0
Beats USB-C – Lightning Örgü Kablo (1.5 m) Jet Siyah MDGK4EE/A,Güç Aksesuarları,599.0
Beats USB-C – USB-C 240W Örgü Kablo (3 m) Ateş Kırmızısı MHX94EE/A,Güç Aksesuarları,999.0
Beats USB-C – USB-C 240W Örgü Kablo (3 m) Granit Beji MHX74EE/A,Güç Aksesuarları,999.0
Beats USB-C – USB-C 240W Örgü Kablo (3 m) Jet Siyah MHX64EE/A,Güç Aksesuarları,999.0
Beats USB-C – USB-C 240W Örgü Kablo (3 m) Lazer Lacivert MHX84EE/A,Güç Aksesuarları,999.0
Beats USB-C – USB-C Örgü Kablo (1.5 m) Ateş Kırmızısı MDGF4EE/A,Güç Aksesuarları,599.0
Beats USB-C – USB-C Örgü Kablo (1.5 m) Granit Beji MDGD4EE/A,Güç Aksesuarları,599.0
Beats USB-C – USB-C Örgü Kablo (1.5 m) Jet Siyah MDGA4EE/A,Güç Aksesuarları,599.0
Beats İkili Paket USB-A – USB-C Örgü Kablo (1.5 m) Jet Siyah MDGH4EE/A,Güç Aksesuarları,999.0
Beats İkili Paket USB-C – USB-C Örgü Kablo (1.5 m) Jet Siyah MDGC4EE/A,Güç Aksesuarları,999.0
Belkin Router Travel Dual-Band F9K1107AS,Güç Aksesuarları,2099.0
MagSafe Şarj Aygıtı (1 m) MGD74TU/A,Güç Aksesuarları,1999.0
MagSafe Şarj Aygıtı (2 m) MGDM4TU/A,Güç Aksesuarları,2649.0
Magsafe Slim Powerbank 5000 Mah Siyah TG-P37/S,Güç Aksesuarları,2229.0
Mophie 3’ü 1 Arada Seyahat Şarj Cihazı (2. nesil) 401312330,Güç Aksesuarları,6999.0
Mophie MagSafe 15W Kablosuz Şarj Standı 401314108,Güç Aksesuarları,6999.0
Mophie UNV BTRY Qi2 Powerstation Mini 5k FG Siyah 401118248,Güç Aksesuarları,2499.0
Mophie UNV BTRY Qi2 Powerstation Mini Stand 5k FG Siyah 401118249,Güç Aksesuarları,2799.0
Qgeem Extension 100W 4K 1 Metre Type-C Uzatma Kablosu 6974393005857,Güç Aksesuarları,399.0
Satechi OntheGo Crossbody Lanyard Kablo Rose ST-LOTGLR,Güç Aksesuarları,1799.0
Satechi OntheGo Crossbody Lanyard Kablo Siyah ST-LOTGLK,Güç Aksesuarları,1499.0
iPhone Air MagSafe Pil MGPG4TU/A,Güç Aksesuarları,5499.0
HomePod Beyaz MQJ83D/A,HomePod,19499.0
HomePod Gece Yarısı MQJ73D/A – MDEW4TU/A,HomePod,19499.0
HomePod mini Gece Yarısı MTJT3TU/A,HomePod Mini,7499.0
Beats Flex Tüm Gün Kablosuz Kulaklık Alev Mavisi MYMG2EE/A,Kulaklıklar ve Hoparlörler,2699.0
Beats Flex Tüm Gün Kablosuz Kulaklık Beats Siyahı MYMC2EE/A,Kulaklıklar ve Hoparlörler,2699.0
Beats Flex Tüm Gün Kablosuz Kulaklık Duman Grisi MYME2EE/A,Kulaklıklar ve Hoparlörler,2699.0
Beats Flex Tüm Gün Kablosuz Kulaklık Yuzu Sarısı MYMD2EE/A,Kulaklıklar ve Hoparlörler,2699.0
Beats Pill Kablosuz Bluetooth Hoparlör Altın Şampanya MW463EE/A,Kulaklıklar ve Hoparlörler,5499.0
Beats Pill Kablosuz Bluetooth Hoparlör Derin Kırmızı MWQW3EE/A,Kulaklıklar ve Hoparlörler,5699.0
Beats Pill Kablosuz Bluetooth Hoparlör Mat Siyah MW443EE/A,Kulaklıklar ve Hoparlörler,5499.0
Beats Solo 4 Kulak Üstü Kablosuz Kulaklık Arduvaz Mavisi MUW43EE/A,Kulaklıklar ve Hoparlörler,7999.0
Beats Solo 4 Kulak Üstü Kablosuz Kulaklık Bulut Pembesi MUW33EE/A,Kulaklıklar ve Hoparlörler,7999.0
Beats Solo 4 Kulak Üstü Kablosuz Kulaklık Mat Siyah MUW23EE/A,Kulaklıklar ve Hoparlörler,7999.0
Beats Solo Buds – True Wireless Earbuds  Arktik Mor MUVX3EE/A,Kulaklıklar ve Hoparlörler,2999.0
Beats Solo Buds – True Wireless Earbuds Fırtına Grisi MUVY3EE/A,Kulaklıklar ve Hoparlörler,2999.0
Beats Solo Buds – True Wireless Earbuds Şeffaf Kırmızı MUW03EE/A,Kulaklıklar ve Hoparlörler,2999.0
Beats Solo Buds – True Wireless Earbuds – Mat Siyah MUVW3EE/A,Kulaklıklar ve Hoparlörler,2999.0
Beats Studio Buds + Krem MQLJ3EE/A,Kulaklıklar ve Hoparlörler,6999.0
Beats Studio Buds + Siyah/Altın MQLH3EE/A,Kulaklıklar ve Hoparlörler,6999.0
Beats Studio Buds + Şeffaf MQLK3EE/A,Kulaklıklar ve Hoparlörler,6999.0
Beats Studio Pro Wireless Kulaklık Koyu Kahve MQTT3EE/A,Kulaklıklar ve Hoparlörler,11999.0
Beats Studio Pro Wireless Kulaklık Kum Taşı MQTR3EE/A,Kulaklıklar ve Hoparlörler,11999.0
Beats Studio Pro Wireless Kulaklık Lacivert MQTQ3EE/A,Kulaklıklar ve Hoparlörler,11999.0
Beats Studio Pro Wireless Kulaklık Siyah MQTP3EE/A,Kulaklıklar ve Hoparlörler,11999.0
EarPods 3.5 mm Kulaklık Jakı MWU53TU/A,Kulaklıklar ve Hoparlörler,899.0
EarPods Lightning Kablolu Kulaklık MWTY3TU/A,Kulaklıklar ve Hoparlörler,899.0
JBL Tune 520BT Multi Connect Kablosuz Kulaklık Siyah JBLT520BTBLKEU,Kulaklıklar ve Hoparlörler,1999.0
Logitech H570E Stereo Type-C Kablolu Çağrı Merkezi Kulaklığı 981-001431,Kulaklıklar ve Hoparlörler,2199.0
Powerbeats Fit Kablosuz Gürültü Önleyici Kulaklık Kıvılcım Turuncu ME2M4EE/A,Kulaklıklar ve Hoparlörler,7999.0
Powerbeats Fit Kablosuz Gürültü Önleyici Kulaklık Power Pembe ME2L4EE/A,Kulaklıklar ve Hoparlörler,7999.0
Powerbeats Fit Kablosuz Gürültü Önleyici Kulaklık Simsiyah ME2J4EE/A,Kulaklıklar ve Hoparlörler,7999.0
Powerbeats Fit Kablosuz Gürültü Önleyici Kulaklık Çakıl Grisi ME2K4EE/A,Kulaklıklar ve Hoparlörler,7999.0
Powerbeats Pro 2 Yüksek Performanslı Kulaklık Elektrik Turuncusu MX743EE/A,Kulaklıklar ve Hoparlörler,9999.0
Powerbeats Pro 2 Yüksek Performanslı Kulaklık Kum Grisi MX733EE/A,Kulaklıklar ve Hoparlörler,9999.0
Powerbeats Pro 2 Yüksek Performanslı Kulaklık Simsiyah MX723EE/A,Kulaklıklar ve Hoparlörler,9999.0
Powerbeats Pro 2 Yüksek Performanslı Kulaklık Ultra Mor MX753EE/A,Kulaklıklar ve Hoparlörler,9999.0
VT5009 Usb Duo 6974407090312,Kulaklıklar ve Hoparlörler,2200.0
Beats iPhone 17 Pro MagSafe Özellikli ve Kamera Denetimi Düğmeli Kılıf Kalker Beji MGKE4LL/A,Kılıflar ve Koruyucu Ürünler,1799.0
Beats iPhone 17e MagSafe Kılıf Kalker Beji MHR24LL/A,Kılıflar ve Koruyucu Ürünler,1799.0
Beats iPhone 17e MagSafe Kılıf Ana Kaya Mavisi MHR34LL/A,Kılıflar ve Koruyucu Ürünler,1799.0
Satechi Vegan Deri Manyetik Cüzdan Standı Açık Mavi AP-MWSB,Kılıflar ve Koruyucu Ürünler,1999.0
Satechi Vegan Deri Manyetik Cüzdan Standı Kahverengi ST-VLWN,Kılıflar ve Koruyucu Ürünler,1999.0
Satechi Vegan Deri Manyetik Cüzdan Standı Mavi ST-VLWB,Kılıflar ve Koruyucu Ürünler,1999.0
Satechi Vegan Deri Manyetik Cüzdan Standı Rose ST-VLWR,Kılıflar ve Koruyucu Ürünler,1999.0
Satechi Vegan Deri Manyetik Cüzdan Standı Turuncu ST-VLWO,Kılıflar ve Koruyucu Ürünler,1999.0
140W USB-C Güç Adaptörü MW2M3TU/A,Mac Aksesuarları,4999.0
240W USB-C Şarj Kablosu (2 m) MYQT3ZM/A,Mac Aksesuarları,1399.0
35W Çift USB-C Bağlantı Noktalı Güç Adaptörü MW2K3TU/A,Mac Aksesuarları,3099.0
70W USB-C Güç Adaptörü MXN53TU/A,Mac Aksesuarları,3099.0
96W USB-C Güç Adaptörü MW2L3TU/A,Mac Aksesuarları,4099.0
Herschel Anchor 15 / 16 inç Uyumlu Gri MacBook iPad Kılıfı 30062-00919,Mac Aksesuarları,2649.0
Herschel Anchor 15 / 16 inç Uyumlu Pembe MacBook iPad Kılıfı 30062-02077,Mac Aksesuarları,2649.0
Herschel Classic XL 15 / 16 inç Uyumlu Pembe Sırt Çantası 11015-02077,Mac Aksesuarları,3299.0
Herschel Classic XL 15 / 16 inç Uyumlu Yeşil Sırt Çantası 11446-06555,Mac Aksesuarları,5699.0
Herschel Denman 13 / 14 inç Uyumlu Yeşil MacBook iPad Kılıfı 30106-04281,Mac Aksesuarları,3199.0
Herschel Denman 15 / 16 inç Uyumlu Lacivert MacBook iPad Kılıfı 30105-05854,Mac Aksesuarları,2999.0
Herschel Denman 15 / 16 inç Uyumlu Pembe MacBook iPad Kılıfı 30105-04044,Mac Aksesuarları,3199.0
Herschel Denman 15 / 16 inç Uyumlu Siyah MacBook iPad Kılıfı 30105-00001,Mac Aksesuarları,3499.0
Herschel Denman 15 / 16 inç Uyumlu Yeşil MacBook iPad Kılıfı 30105-04281,Mac Aksesuarları,2999.0
Herschel Pop Quiz 15 / 16 inç Yeşil Sırt Çantası 11405-06569,Mac Aksesuarları,4229.0
Herschel Retreat 13 / 14 inç Uyumlu Küçük Boy Pembe Sırt Çantası 11400-06570,Mac Aksesuarları,3499.0
Herschel Retreat 15 / 16 inç Uyumlu Bordo Sırt Çantası 11397-06501,Mac Aksesuarları,4799.0
Herschel Settlement 15 / 16 inç Uyumlu Turuncu Sırt Çantası 11407-06180,Mac Aksesuarları,3499.0
Magic Keyboard Türkçe F Klavye MXCL3TU/A,Mac Aksesuarları,4999.0
Magic Keyboard Türkçe Q Klavye MXCL3TQ/A,Mac Aksesuarları,4999.0
Magic Mouse (USB-C) Multi-Touch Yüzey Beyaz MXK53ZE/A,Mac Aksesuarları,3999.0
Magic Mouse (USB-C) Multi-Touch Yüzey Siyah MXK63ZE/A,Mac Aksesuarları,4999.0
Magic Trackpad USB-C Beyaz Multi-Touch Yüzey MXK93ZE/A,Mac Aksesuarları,6499.0
Magic Trackpad USB-C Siyah Multi-Touch Yüzey MXKA3ZE/A,Mac Aksesuarları,7499.0
Mophie Charge Stream Güç Kablosu 60W USB-C to USB-C Beyaz 1M 409912826,Mac Aksesuarları,699.0
Mophie Charge Stream Güç Kablosu 60W USB-C to USB-C Beyaz 2M 409912828,Mac Aksesuarları,799.0
Mophie Charge Stream Güç Kablosu 60W USB-C to USB-C Siyah 1M 409912825,Mac Aksesuarları,699.0
Mophie Essentials Güç Kablosu 60W USB-C to Lightning Beyaz 1M 409911862,Mac Aksesuarları,699.0
Mophie Essentials Güç Kablosu 60W USB-C to USB-C Beyaz (1M) 409913177,Mac Aksesuarları,599.0
Mophie Güç Adaptörü GaN 30W USB-C 409908422,Mac Aksesuarları,999.0
Mophie Speedport Güç Adaptörü Gan 120W 3xUSB-C & USB-A 409909309,Mac Aksesuarları,3999.0
Mophie Speedport Güç Adaptörü Gan 45W 2xUSB-C 409909299,Mac Aksesuarları,1999.0
Mophie Speedport Güç Adaptörü Gan 67W 2xUSB-C 409909304,Mac Aksesuarları,2299.0
Satechi 4 in 1 USB-C Hub 2.5Gbit Ethernet Uzay Grisi ST-H3C25EM,Mac Aksesuarları,2699.0
Satechi 4 in 1 USB-C Slim Multiport Adaptör 4K Siyah ST-P4SK,Mac Aksesuarları,2999.0
Satechi 7 in 1 USB-C Slim Multiport Adaptör Ethernet Gümüş ST-P7SS,Mac Aksesuarları,3699.0
Satechi 7 in 1 USB-C Slim Multiport Adaptör Ethernet Siyah ST-P7SK,Mac Aksesuarları,3799.0
Satechi 8K HDMI Kablo 2M Uzay Grisi ST-8KHC2MM,Mac Aksesuarları,1499.0
Satechi Alüminyum Type-C to USB 3.0 Adaptör ST-TCUAM,Mac Aksesuarları,899.0
Satechi C1 Kablolu Mouse Uzay Grisi ST-AWUCMM,Mac Aksesuarları,1299.0
Satechi Dual Dikey Stand Uzay Grisi ST-ADVSM,Mac Aksesuarları,1999.0
Satechi Eco Sert Kılıf MacBook Air M2 ST-MBAM2CL,Mac Aksesuarları,1599.0
Satechi Eco Sert Kılıf MacBook Pro 14 ST-MBP14CL,Mac Aksesuarları,1599.0
Satechi Extended Keypad Gümüş ST-XLABKS,Mac Aksesuarları,2399.0
Satechi M1 Bluetooth Kablosuz Mouse Altın ST-ABTCMG,Mac Aksesuarları,1599.0
Satechi M1 Bluetooth Kablosuz Mouse Gümüş ST-ABTCMS,Mac Aksesuarları,1599.0
Satechi M1 Bluetooth Kablosuz Mouse Mavi ST-ABTCMB,Mac Aksesuarları,1599.0
Satechi M1 Bluetooth Kablosuz Mouse Uzay Grisi ST-ABTCMM,Mac Aksesuarları,1599.0
Satechi Mac Mini M4 Stand & Hub SSD Gümüş ST-GNMMES,Mac Aksesuarları,6799.0
Satechi Mac Mini Stand & Hub NVMe SSD Gümüş ST-GMMSHS,Mac Aksesuarları,6399.0
Satechi Mac Mini Stand & Hub Uzay Grisi ST-ABHFM,Mac Aksesuarları,3999.0
Satechi Mini NVMe SSD Uzay Grisi ST-E2230M,Mac Aksesuarları,2999.0
Satechi OntheGo 7 in 1 USB-C Slim Multiport Adaptör ST-POTG7C,Mac Aksesuarları,2999.0
Satechi OntheGo Klavye EN Kum Rengi ST-KOTGW-EN,Mac Aksesuarları,4299.0
Satechi OntheGo Klavye EN Siyah ST-KOTGK-EN,Mac Aksesuarları,4299.0
Satechi OntheGo Mouse Kum Rengi ST-MOTGW,Mac Aksesuarları,1599.0
Satechi R1 Bluetooth Sunum Kumandası Uzay Grisi ST-BTPR1M,Mac Aksesuarları,2499.0
Satechi ReadMate LED Desktop Büyüteç Siyah ST-LEDM5XK,Mac Aksesuarları,1499.0
Satechi SM1 Slim Backlit Bluetooth Klavye EN Beyaz ST-KSM1LT-EN,Mac Aksesuarları,5999.0
Satechi SM1 Slim Mechan Backlit Bluetooth Klavye EN Siyah ST-KSM1DK-EN,Mac Aksesuarları,5999.0
Satechi SM3 Slim Mechani Backlit Bluetooth Klavye EN Beyaz ST-KSM3LT-EN,Mac Aksesuarları,6599.0
Satechi SM3 Slim Mechani Backlit Bluetooth Klavye EN Siyah ST-KSM3DK-EN,Mac Aksesuarları,6599.0
Satechi Slim Dock iMac Gümüş ST-UCISDS,Mac Aksesuarları,6499.0
Satechi Slim W1 USB-C Kablolu Klavye EN Uzay Grisi ST-UCSW1M,Mac Aksesuarları,2999.0
Satechi Slim W3 USB-C Kablolu Klavye EN Uzay Grisi ST-UCSW3M,Mac Aksesuarları,3399.0
Satechi Slim X1 Bluetooth Klavye EN Gümüş ST-BTSX1S,Mac Aksesuarları,3399.0
Satechi Slim X1 Bluetooth Klavye EN Uzay Grisi ST-BTSX1M,Mac Aksesuarları,3399.0
Satechi Slim X2 Bluetooth Klavye EN Uzay Grisi ST-BTSX2M,Mac Aksesuarları,3899.0
Satechi Slim X3 Bluetooth Klavye EN Uzay Grisi ST-BTSX3M,Mac Aksesuarları,4399.0
Satechi Triple 4K Display Docking Station EU Uzay Grisi ST-D4KTM-EU,Mac Aksesuarları,17999.0
Satechi Type-A to Type-C Adaptör Uzay Grisi ST-TAUCM,Mac Aksesuarları,399.0
Satechi Type-C to Gigabit Ethernet Adaptör Uzay Grisi ST-TCENM,Mac Aksesuarları,1399.0
Satechi Type-C to HDMI Adaptör 4K 60Hz Uzay Grisi ST-TC4KHAM,Mac Aksesuarları,1599.0
Satechi USB-4 C- C Kablo 25 cm Uzay Grisi ST-U4C25M,Mac Aksesuarları,1199.0
Satechi USB-C Clamp Hub for 24 inc iMac Gümüş ST-UCICHS,Mac Aksesuarları,2999.0
Satechi USB-C MultiPort Adaptör 8K Ethernet V3 Gece Yarısı ST-P8KED,Mac Aksesuarları,5399.0
Satechi USB-C MultiPort Adaptör 8K Ethernet V3 Uzay Grisi ST-P8KEM,Mac Aksesuarları,5399.0
Satechi USB-C Multiport MX Uzay Grisi ST-UCMXAM,Mac Aksesuarları,8799.0
Satechi USB-C Pro Hub Slim Gece Yarısı ST-HUCPHSD,Mac Aksesuarları,3699.0
Satechi USB-C to HDMI 2.1 8K Adaptör Uzay Grisi ST-AC8KHM,Mac Aksesuarları,2399.0
Satechi USB-C to USB 3.0 Adaptör Kablo Uzay Grisi ST-UCATCM,Mac Aksesuarları,799.0
Satechi USB-C to USB-C Kablo 2 m Uzay Grisi ST-TCC2MM,Mac Aksesuarları,999.0
Satechi USB4 NVMe SSD Pro Uzay Grisi ST-EU4NPM,Mac Aksesuarları,5999.0
Satechi USB4 Pro Kablo 1.2 m Uzay Grisi ST-YU4120K,Mac Aksesuarları,1599.0
Satechi USB4 Slim NVMe SSD Gümüş ST-EU4SNSS,Mac Aksesuarları,5999.0
Satechi Vegan Deri Premium Masa Pad Kahverengi ST-LPDMN,Mac Aksesuarları,1899.0
Satechi Vegan Deri Premium Masa Pad Mavi ST-LPDMB,Mac Aksesuarları,1899.0
Satechi Vegan Deri Premium Masa Pad Siyah ST-LPDMK,Mac Aksesuarları,1899.0
Satechi Vegan Deri Premium Mouse Pad Kahverengi ST-LMPN,Mac Aksesuarları,899.0
Satechi Vegan Deri Premium Mouse Pad Mavi ST-LMPB,Mac Aksesuarları,899.0
Satechi Vegan Deri Premium Mouse Pad Siyah ST-LMPK,Mac Aksesuarları,899.0
Thunderbolt 3 (USB-C) – Thunderbolt 2 Adaptörü MYH93ZM/A,Mac Aksesuarları,2599.0
Thunderbolt 4 (USB-C) Pro Kablo (1.8 m) MW5J3ZM/A,Mac Aksesuarları,6799.0
Thunderbolt 5 (USB-C) Pro Kablo (1 m) MDW94ZM/A,Mac Aksesuarları,3499.0
Thunderbolt – Gigabit Ethernet Çevirici MD463ZM/A,Mac Aksesuarları,899.0
Touch ID özellikli Magic Keyboard Türkçe F Klavye MXCK3TU/A,Mac Aksesuarları,6299.0
Touch ID özellikli Magic Keyboard Türkçe Q Klavye MXCK3TQ/A,Mac Aksesuarları,7499.0
Touch ID özellikli ve Sayısal Tuş Takımlı Magic Keyboard Türkçe F Klavye Beyaz Tuşlar MXK73TU/A,Mac Aksesuarları,8999.0
Touch ID özellikli ve Sayısal Tuş Takımlı Magic Keyboard Türkçe F Klavye Siyah Tuşlar MXK83TU/A,Mac Aksesuarları,9499.0
Touch ID özellikli ve Sayısal Tuş Takımlı Magic Keyboard Türkçe Q Klavye Beyaz Tuşlar MXK73TQ/A,Mac Aksesuarları,8999.0
Touch ID özellikli ve Sayısal Tuş Takımlı Magic Keyboard Türkçe Q Klavye Siyah Tuşlar MXK83TQ/A,Mac Aksesuarları,9499.0
USB-C Dijital AV Çoklu Bağlantı Noktası Adaptörü MW5M3ZM/A,Mac Aksesuarları,3799.0
USB-C – 3.5 mm Kulaklık Jakı Adaptörü MW2Q3ZM/A,Mac Aksesuarları,399.0
USB-C – MagSafe 3 Kablosu (2 m) Gümüş MW613ZM/A,Mac Aksesuarları,2499.0
XD Design Bobby Edge 15 / 16 inç Uyumlu Anti-Theft Beyaz Sırt Çantası P706.2503,Mac Aksesuarları,6499.0
XD Design Bobby Hero Regular 15 / 16 inç Uyumlu Anti-Theft Siyah Sırt Çantası P705.291,Mac Aksesuarları,5999.0
XD Design Bobby Hero Regular 15.6 inç Uyumlu Sırt Çantası Mavi P705.299,Mac Aksesuarları,5999.0
XD Design Bobby Soft 15 / 16 inç Uyumlu Anti-Theft Gri Sırt Çantası P705.993,Mac Aksesuarları,3999.0
XD Design Bobby Soft 15 / 16 inç Uyumlu Anti-Theft Lacivert Sırt Çantası P705.795,Mac Aksesuarları,3999.0
XD Design Bobby Soft 15.6 inç Uyumlu Sırt Çantası Grafit P705.868,Mac Aksesuarları,4499.0
XD Design Bobby Soft 15.6 inç Uyumlu Sırt Çantası Multicolor P705.865,Mac Aksesuarları,4499.0
XD Design Bobby Soft Daypack 15 / 16 inç Uyumlu Anti-Theft Lacivert Sırt Çantası P705.985,Mac Aksesuarları,5499.0
XD Design Bobby Soft Daypack 15 / 16 inç Uyumlu Anti-Theft Yeşil Sırt Çantası P705.987,Mac Aksesuarları,5499.0
Zagg 4-Port USB-C Hub – Kablosuz Şarj Destekli Çoğaltıcı 109816213,Mac Aksesuarları,3499.0
Zagg Kablolu Klavye & Mouse Set (USB-C) 103219794,Mac Aksesuarları,4499.0
iPro MacBook Pro 16 inç Sert MacBook Kılıfı Gri 8682320020887,Mac Aksesuarları,1199.0
Şarj Adaptörü MagSafe2 85W MD506TU/A,Mac Aksesuarları,1999.0
"Asus ProArt PA24ACRV 23.8 inç 75Hz 5ms 2K (2560×1440) IPS Pivot, Daisy Chaining Monitör",Mac Ekranlar,21299.0
Asus ProArt PA27JCV 27 inç 60Hz 5ms 5K (5120×2880) IPS LED Pivot Monitör,Mac Ekranlar,39999.0
Asus ProArt PA329CRV 32 inç 60Hz 5ms 4K (3840×2160) IPS Pivot Monitör,Mac Ekranlar,40599.0
Asus ProArt PA32UCDM 32 inç 240Hz 0.1ms 4K (3840×2160) OLED Monitör,Mac Ekranlar,81599.0
Studio Display Nano-Texture Cam Eğim Ayarlı Stand MFF14TU/A,Mac Ekranlar,105999.0
Studio Display Nano-Texture Cam Eğim ve Yükseklik Ayarlı Stand MFF04TU/A,Mac Ekranlar,128999.0
Mac mini M4 Pro 14CPU 20GPU 48GB 1TB Z1JV000XA,Mac mini,169999.0
MacBook Air 13 inc M4 10CPU 8GPU 16GB 256GB Gök Mavisi MC6T4TU/A,MacBook Air,57999.0
MacBook Air 13 inc M5 10CPU 10GPU 16GB 1TB Gece Yarısı MDHF4TU/A,MacBook Air,79999.0
MacBook Air 13 inc M5 10CPU 10GPU 16GB 1TB Gök Mavisi MDHJ4TU/A,MacBook Air,79999.0
MacBook Air 13 inc M5 10CPU 10GPU 16GB 1TB Gümüş MDH84TU/A,MacBook Air,81999.0
MacBook Air 13 inc M5 10CPU 10GPU 16GB 1TB Yıldız Işığı MDHC4TU/A,MacBook Air,81999.0
MacBook Air 13 inc M5 10CPU 10GPU 24GB 1TB Gök Mavisi MDHK4TU/A,MacBook Air,95999.0
MacBook Air 13 inc M5 10CPU 10GPU 24GB 1TB Gümüş MDH94TU/A,MacBook Air,95999.0
MacBook Air 13 inc M5 10CPU 10GPU 24GB 1TB Yıldız Işığı MDHD4TU/A,MacBook Air,95999.0
MacBook Air 13 inc M5 10CPU 10GPU 32GB 1TB Gece Yarısı Z1L8000H1,MacBook Air,111299.0
MacBook Air 13 inc M5 10CPU 10GPU 32GB 1TB Gümüş Z1L2000H1,MacBook Air,111999.0
MacBook Air 13 inc M5 10CPU 10GPU 32GB 1TB Yıldız Işığı Z1L5000H1,MacBook Air,111999.0
MacBook Air 13 inc M5 10CPU 8GPU 16GB 512GB Gece Yarısı MDHE4TU/A,MacBook Air,69999.0
MacBook Air 13 inc M5 10CPU 8GPU 16GB 512GB Gök Mavisi MDHH4TU/A,MacBook Air,69999.0
MacBook Air 13 inc M5 10CPU 8GPU 16GB 512GB Gümüş MDH74TU/A,MacBook Air,69999.0
MacBook Air 13 inc M5 10CPU 8GPU 16GB 512GB Yıldız Işığı MDHA4TU/A,MacBook Air,69999.0
MacBook Air 13.6 inc M2 8CPU 8GPU 16GB 256GB Gece Yarısı MC7X4TU/A,MacBook Air,44999.0
MacBook Air 13.6 inc M2 8CPU 8GPU 16GB 256GB Yıldız Işığı MC7W4TU/A,MacBook Air,44999.0
MacBook Air 15 inc M4 10CPU 10GPU 24GB 512GB Yıldız Işığı MC6K4TU/A,MacBook Air,73999.0
MacBook Air 15 inc M5 10CPU 10GPU 16GB 1TB Gece Yarısı MDVK4TU/A,MacBook Air,93999.0
MacBook Air 15 inc M5 10CPU 10GPU 16GB 1TB Gök Mavisi MDVT4TU/A,MacBook Air,93999.0
MacBook Air 15 inc M5 10CPU 10GPU 16GB 1TB Gümüş MDVA4TU/A,MacBook Air,93999.0
MacBook Air 15 inc M5 10CPU 10GPU 16GB 1TB Yıldız Işığı MDVE4TU/A,MacBook Air,93999.0
MacBook Air 15 inc M5 10CPU 10GPU 16GB 512GB Gece Yarısı MDVH4TU/A,MacBook Air,78999.0
MacBook Air 15 inc M5 10CPU 10GPU 16GB 512GB Gök Mavisi MDVQ4TU/A,MacBook Air,78999.0
MacBook Air 15 inc M5 10CPU 10GPU 16GB 512GB Yıldız Işığı MDVD4TU/A,MacBook Air,78999.0
MacBook Air 15 inc M5 10CPU 10GPU 24GB 1TB Gece Yarısı MDVN4TU/A,MacBook Air,104999.0
MacBook Air 15 inc M5 10CPU 10GPU 24GB 1TB Gök Mavisi MDVU4TU/A,MacBook Air,104999.0
MacBook Air 15 inc M5 10CPU 10GPU 24GB 1TB Yıldız Işığı MDVF4TU/A,MacBook Air,104999.0
MacBook Neo 13 inc A18 Pro 6CPU 5GPU 8GB 256GB Gümüş MHFA4TU/A,MacBook Neo,29999.0
MacBook Neo 13 inc A18 Pro 6CPU 5GPU 8GB 256GB Gümüş Z1TN00057,MacBook Neo,36499.0
MacBook Neo 13 inc A18 Pro 6CPU 5GPU 8GB 256GB Indigo MHFF4TU/A,MacBook Neo,29999.0
MacBook Neo 13 inc A18 Pro 6CPU 5GPU 8GB 256GB Indigo Z1TS0006C,MacBook Neo,36499.0
MacBook Neo 13 inc A18 Pro 6CPU 5GPU 8GB 256GB Pastel Pembe MHFH4TU/A,MacBook Neo,29999.0
MacBook Neo 13 inc A18 Pro 6CPU 5GPU 8GB 256GB Pastel Pembe Z1TU0005M,MacBook Neo,36499.0
MacBook Neo 13 inc A18 Pro 6CPU 5GPU 8GB 256GB Puslu Sarı MHFD4TU/A,MacBook Neo,29999.0
MacBook Neo 13 inc A18 Pro 6CPU 5GPU 8GB 256GB Puslu Sarı Z1TQ00051,MacBook Neo,36499.0
MacBook Neo 13 inc A18 Pro 6CPU 5GPU 8GB 512GB Gümüş MHFC4TU/A,MacBook Neo,34999.0
MacBook Neo 13 inc A18 Pro 6CPU 5GPU 8GB 512GB Gümüş Z1TP0006N,MacBook Neo,41499.0
MacBook Neo 13 inc A18 Pro 6CPU 5GPU 8GB 512GB Indigo MHFG4TU/A,MacBook Neo,34999.0
MacBook Neo 13 inc A18 Pro 6CPU 5GPU 8GB 512GB Indigo Z1TT00057,MacBook Neo,41499.0
MacBook Neo 13 inc A18 Pro 6CPU 5GPU 8GB 512GB Pastel Pembe MHFJ4TU/A,MacBook Neo,34999.0
MacBook Neo 13 inc A18 Pro 6CPU 5GPU 8GB 512GB Pastel Pembe Z1TV00068,MacBook Neo,41499.0
MacBook Neo 13 inc A18 Pro 6CPU 5GPU 8GB 512GB Puslu Sarı MHFE4TU/A,MacBook Neo,34999.0
MacBook Neo 13 inc A18 Pro 6CPU 5GPU 8GB 512GB Puslu Sarı Z1TR0005W,MacBook Neo,41499.0
MacBook Pro 14 inc M5 10CPU 10GPU 16GB 1TB Gümüş MDE54TU/A,MacBook Pro,102999.0
MacBook Pro 14 inc M5 10CPU 10GPU 16GB 1TB Uzay Siyahı MDE14TU/A,MacBook Pro,102999.0
MacBook Pro 14 inc M5 10CPU 10GPU 24GB 1TB Gümüş MDE64TU/A,MacBook Pro,117999.0
MacBook Pro 14 inc M5 10CPU 10GPU 24GB 1TB Uzay Siyahı MDE34TU/A,MacBook Pro,119999.0
MacBook Pro 14 inc M5 10CPU 10GPU 32GB 1TB Uzay Siyahı MJ3D4TU/A,MacBook Pro,136999.0
MacBook Pro 14 inc M5 10CPU 10GPU 32GB 2TB Uzay Siyahı Z1VN000FA,MacBook Pro,159999.0
MacBook Pro 14 inc M5 Max 18CPU 32GPU 36GB 2TB Gümüş MGDQ4TU/A,MacBook Pro,229999.0
MacBook Pro 14 inc M5 Max 18CPU 32GPU 36GB 2TB Uzay Siyahı MGDU4TU/A,MacBook Pro,229999.0
MacBook Pro 14 inc M5 Max 18CPU 40GPU 128GB 2TB Uzay Siyahı Z1MN000RT,MacBook Pro,369499.0
MacBook Pro 14 inc M5 Max 18CPU 40GPU 64GB 2TB Uzay Siyahı Z1MN000RS,MacBook Pro,282999.0
MacBook Pro 14 inc M5 Pro 15CPU 16GPU 24GB 1TB Gümüş MGDN4TU/A,MacBook Pro,139999.0
MacBook Pro 14 inc M5 Pro 15CPU 16GPU 24GB 1TB Uzay Siyahı MGDR4TU/A,MacBook Pro,139999.0
MacBook Pro 14 inc M5 Pro 15CPU 16GPU 24GB 2TB Gümüş MJLV4TU/A,MacBook Pro,163999.0
MacBook Pro 14 inc M5 Pro 15CPU 16GPU 24GB 2TB Uzay Siyahı MJLW4TU/A,MacBook Pro,163999.0
MacBook Pro 14 inc M5 Pro 18CPU 20GPU 24GB 2TB Gümüş MGDP4TU/A,MacBook Pro,169999.0
MacBook Pro 14 inc M5 Pro 18CPU 20GPU 24GB 2TB Uzay Siyahı MGDT4TU/A,MacBook Pro,169999.0
MacBook Pro 14 inc M5 Pro 18CPU 20GPU 64GB 2TB Uzay Siyahı Z1MM0014T,MacBook Pro,234999.0
MacBook Pro 16 inc M4 Max 16CPU 40GPU 48GB 1TB Gümüş MX2W3TU/A,MacBook Pro,189999.0
MacBook Pro 16 inc M5 Max 18CPU 32GPU 36GB 2TB Gümüş MGE74TU/A,MacBook Pro,229999.0
MacBook Pro 16 inc M5 Max 18CPU 32GPU 36GB 2TB Uzay Siyahı MGED4TU/A,MacBook Pro,229999.0
MacBook Pro 16 inc M5 Max 18CPU 40GPU 128GB 2TB Uzay Siyahı Z1N2000MT,MacBook Pro,388999.0
MacBook Pro 16 inc M5 Max 18CPU 40GPU 48GB 2TB Gümüş MGE94TU/A,MacBook Pro,259999.0
MacBook Pro 16 inc M5 Max 18CPU 40GPU 48GB 2TB Uzay Siyahı MGEE4TU/A,MacBook Pro,259999.0
MacBook Pro 16 inc M5 Max 18CPU 40GPU 64GB 2TB Uzay Siyahı Z1N2000MS,MacBook Pro,284999.0
MacBook Pro 16 inc M5 Max 18CPU 40GPU 64GB 4TB Uzay Siyahı Z1N2000MW,MacBook Pro,356499.0
MacBook Pro 16 inc M5 Pro 18CPU 20GPU 24GB 1TB Gümüş MGE44TU/A,MacBook Pro,156999.0
MacBook Pro 16 inc M5 Pro 18CPU 20GPU 24GB 1TB Uzay Siyahı MGEA4TU/A,MacBook Pro,156999.0
MacBook Pro 16 inc M5 Pro 18CPU 20GPU 48GB 1TB Gümüş MGE64TU/A,MacBook Pro,189999.0
MacBook Pro 16 inc M5 Pro 18CPU 20GPU 48GB 1TB Uzay Siyahı MGEC4TU/A,MacBook Pro,189999.0
MacBook Pro 16 inc M5 Pro 18CPU 20GPU 64GB 2TB Uzay Siyahı Z1N00011H,MacBook Pro,249999.0
Microsoft 365 Aile Türkçe – Kutu Lisansı EP2-36884,Microsoft Lisans,4199.0
Microsoft 365 Aile – Elektronik Lisans EP2-32296,Microsoft Lisans,4599.0
Microsoft 365 Bireysel Türkçe – Kutu Lisansı EP2-32471,Microsoft Lisans,2290.0
Microsoft 365 Bireysel – Elektronik Lisans EP2-32317,Microsoft Lisans,3899.0
Microsoft 365 İş Standart – Elektronik Lisans KLQ-00212,Microsoft Lisans,6990.0
Microsoft Office Ev 2024 – Elektronik Lisans EP2-06804,Microsoft Lisans,6490.0
Microsoft Office Ev ve İş 2024 – Elektronik Lisans EP2-06609,Microsoft Lisans,13150.0
"Asus ProArt PA247CV 23.6 inç 75Hz 5ms Full HD IPS Pivot, Daisy Chaining Monitör",Monitör & Ekranlar,12899.0
"Asus ProArt PA278CV 27 inç 75Hz 5ms 2K (2560×1440) IPS Pivot, Monitör",Monitör & Ekranlar,19399.0
Asus ZenScreen 14 inç Taşınabilir USB Monitör MB14AC,Monitör & Ekranlar,9999.0
Asus ZenScreen 15.6 inç Taşınabilir USB Monitör MB166C,Monitör & Ekranlar,5899.0
"Asus ZenScreen MB16AMT 15.6 inç 60Hz 5ms Full HD IPS 10 Nokta Dokunmatik, Taşınabilir Monitör",Monitör & Ekranlar,15399.0
Epson 101 Kırmızı Orijinal Mürekkep C13T03V34A,Yazıcı ve Projeksiyon,529.0
Epson 101 Mavi Orijinal Mürekkep C13T03V24A,Yazıcı ve Projeksiyon,529.0
Epson 101 Sarı Orijinal Mürekkep C13T03V44A,Yazıcı ve Projeksiyon,529.0
Epson 101 Siyah Orijinal Mürekkep C13T03V14A,Yazıcı ve Projeksiyon,899.0
Epson 103 Kırmızı Orijinal Mürekkep C13T00S34A,Yazıcı ve Projeksiyon,485.0
Epson 103 Mavi Orijinal Mürekkep C13T00S24A,Yazıcı ve Projeksiyon,485.0
Epson 103 Sarı Orijinal Mürekkep C13T00S44A,Yazıcı ve Projeksiyon,485.0
Epson 103 Siyah Orijinal Mürekkep C13T00S14A,Yazıcı ve Projeksiyon,485.0
"Epson EB-W51 1280X800, 4000 AnsiLümen, 3 LCD Projeksiyon Cihazı (V11H977040)",Yazıcı ve Projeksiyon,32999.0
"Epson EcoTank L14150 Fotokopi, Tarayıcı, A3 Wi-Fi Mürekkep Tanklı Yazıcı (C11CH96403)",Yazıcı ve Projeksiyon,33999.0
"Epson EcoTank L15160 Fotokopi, Tarayıcı, A3 Wi-Fi Mürekkep Tanklı Yazıcı (C11CH71403)",Yazıcı ve Projeksiyon,59999.0
"Epson EcoTank L3251 Fotokopi, Tarayıcı, Wi-Fi Mürekkep Tanklı Yazıcı C11CJ67409",Yazıcı ve Projeksiyon,500.0
"Epson EcoTank L3256 Fotokopi, Tarayıcı, Wi-Fi Mürekkep Tanklı Yazıcı (C11CJ67411)",Yazıcı ve Projeksiyon,500.0
"Epson EcoTank L3266 Fotokopi, Tarayıcı, Wi-Fi Mürekkep Tanklı Yazıcı (C11CJ66415)",Yazıcı ve Projeksiyon,250.0
"Epson EcoTank L4360 Fotokopi, Tarayıcı, Wi-Fi, Dubleks Mürekkep Tanklı Yazıcı C11CL41411",Yazıcı ve Projeksiyon,1500.0
"Epson EcoTank L5290 Fotokopi, Tarayıcı, Faks, Wi-Fi Mürekkep Tanklı Yazıcı (C11CJ65405)",Yazıcı ve Projeksiyon,500.0
"Epson EcoTank L5296 Fotokopi, Tarayıcı, Faks, Wi-Fi Mürekkep Tanklı Yazıcı (C11CJ65406)",Yazıcı ve Projeksiyon,500.0
"Epson EcoTank L6490 Fotokopi, Tarayıcı, Faks, Wi-Fi Mürekkep Tanklı Yazıcı (C11CJ88404)",Yazıcı ve Projeksiyon,2000.0
"Epson EcoTank M3170 Fotokopi, Tarayıcı, Faks, Wi-Fi Mono Mürekkep Tanklı Yazıcı (C11CG92404)",Yazıcı ve Projeksiyon,2000.0
iMac 24 inc 4.5K M4 10CPU 10GPU 16GB 256GB Gümüş MWUU3TU/A,iMac,94999.0
iMac 24 inc 4.5K M4 10CPU 10GPU 16GB 256GB Mavi MWV13TU/A,iMac,94999.0
iMac 24 inc 4.5K M4 10CPU 10GPU 16GB 256GB Nano-texture cam Gümüş MD3H4TU/A,iMac,107999.0
iMac 24 inc 4.5K M4 10CPU 10GPU 16GB 256GB Yeşil MWUY3TU/A,iMac,94999.0
iMac 24 inc 4.5K M4 10CPU 10GPU 16GB 512GB Mavi MWV33TU/A,iMac,100999.0
iMac 24 inc 4.5K M4 10CPU 10GPU 16GB 512GB Yeşil MWV03TU/A,iMac,100999.0
iMac 24 inc 4.5K M4 10CPU 10GPU 24GB 512GB Gümüş MCR24TU/A,iMac,118999.0
iMac 24 inc 4.5K M4 10CPU 10GPU 24GB 512GB Pembe MD2U4TU/A,iMac,118999.0
iPad Air 11 inç Wi-Fi 128GB Mavi MC9X4TU/A,iPad (9. nesil),31999.0
iPad Air 11 inç Wi-Fi 128GB Mor MCA04TU/A,iPad (9. nesil),31999.0
iPad Air 11 inç Wi-Fi 128GB Uzay Grisi MC9W4TU/A,iPad (9. nesil),31999.0
iPad Pro 11 inç WiFi 256GB Standart Cam Gümüş MDWL4TU/A,iPad (9. nesil),59999.0
iPad Pro 11 inç WiFi 256GB Standart Cam Uzay Siyahı MDWK4TU/A,iPad (9. nesil),59999.0
iPad Pro 11 inç WiFi 2TB Nano-texture Cam Gümüş MWR93TU/A,iPad (9. nesil),61999.0
iPad Pro 11 inç WiFi 512GB Standart Cam Gümüş MDWN4TU/A,iPad (9. nesil),76999.0
iPad Pro 11 inç WiFi 512GB Standart Cam Uzay Siyahı MDWM4TU/A,iPad (9. nesil),76999.0
iPad mini A17 Pro Wi-Fi 128GB Mavi MXN73TU/A,iPad (9. nesil),33999.0
iPad mini A17 Pro Wi-Fi 128GB Mor MXN93TU/A,iPad (9. nesil),29999.0
iPad mini A17 Pro Wi-Fi 128GB Uzay Grisi MXN63TU/A,iPad (9. nesil),33999.0
iPad mini A17 Pro Wi-Fi 128GB Yıldız Işığı MXN83TU/A,iPad (9. nesil),33999.0
iPad 11 inç Wi-Fi + Cellular 128GB Gümüş MD7F4TU/A,iPad 11 (A16),33199.0
iPad 11 inç Wi-Fi + Cellular 128GB Mavi MD7G4TU/A,iPad 11 (A16),33199.0
iPad 11 inç Wi-Fi + Cellular 128GB Pembe MD7J4TU/A,iPad 11 (A16),33199.0
iPad 11 inç Wi-Fi + Cellular 128GB Sarı MD7H4TU/A,iPad 11 (A16),33199.0
iPad 11 inç Wi-Fi + Cellular 256GB Gümüş MD7K4TU/A,iPad 11 (A16),38499.0
iPad 11 inç Wi-Fi + Cellular 256GB Mavi MD7L4TU/A,iPad 11 (A16),38499.0
iPad 11 inç Wi-Fi + Cellular 256GB Pembe MD7N4TU/A,iPad 11 (A16),38499.0
iPad 11 inç Wi-Fi + Cellular 256GB Sarı MD7M4TU/A,iPad 11 (A16),38499.0
iPad 11 inç Wi-Fi 128GB Gümüş MD3Y4TU/A,iPad 11 (A16),18999.0
iPad 11 inç Wi-Fi 128GB Mavi MD4A4TU/A,iPad 11 (A16),18999.0
iPad 11 inç Wi-Fi 128GB Pembe MD4E4TU/A,iPad 11 (A16),18999.0
iPad 11 inç Wi-Fi 128GB Sarı MD4D4TU/A,iPad 11 (A16),18999.0
iPad 11 inç Wi-Fi 256GB Gümüş MD4G4TU/A,iPad 11 (A16),25999.0
iPad 11 inç Wi-Fi 256GB Mavi MD4H4TU/A,iPad 11 (A16),25999.0
iPad 11 inç Wi-Fi 256GB Pembe MD4P4TU/A,iPad 11 (A16),25999.0
iPad 11 inç Wi-Fi 256GB Sarı MD4J4TU/A,iPad 11 (A16),25999.0
iPad Air 13 inç Wi-Fi 128GB Mavi MH5P4TU/A,iPad Air 11 (M2),48999.0
iPad Air 13 inç Wi-Fi 128GB Mor MH5T4TU/A,iPad Air 11 (M2),48999.0
iPad Air 13 inç Wi-Fi 128GB Uzay Grisi MH5N4TU/A,iPad Air 11 (M2),48999.0
iPad Air 13 inç Wi-Fi 128GB Yıldız Işığı MH5Q4TU/A,iPad Air 11 (M2),48999.0
iPad Air 11 inç Wi-Fi + Cellular 1TB Mavi MCG94TU/A,iPad Air 11 (M3),44999.0
iPad Air 11 inç Wi-Fi + Cellular 512GB Yıldız Işığı MCG64TU/A,iPad Air 11 (M3),39999.0
iPad Air 11 inç Wi-Fi 1TB Mavi MCAJ4TU/A,iPad Air 11 (M3),41999.0
iPad Air 11 inç Wi-Fi 1TB Mor MCAU4TU/A,iPad Air 11 (M3),41999.0
iPad Air 11 inç Wi-Fi 1TB Uzay Grisi MCAH4TU/A,iPad Air 11 (M3),41999.0
iPad Air 11 inç Wi-Fi 256GB Mavi MCA34TU/A,iPad Air 11 (M3),34999.0
iPad Air 11 inç Wi-Fi 512GB Mavi MCA94TU/A,iPad Air 11 (M3),37999.0
iPad Air 11 inç Wi-Fi 512GB Mor MCAE4TU/A,iPad Air 11 (M3),37999.0
iPad Air 11 inç Wi-Fi 512GB Yıldız Işığı MCAA4TU/A,iPad Air 11 (M3),37999.0
iPad Air 11 inç Wi-Fi + Cellular 128GB Mavi MH794TU/A,iPad Air 11 (M4),48999.0
iPad Air 11 inç Wi-Fi + Cellular 128GB Mor MH7C4TU/A,iPad Air 11 (M4),48999.0
iPad Air 11 inç Wi-Fi + Cellular 256GB Mavi MH7E4TU/A,iPad Air 11 (M4),54499.0
iPad Air 11 inç Wi-Fi + Cellular 256GB Mor MH7G4TU/A,iPad Air 11 (M4),54499.0
iPad Air 11 inç Wi-Fi + Cellular 256GB Yıldız Işığı MH7F4TU/A,iPad Air 11 (M4),54499.0
iPad Air 11 inç Wi-Fi 128GB Mavi MH314TU/A,iPad Air 11 (M4),36999.0
iPad Air 11 inç Wi-Fi 128GB Mor MH344TU/A,iPad Air 11 (M4),36999.0
iPad Air 11 inç Wi-Fi 128GB Uzay Grisi MH304TU/A,iPad Air 11 (M4),40999.0
iPad Air 11 inç Wi-Fi 128GB Yıldız Işığı MH334TU/A,iPad Air 11 (M4),36999.0
iPad Air 11 inç Wi-Fi 256GB Mavi MH364TU/A,iPad Air 11 (M4),45999.0
iPad Air 11 inç Wi-Fi 256GB Mor MH394TU/A,iPad Air 11 (M4),45999.0
iPad Air 11 inç Wi-Fi 256GB Uzay Grisi MH354TU/A,iPad Air 11 (M4),45999.0
iPad Air 11 inç Wi-Fi 256GB Yıldız Işığı MH374TU/A,iPad Air 11 (M4),45999.0
iPad Air 11 inç Wi-Fi 512GB Uzay Grisi MH3A4TU/A,iPad Air 11 (M4),59999.0
iPad Air 13 inç Wi-Fi + Cellular 128GB Mavi MCJ24TU/A,iPad Air 13 (M3),41999.0
iPad Air 13 inç Wi-Fi + Cellular 128GB Mor MCJ44TU/A,iPad Air 13 (M3),41999.0
iPad Air 13 inç Wi-Fi + Cellular 128GB Uzay Grisi MCJ14TU/A,iPad Air 13 (M3),41999.0
iPad Air 13 inç Wi-Fi + Cellular 128GB Yıldız Işığı MCJ34TU/A,iPad Air 13 (M3),41999.0
iPad Air 13 inç Wi-Fi + Cellular 1TB Mor MCJH4TU/A,iPad Air 13 (M3),59999.0
iPad Air 13 inç Wi-Fi + Cellular 1TB Yıldız Işığı MCJG4TU/A,iPad Air 13 (M3),59999.0
iPad Air 13 inç Wi-Fi + Cellular 256GB Mavi MCJ64TU/A,iPad Air 13 (M3),48999.0
iPad Air 13 inç Wi-Fi + Cellular 256GB Mor MCJ84TU/A,iPad Air 13 (M3),48999.0
iPad Air 13 inç Wi-Fi + Cellular 256GB Uzay Grisi MCJ54TU/A,iPad Air 13 (M3),45999.0
iPad Air 13 inç Wi-Fi + Cellular 256GB Yıldız Işığı MCJ74TU/A,iPad Air 13 (M3),48999.0
iPad Air 13 inç Wi-Fi + Cellular 512GB Mavi MCJA4TU/A,iPad Air 13 (M3),50999.0
iPad Air 13 inç Wi-Fi + Cellular 512GB Mor MCJD4TU/A,iPad Air 13 (M3),50999.0
iPad Air 13 inç Wi-Fi + Cellular 512GB Uzay Grisi MCJ94TU/A,iPad Air 13 (M3),50999.0
iPad Air 13 inç Wi-Fi + Cellular 512GB Yıldız Işığı MCJC4TU/A,iPad Air 13 (M3),50999.0
iPad Air 13 inç Wi-Fi 128GB Mavi MCNJ4TU/A,iPad Air 13 (M3),39999.0
iPad Air 13 inç Wi-Fi 128GB Mor MCNL4TU/A,iPad Air 13 (M3),39999.0
iPad Air 13 inç Wi-Fi 128GB Uzay Grisi MCNH4TU/A,iPad Air 13 (M3),39999.0
iPad Air 13 inç Wi-Fi 128GB Yıldız Işığı MCNK4TU/A,iPad Air 13 (M3),39999.0
iPad Air 13 inç Wi-Fi 1TB Uzay Grisi MCQ04TU/A,iPad Air 13 (M3),53999.0
iPad Air 13 inç Wi-Fi + Cellular 128GB Mavi MH9E4TU/A,iPad Air 13 (M4),56999.0
iPad Air 13 inç Wi-Fi + Cellular 128GB Mor MH9G4TU/A,iPad Air 13 (M4),56999.0
iPad Air 13 inç Wi-Fi + Cellular 128GB Uzay Grisi MH9D4TU/A,iPad Air 13 (M4),56999.0
iPad Air 13 inç Wi-Fi + Cellular 128GB Yıldız Işığı MH9F4TU/A,iPad Air 13 (M4),56999.0
iPad Air 13 inç Wi-Fi + Cellular 256GB Mavi MH9J4TU/A,iPad Air 13 (M4),62499.0
iPad Air 13 inç Wi-Fi + Cellular 256GB Mor MH9L4TU/A,iPad Air 13 (M4),62499.0
iPad Air 13 inç Wi-Fi + Cellular 256GB Yıldız Işığı MH9K4TU/A,iPad Air 13 (M4),62499.0
iPad Air 13 inç Wi-Fi 256GB Mavi MH5V4TU/A,iPad Air 13 (M4),53999.0
iPad Air 13 inç Wi-Fi 256GB Mor MH5X4TU/A,iPad Air 13 (M4),53999.0
iPad Air 13 inç Wi-Fi 256GB Yıldız Işığı MH5W4TU/A,iPad Air 13 (M4),53999.0
iPad Air 13 inç Wi-Fi 512GB Uzay Grisi MH5Y4TU/A,iPad Air 13 (M4),68999.0
InstantCharger 100W 4 USB Şarj Cihazı Beyaz IL.ILINC100WWHT,iPad Aksesuarları,999.0
InstantCharger 100W 4 USB Şarj Cihazı Siyah IL.ILINC100WBLK,iPad Aksesuarları,999.0
InstantCharger 65W 2 USB Şarj Cihazı Beyaz IL.ILINC65WWHT,iPad Aksesuarları,799.0
InstantCharger 65W 2 USB Şarj Cihazı Siyah IL.ILINC65WBLK,iPad Aksesuarları,799.0
Lito 9H iPad Air 11 M3 / M2 Ekran Koruyucu 8683613612642,iPad Aksesuarları,799.0
Lito 9H iPad Pro 11 (M5) / (M4) Ekran Koruyucu 8683613612659,iPad Aksesuarları,799.0
Lito 9H iPad Pro 13 (M5) / (M4) ve iPad Air 13 (M3) / (M2) Ekran Koruyucu 8683613612666,iPad Aksesuarları,899.0
"Mophie Charge Stream Güç Kablosu 240W USB-C 40Gbp Siyah 0,8M 409912837",iPad Aksesuarları,1299.0
PS iPad 11 (A16) / 10.9 (10. nesil) için Koruyucu Kılıf Siyah BAHZ368,iPad Aksesuarları,699.0
PS iPad Air 13 M2 / M3 Dönebilen Standlı Kılıf Lacivert TKD-AIR13-L,iPad Aksesuarları,799.0
PS iPad Air 13 M2 / M3 Dönebilen Standlı Kılıf Siyah TKD-AIR13-S,iPad Aksesuarları,799.0
PS iPad Air 13 M2 / M3 Tri Folding Kılıf Lacivert TKS-AIR13-L,iPad Aksesuarları,799.0
PS iPad Air 13 M2 / M3 Tri Folding Siyah TKS-AIR13-S,iPad Aksesuarları,799.0
PS iPad Pro 11 M5 / M4 / 4. Nesil Dönebilen Standlı Kılıf Lacivert TKD-PRO11-L,iPad Aksesuarları,519.0
PS iPad Pro 11 M5 / M4 / 4. Nesil Dönebilen Standlı Kılıf Siyah TKD-PRO11-S,iPad Aksesuarları,519.0
PS iPad Pro 13 M4 / M5 Dönebilen Standlı Siyah TKD-PRO13-S,iPad Aksesuarları,519.0
PS iPad Pro 13 M5 / M4 Dönebilen Standlı Kılıf Lacivert TKD-PRO13-L,iPad Aksesuarları,519.0
USB-C – Lightning Adaptör MUQX3ZM/A,iPad Aksesuarları,1499.0
USB-C – Lightning Kablo (2m) MW2R3ZM/A,iPad Aksesuarları,1499.0
USB-C – USB Adaptörü MW5L3ZM/A,iPad Aksesuarları,899.0
Zagg Glass Elite iPad Air 13 (M3) / (M2) Aparatlı Ekran Koruyucu 200114342,iPad Aksesuarları,1499.0
Zagg Glass Elite iPad Pro 11 (M5) / (M4) Aparatlı Ekran Koruyucu 200114343,iPad Aksesuarları,1599.0
Zagg Glass Elite iPad Pro 13 (M5) / (M4) Aparatlı Ekran Koruyucu 200114344,iPad Aksesuarları,1599.0
Zore Premium iPad 10.2 (8. nesil) (9. nesil) Tempered Cam Ekran Koruma BAHZ338,iPad Aksesuarları,399.0
Zore iPad Pro 11 (M5) / (M4) Termik Sert Kılıf Lila 8680436794494,iPad Aksesuarları,859.0
Zore iPad Pro 11 (M5) / (M4) Termik Sert Kılıf Mavi 8680436794463,iPad Aksesuarları,859.0
Zore iPad Pro 11 (M5) / (M4) Termik Sert Kılıf Pembe 8680436794449,iPad Aksesuarları,859.0
Zore iPad Pro 11 (M5) / (M4) Tri Folding Kılıf Rose Gold 8680436793961,iPad Aksesuarları,699.0
Zore iPad Pro 13 (M5) / (M4) Termik Sert Kılıf Gri 8680436794548,iPad Aksesuarları,799.0
Zore iPad Pro 13 (M5) / (M4) Termik Sert Kılıf Mavi 8680436794555,iPad Aksesuarları,899.0
Apple Pencil (USB-C) MUWA3ZE/A,iPad Kalem,3599.0
Apple Pencil 1.Nesil MYQW3TU/A,iPad Kalem,4999.0
Apple Pencil Pro MX2D3ZE/A,iPad Kalem,6499.0
Apple Pencil Uçları  4’lü Paket MX763ZM/A,iPad Kalem,949.0
USB-C – Apple Pencil Adaptörü MWML3ZM/A,iPad Kalem,449.0
Zagg Pro Stylus 2 Pencil Beyaz 109912135,iPad Kalem,4399.0
Zagg Pro Stylus 2 Pencil Gri 109912139,iPad Kalem,4399.0
Zagg Pro Stylus 2 Pencil Mavi 109912138,iPad Kalem,4399.0
Zagg Pro Stylus 2 Pencil Pembe 109912136,iPad Kalem,4399.0
Zagg Pro Stylus 2 Pencil Sarı 109912137,iPad Kalem,4399.0
Zagg Pro Stylus 2 Uçları 4’lü Paket Beyaz 109913293,iPad Kalem,799.0
Zagg Pro Stylus 2 Uçları 4’lü Paket Gri 109913292,iPad Kalem,799.0
"Magic Keyboard Folio iPad (10.nesil, 11. nesil) Türkçe Q Klavye MQDP3TQ/A",iPad Klavye,12499.0
"Magic Keyboard iPad Air 11 inç (M3, M2) Türkçe Q Klavye MDFV4TQ/A",iPad Klavye,12499.0
"Magic Keyboard iPad Air 11 inç (M4,M3, M2) Türkçe Q Klavye MGYX4TQ/A",iPad Klavye,12499.0
"Magic Keyboard iPad Air 13 inç (M3, M2) Türkçe Q Klavye Beyaz MDFW4TQ/A",iPad Klavye,13499.0
"Magic Keyboard iPad Air 13 inç (M3, M2) Türkçe Q Klavye Siyah MGYY4TQ/A",iPad Klavye,13499.0
"Magic Keyboard iPad Pro 11 inç (M5, M4) Türkçe Q Klavye Siyah MWR23TQ/A",iPad Klavye,14999.0
"Magic Keyboard iPad Pro 13 inç (M5, M4) Türkçe Q Klavye Siyah MWR53TQ/A",iPad Klavye,17499.0
Zagg Pro Keys 2 – 11 inc Klavye (iPad Pro M5 / M4) 103418445,iPad Klavye,8999.0
Zagg Pro Keys Connect 10.9 – 11 inç iPad (10. nesil / A16) Kılavye Kılıfı 103419800,iPad Klavye,7999.0
Zagg Pro Keys – 11 inc Klavye (iPad 10.9/11) 103418442,iPad Klavye,5999.0
Zagg Tough Keys iPad 11 (A16) / 10.9 IPX7 Klavyeli Kılıf Türkçe 103119801,iPad Klavye,7999.0
iPad mini A17 Pro Wi-Fi + Cellular 128GB Mor MXPR3TU/A,iPad Mini (A17 Pro),41999.0
iPad mini A17 Pro Wi-Fi + Cellular 256GB Yıldız Işığı MXPX3TU/A,iPad Mini (A17 Pro),46999.0
iPad mini A17 Pro Wi-Fi 256GB Mavi MXNC3TU/A,iPad Mini (A17 Pro),38999.0
iPad mini A17 Pro Wi-Fi 256GB Mor MXNE3TU/A,iPad Mini (A17 Pro),31999.0
iPad mini A17 Pro Wi-Fi 256GB Uzay Grisi MXNA3TU/A,iPad Mini (A17 Pro),39499.0
iPad mini A17 Pro Wi-Fi 256GB Yıldız Işığı MXND3TU/A,iPad Mini (A17 Pro),31999.0
iPad Pro 11 inç Wi-Fi + Cellular 2TB Standart Cam Gümüş MVW83TU/A,iPad Pro 11 (M4),64999.0
iPad Pro 11 inç WiFi + Cellular 2TB Nano-texture Cam Gümüş MWRT3TU/A,iPad Pro 11 (M4),68399.0
iPad Pro 11 inç WiFi + Cellular 2TB Nano-texture Cam Uzay Siyahı MWRR3TU/A,iPad Pro 11 (M4),68399.0
iPad Pro 11 inç WiFi + Cellular 2TB Standart Cam Uzay Siyahı MVW73TU/A,iPad Pro 11 (M4),64999.0
iPad Pro 11 inç WiFi 2TB Nano-texture Cam Uzay Siyahı MWR83TU/A,iPad Pro 11 (M4),61999.0
iPad Pro 11 inç WiFi 2TB Standart Cam Gümüş MVVH3TU/A,iPad Pro 11 (M4),59999.0
iPad Pro 11 inç WiFi 2TB Standart Cam Uzay Siyahı MVVG3TU/A,iPad Pro 11 (M4),59999.0
iPad Pro 11 inç WiFi + Cellular 256GB Standart Cam Gümüş ME2P4TU/A,iPad Pro 11 (M5),76999.0
iPad Pro 11 inç WiFi + Cellular 512GB Standart Cam Gümüş ME2T4TU/A,iPad Pro 11 (M5),92999.0
iPad Pro 11 inç WiFi + Cellular 512GB Standart Cam Uzay Siyahı ME2Q4TU/A,iPad Pro 11 (M5),92999.0
iPad Pro 13 inç Wi-Fi 1TB Standart Cam Uzay Siyahı MDYN4TU/A,iPad Pro 13 (M5),117499.0
iPad Pro 13 inç Wi-Fi 256GB Standart Cam Gümüş MDYK4TU/A,iPad Pro 13 (M5),72999.0
iPad Pro 13 inç Wi-Fi 256GB Standart Cam Uzay Siyahı MDYJ4TU/A,iPad Pro 13 (M5),79499.0
iPad Pro 13 inç Wi-Fi 512GB Standart Cam Gümüş MDYM4TU/A,iPad Pro 13 (M5),89999.0
iPad Pro 13 inç WiFi + Cellular 256GB Standart Cam Gümüş ME7X4TU/A,iPad Pro 13 (M5),89999.0
iPhone 15 128GB Mavi MTP43TU/A,iPhone 15,51499.0
iPhone 15 128GB Siyah MTP03TU/A,iPhone 15,51499.0
iPhone 15 256GB Mavi MTP93TU/A,iPhone 15,56499.0
iPhone 16 128GB Beyaz MYE93TU/A,iPhone 16,67499.0
iPhone 16 128GB Deniz Mavisi MYED3TU/A,iPhone 16,67499.0
iPhone 16 128GB Laciverttaş MYEC3TU/A,iPhone 16,67499.0
iPhone 16 128GB Pembe MYEA3TU/A,iPhone 16,67499.0
iPhone 16 128GB Siyah MYE73TU/A,iPhone 16,67499.0
iPhone 16 Plus 128GB Beyaz MXVV3TU/A,iPhone 16 Plus,78499.0
iPhone 16 Plus 128GB Deniz Mavisi MXVY3TU/A,iPhone 16 Plus,78499.0
iPhone 16 Plus 128GB Laciverttaş MXVX3TU/A,iPhone 16 Plus,78499.0
iPhone 16 Plus 128GB Pembe MXVW3TU/A,iPhone 16 Plus,78499.0
iPhone 16 Plus 128GB Siyah MXVU3TU/A,iPhone 16 Plus,78499.0
iPhone 16 Plus 256GB Deniz Mavisi MXY53TU/A,iPhone 16 Plus,84999.0
iPhone 16 Plus 256GB Laciverttaş MXY23TU/A,iPhone 16 Plus,84999.0
iPhone 16 Plus 256GB Pembe MXY13TU/A,iPhone 16 Plus,84999.0
iPhone 16e 512GB Siyah MD1X4TU/A,iPhone 16e,61499.0
iPhone 17 512GB Ada Çayı MG6V4TU/A,iPhone 17,91499.0
iPhone 17 512GB Sis Mavisi MG6T4TU/A,iPhone 17,91499.0
iPhone 17 512GB Siyah MG6P4TU/A,iPhone 17,91499.0
iPhone 17 Pro 1TB Abis MG8R4TU/A,iPhone 17 Pro,131999.0
iPhone 17 Pro 1TB Gümüş MG8P4TU/A,iPhone 17 Pro,131999.0
iPhone 17 Pro 1TB Kozmik Turuncu MG8Q4TU/A,iPhone 17 Pro,131999.0
iPhone 17 Pro 256GB Kozmik Turuncu MG8H4TU/A,iPhone 17 Pro,106799.0
iPhone 17 Pro 512GB Kozmik Turuncu MG8M4TU/A,iPhone 17 Pro,118999.0
iPhone 17 Pro Max 1TB Abis MFYX4TU/A,iPhone 17 Pro Max,143999.0
iPhone 17 Pro Max 1TB Gümüş MFYV4TU/A,iPhone 17 Pro Max,143999.0
iPhone 17 Pro Max 1TB Kozmik Turuncu MFYW4TU/A,iPhone 17 Pro Max,143999.0
iPhone 17 Pro Max 256GB Abis MFYP4TU/A,iPhone 17 Pro Max,118499.0
iPhone 17 Pro Max 256GB Kozmik Turuncu MFYN4TU/A,iPhone 17 Pro Max,118499.0
iPhone 17 Pro Max 2TB Abis MG014TU/A,iPhone 17 Pro Max,169999.0
iPhone 17 Pro Max 2TB Gümüş MFYY4TU/A,iPhone 17 Pro Max,169999.0
iPhone 17 Pro Max 2TB Kozmik Turuncu MG004TU/A,iPhone 17 Pro Max,169999.0
iPhone 17 Pro Max 512GB Abis MFYU4TU/A,iPhone 17 Pro Max,130999.0
iPhone 17 Pro Max 512GB Kozmik Turuncu MFYT4TU/A,iPhone 17 Pro Max,130999.0
iPhone 17e 256GB Açık Pembe MHRX4TU/A,iPhone 17e,55499.0
iPhone 17e 512GB Açık Pembe MHU34TU/A,iPhone 17e,68499.0
iPhone 17e 512GB Beyaz MHU04TU/A,iPhone 17e,68499.0
iPhone 17e 512GB Siyah MHRY4TU/A,iPhone 17e,68499.0
iPhone Air 1TB Gök Mavisi MG304TU/A,iPhone Air,125499.0
iPhone Air 1TB Pamuk Beyazı MG2X4TU/A,iPhone Air,125499.0
iPhone Air 1TB Uzay Siyahı MG2W4TU/A,iPhone Air,125499.0
iPhone Air 1TB Uçuk Altın Rengi MG2Y4TU/A,iPhone Air,125499.0
iPhone Air 256GB Pamuk Beyazı MG2M4TU/A,iPhone Air,99499.0
iPhone Air 256GB Uzay Siyahı MG2L4TU/A,iPhone Air,99499.0
iPhone Air 512GB Gök Mavisi MG2V4TU/A,iPhone Air,112999.0
iPhone Air 512GB Pamuk Beyazı MG2T4TU/A,iPhone Air,112999.0
iPhone Air 512GB Uzay Siyahı MG2Q4TU/A,iPhone Air,112999.0
iPhone Air 512GB Uçuk Altın Rengi MG2U4TU/A,iPhone Air,112999.0
Beats iPhone 17 MagSafe Özellikli ve Kamera Denetimi Düğmeli Kılıf Kalker Beji MGK34LL/A,iPhone Aksesuarları,1799.0
Beats iPhone 17 Pro MagSafe Özellikli ve Kamera Denetimi Düğmeli Kılıf Granit Grisi MGKC4LL/A,iPhone Aksesuarları,1799.0
Beats iPhone 17 Pro Max MagSafe Özellikli ve Kamera Denetimi Düğmeli Kılıf Ana Kaya Mavisi MGJG4LL/A,iPhone Aksesuarları,1799.0
Beats iPhone Air MagSafe Özellikli ve Kamera Denetimi Düğmeli Kılıf Çakıl Pembesi MGJV4LL/A,iPhone Aksesuarları,1799.0
USB-C Örgü Şarj Kablosu (1 m) MW493ZM/A,iPhone Aksesuarları,899.0
USB-C – Lightning Kablo 1 mt. MUQ93ZM/A,iPhone Aksesuarları,899.0
Zagg Cases Crystal Palace Snap iPhone 17 Kılıf Şeffaf 702318856,iPhone Aksesuarları,1599.0
Zagg Cases Crystal Palace Snap iPhone 17 Pro Max Kılıf Şeffaf 702320815,iPhone Aksesuarları,2049.0
Zagg Cases TPU Case iPhone 17 Kılıf Şeffaf 702319251,iPhone Aksesuarları,999.0
Zagg Cases TPU Case iPhone 17 Pro Max Kılıf Şeffaf 702319254,iPhone Aksesuarları,999.0
Zagg Glass Elite Privacy iPhone 17 Aparatlı Ekran Koruyucu 200118655,iPhone Aksesuarları,1199.0
Zagg Glass Elite Privacy iPhone 17 Pro Aparatlı Ekran Koruyucu 200118657,iPhone Aksesuarları,1199.0
Zagg Glass Elite Privacy iPhone 17 Pro Max Aparatlı Ekran Koruyucu 200118658,iPhone Aksesuarları,1199.0
Zagg Glass Elite Privacy iPhone Air Aparatlı Ekran Koruyucu 200118656,iPhone Aksesuarları,1199.0
Zagg Glass Elite iPhone 17 Aparatlı Ekran Koruyucu 200118643,iPhone Aksesuarları,999.0
Zagg Glass Elite iPhone 17 Pro Aparatlı Ekran Koruyucu 200118645,iPhone Aksesuarları,999.0
Zagg Glass Elite iPhone 17 Pro Max Aparatlı Ekran Koruyucu 200118646,iPhone Aksesuarları,999.0
Zagg Glass Elite iPhone Air Aparatlı Ekran Koruyucu 200118644,iPhone Aksesuarları,999.0
"iPhone Aksesuar Seti 2 – Beats USB-A – USB-C Örgü Kablo Jet Siyah, 12W Şarj Adaptörü",iPhone Aksesuarları,899.0
Şarj Adaptörü USB 12W MGN03TU/A,iPhone Aksesuarları,599.0
Satechi Suya Dayanıklı 13 / 14 inç Uyumlu Laptop Çantası ST-LTB13,Çantalar,2499.0
Satechi Suya Dayanıklı 15 / 16 inç Uyumlu Laptop Çantası ST-LTB15,Çantalar,2499.0
