title,price,tuik_category,inflation_1d,inflation_7d,inflation_15d,inflation_30d
Almond Shower Oil - Badem Duş Yağı,1490.0,13,0.0,0.0,0.0,
Shea Butter Hand Cream - Shea El Kremi,1680.0,13,0.0,0.0,0.0,
Néroli & Orchidée Eau de Toilette - Portakal Çiçeği & Orkide Parfüm EDT,3730.0,13,0.0,0.0,0.0,
Immortelle Overnight Reset Oil-in-Serum - Immortelle Reset Gece Serumu,4040.0,13,0.0,0.0,0.0,
Immortelle Divine Cream - Immortelle Divine Krem,5910.0,13,0.0,,0.0,
Fleurs De Cerisier Eau de Toilette - Kiraz Çiçeği EDT Parfüm,4040.0,13,0.0,0.0,0.0,
Shea Organic Butter - Organik Shea Yağı,590.0,13,0.0,0.0,0.0,
Immortelle Reset Triphase Essence - Immortelle Reset 3 Fazlı Losyon,4910.0,13,0.0,0.0,0.0,
Eau de Cédrat Deodorant Stick - Cedrat Stick Deodorant,1180.0,13,0.0,0.0,0.0,
Eau des Baux Deodorant Stick - Baux Stick Deodorant,1180.0,13,0.0,0.0,0.0,
Almond Shimmering Oil - Badem Işıltılı Yağ,2420.0,13,0.0,0.0,0.0,
Cherry Blossom Hand Cream - Kiraz Çiçeği El Kremi,560.0,13,0.0,0.0,0.0,
Immortelle Divine Youth Oil - Immortelle Divine Yağ Bazlı Serum,5910.0,13,0.0,0.0,0.0,
Immortelle Precious Cream - Immortelle Precious Krem,4040.0,13,0.0,0.0,0.0,
Immortelle Reset Overnight Eye Serum - Immortelle Reset Gece Göz Serumu,3670.0,13,0.0,0.0,0.0,
Reine Blanche Whitening Peeling - Reine Blanche Aydınlatıcı Yüz Peelingi,2110.0,13,0.0,0.0,0.0,
Immortelle Divine Eye Balm - Immortelle Divine Göz Balmı,4290.0,13,0.0,0.0,0.0,
Verbena Deodorant Balm - Mine Çiçeği Deodorant Balmı,1180.0,13,0.0,0.0,0.0,
Shea Butter Skincare Starter Kit - Shea Butter Cilt Bakımı Başlangıç Seti,1400.0,13,0.0,0.0,0.0,
Immortelle Precious Skincare Starter Kit - Immortelle Precious Cilt Bakımı Başlangıç Seti,1600.0,13,0.0,0.0,0.0,
Immortelle Divine Skincare Starter Kit - Immortelle Divine Cilt Bakımı Başlangıç Seti,2000.0,13,0.0,0.0,0.0,
Reine Des Pres Skincare Starter Kit - Reine Des Pres Cilt Bakımı Başlangıç Seti,2000.0,13,0.0,0.0,0.0,
Shea Verbena Soap - Shea Mine Çiçeği Sabun,750.0,13,0.0,0.0,0.0,
Immortelle Precious Moisturizing UV Shield  SPF50 - Immortelle Precious Nemlendirici UV Korumalı SPF50,2610.0,13,0.0,0.0,0.0,
Citrus Verbena Deodorant,1180.0,13,0.0,0.0,0.0,
Citrus Verbena Deodorant Refill,1060.0,13,0.0,0.0,0.0,
Mimosa Verveine Limited Edition Body Lotion - Mine Çiçeği Mimosa Özel Seri Vücut Losyonu,1800.0,13,0.0,0.0,0.0,
Mimosa Verveine Limited Edition El Kremi - Mine Çiçeği Mimosa Özel Seri El Kremi,560.0,13,0.0,0.0,0.0,
Mimosa Verveine Limited Edition Shower Gel - Mine Çiçeği Mimosa Özel Seri Duş Jeli,1180.0,13,0.0,0.0,0.0,
Mimosa Verveine Limited Edition Eau de Toilette - Mine Çiçeği Mimosa Özel Seri EDT Parfüm,4040.0,13,0.0,0.0,0.0,
Shea Butter Light Comforting Cream - Shea Nemlendirici Yüz Kremi,2300.0,13,0.0,0.0,0.0,
Verveine Santal Home Diffuser - Mine Çiçeği & Sandal Ağacı Oda Kokusu,4660.0,13,0.0,0.0,0.0,
Immortelle Shea Youth Body Balm - Shea Ölmezotu Yaşlanma Karşıtı Vücut Kremi,4290.0,13,0.0,0.0,0.0,
Immortelle Shea Youth Neck Cream - Immortelle Shea Yaşlanma Karşıtı Boyun Kremi,4290.0,13,0.0,0.0,0.0,
Immortelle Shea Youth Hand Cream - Shea Ölmezotu Yaşlanma Karşıtı El Kremi,1800.0,13,0.0,0.0,0.0,
Shea Butter Rose Hand Cream - Shea Güllü El Kremi,1680.0,13,0.0,0.0,0.0,
Aromachology Anti-Dandruff Shampoo - Aromakoloji Kepek Önleyici Şampuan,1400.0,13,0.0,0.0,0.0,
Fragrance Discovery Kit - Parfüm Keşif Seti,930.0,13,0.0,0.0,0.0,
Shea Butter Ultra Rich Hand & Body Wash Eco-Refill - Shea El & Vücut Sabunu Eko-Yedek,1620.0,13,0.0,0.0,0.0,
Shea Butter Cream Hand Wash - Shea Krem El Sabunu,1800.0,13,0.0,0.0,0.0,
Cap Cédrat Shower Gel Eco-Refill - Cap Cedrat Duş Jeli Eko-Yedek,1900.0,13,0.0,0.0,0.0,
L'Occitan Shower Gel Eco-Refill - L'Occitan Duş Jeli Eko-Yedek,1900.0,13,0.0,0.0,0.0,
Immortelle Overnight Reset Serum Mask - Immortelle Reset Gece Serum Maskesi,990.0,13,0.0,0.0,0.0,
Set of 5 Immortelle Overnight Reset Serum Masks - 5'li Immortelle Reset Gece Serum Maskesi,4950.0,13,0.0,0.0,0.0,
Diffuser Stick for 475 ML - Oda Kokusu Çubukları 475 ML için,590.0,13,0.0,0.0,0.0,
Les Terrasses de Forcalquier Home Diffuser Eco-Refill - Les Terrasses de Forcalquier Oda Kokusu Eko-Yedek,5900.0,13,0.0,0.0,0.0,
Le Chemin des Baronnies Home Diffuser - Le Chemin des Baronnies Oda Kokusu,5350.0,13,0.0,0.0,0.0,
Les Terrasses de Forcalquier Home Diffuser - Les Terrasses de Forcalquier Oda Kokusu,5350.0,13,0.0,0.0,0.0,
Les Restanques de Mane Home Diffuser - Les Restanques de Mane Oda Kokusu,8000.0,13,0.0,0.0,0.0,
Almond Supple Skin Oil Eco-Refill - Badem Vücut Yağı Eko-Yedek,2360.0,13,0.0,0.0,0.0,
Almond Soap - Badem Sabun,370.0,13,0.0,0.0,0.0,
Almond Hand Cream - Badem El Kremi,1680.0,13,0.0,200.0,200.0,
Almond Shower Oil Eco-Refill - Badem Duş Yağı Eko-Yedek,2390.0,13,0.0,0.0,0.0,
Almond Supple Skin Oil - Badem Vücut Yağı,2610.0,13,0.0,0.0,0.0,
Almond Shower Scrub - Badem Duş Scrubı,1490.0,13,0.0,0.0,0.0,
Almond Polishing Paste - Badem Vücut Peelingi,2610.0,13,0.0,0.0,0.0,
Almond Milk Concentrate - Badem Nemlendirici Vücut Kremi,3230.0,13,0.0,0.0,0.0,
Almond Delightful Body Balm - Almond Delightful Vücut Kremi,3050.0,13,0.0,0.0,0.0,
Almond Hair & Body Mist - Badem Saç & Vücut Misti,2420.0,13,0.0,0.0,0.0,
Shea Body Rich Lotion - Shea Nemlendirici Vücut Losyonu,1800.0,13,0.0,0.0,0.0,
Verveine Santal Home Diffuser Eco Refill - Mine Çiçeği & Sandal Ağacı Oda Kokusu Eko-Yedek,4040.0,13,0.0,0.0,0.0,
Neroli Yuzu Home Diffuser Eco Refill - Portakal Çiçeği & Yuzu Oda Kokusu Eko-Yedek,4040.0,13,0.0,0.0,0.0,
Immortelle Precious Cleansing Foam - Immortelle Precious Temizleyici Köpük,1800.0,13,0.0,0.0,0.0,
Lavande Musc Home Diffuser Eco Refill - Lavanta Misk Oda Kokusu,4040.0,13,0.0,0.0,0.0,
Fleurs de Cerisier Limited Edition Body Lotion - Kiraz Çiçeği Özel Seri Vücut Losyonu,1800.0,13,0.0,0.0,0.0,
Fleurs de Cerisier Limited Edition El Kremi - Kiraz Çiçeği Özel Seri El Kremi,560.0,13,0.0,0.0,0.0,
Fleurs de Cerisier Limited Edition Shower Gel - Kiraz Çiçeği Özel Seri Duş Jeli,1180.0,13,0.0,0.0,0.0,
Fleurs de Cerisier Limited Edition Eau de Toilette - Fleurs de Cerisier Özel Seri EDT Parfüm,4040.0,13,0.0,0.0,0.0,
Shea Verbena Hand Liquid Soap Refill - Shea Verbena Sıvı Sabun Ekolojik & Ekonomik Yedek,1620.0,13,0.0,0.0,0.0,
Shea Lavender Liquid Soap Eco-Refill - Shea Lavanta Sıvı Sabun Eko-Yedek,1620.0,13,0.0,0.0,0.0,
Shea Verbena Liquid Soap - Shea Mine Çiçeği Sıvı Sabun,1800.0,13,0.0,0.0,0.0,
Shea Lavender Liquid Soap - Shea Lavanta Sıvı Sabun,1800.0,13,0.0,0.0,0.0,
Shea Butter Fabulous Body Oil - Shea Vücut Yağı,2180.0,13,0.0,0.0,0.0,
Shea Butter Ultra Rich Body Scrub - Shea Vücut Peelingi,2110.0,13,0.0,0.0,0.0,
Shea Butter Shower Cream - Shea Duş Kremi,1370.0,13,0.0,0.0,0.0,
Shea Butter Ultra Rich Body Cream Eco-Refill - Shea Yoğun Nemlendirici Vücut Kremi Eko-Yedek,2360.0,13,0.0,0.0,0.0,
Shea Butter Intensive Foot Balm - Shea Intensive Ayak Kremi,1800.0,13,0.0,0.0,0.0,
Shea Butter Intensive Hand Balm - Shea Intensive El Balmı,1800.0,13,0.0,0.0,0.0,
Shea Butter Cream Hand Wash  - Shea Krem El Sabunu,2800.0,13,0.0,0.0,0.0,
Shea Lavander Soap - Shea Lavantalı Sabun,560.0,13,0.0,0.0,-25.333333333333336,
Shea Milk Soap - Shea Sütlü Sabun,560.0,13,0.0,0.0,0.0,
Shea Lavander Liquid Soap - Shea Lavanta Sıvı Sabun,2800.0,13,0.0,0.0,0.0,
Shea Verbena Hand Lotion - Shea Verbena El Losyonu,1800.0,13,0.0,0.0,0.0,
Shea Verbena Liquid Soap - Shea Verbena Sıvı Sabun,2800.0,13,0.0,0.0,0.0,
Neroli Yuzu Home Diffuser - Portakal Çiçeği & Yuzu Oda Kokusu,4660.0,13,0.0,0.0,0.0,
Ambre Cade Home Diffuser - Amber & Ardıç Oda Kokusu,4660.0,13,0.0,0.0,0.0,
Tubereuse Gardenia Home Diffuser - Sümbülteber & Gardenya Oda Kokusu,4660.0,13,0.0,0.0,0.0,
Lavande Musc Home Diffuser - Lavanta Misk Oda Kokusu,4660.0,13,0.0,0.0,0.0,
Figuier Oolong Home Diffuser - İncir & Oolong Oda Kokusu,4660.0,13,0.0,0.0,0.0,
Peony Morning Shower Foam - Peony Morning Banyo Köpüğü,1370.0,13,0.0,0.0,0.0,
Peony Morning Body Cream - Peony Morning Vücut Kremi,1740.0,13,0.0,0.0,0.0,
Peony Morning Eau De Toilette - Peony Morning EDT Parfüm,4040.0,13,0.0,0.0,0.0,
Almond Candle - Badem Mum,2420.0,13,0.0,0.0,0.0,
Source Reotier Cleansing Gel - Reotier Temizleme Jeli,1550.0,13,0.0,0.0,0.0,
Cade Daily Exfoliating Cleanser - Cade Günlük Cilt Temizleyici,1550.0,13,0.0,0.0,0.0,
Shea Solid Face Cleanser - Shea Katı Yüz Temizleyici,1550.0,13,0.0,0.0,0.0,
Shea Micellar Water - Shea Miselar Suyu,1550.0,13,0.0,0.0,0.0,
Shea Face Cleansing Milk - Shea Yüz Temizleme Sütü,1550.0,13,0.0,0.0,0.0,
Shea Face Cleansing Cream - Shea Yüz Temizleme Kremi,1550.0,13,0.0,0.0,0.0,
Immortelle Precious Make Up Remover Oil - Immortelle Precious Makyaj Çıkarıcı Temizleme Yağı,1800.0,13,0.0,0.0,0.0,
Immortelle Reset Triphase Essence Travel Size - Seyahat Boy Immortelle Reset 3 Fazlı Losyon,2420.0,13,0.0,0.0,0.0,
Reine Des Pres Brightening Lotion - Reine Des Pres Aydınlatıcı Losyon,2420.0,13,0.0,0.0,0.0,
Source Reotier Essence - Reotier Losyon,1550.0,13,0.0,0.0,0.0,
Immortelle Divine Lotion - Immortelle Divine Losyon,2740.0,13,0.0,0.0,0.0,
Immortelle Precious Essential Water - Immortelle Precious Tonik,1550.0,13,0.0,0.0,0.0,
Immortelle Precious Enriched Water - Immortelle Precious Zengin İçerikli Tonik,1800.0,13,0.0,0.0,0.0,
Immortelle Precious Emulsion - Immortelle Precious Emülsiyon,4040.0,13,0.0,0.0,0.0,
Cade Revitalizing Cream - Cade Canlandırıcı Cilt Kremi,2800.0,13,0.0,0.0,0.0,
Shea Butter Ultra Rich Comforting Cream - Shea Yoğun Nemlendirici Yüz Kremi,2300.0,13,0.0,0.0,0.0,
Reine Des Pres UV Shield SPF50 - Çayır Kraliçesi Aydınlatıcı UV Korumalı Yüz Kremi SPF50,2610.0,13,0.0,0.0,0.0,
Cade Energizing Fluid - Cade Enerji Veren Emülsiyon Krem,800.0,13,0.0,0.0,0.0,
Reine Des Pres Brightening Cream - Reine Des Pres Aydınlatıcı Krem,4040.0,13,0.0,0.0,0.0,
Source Reotier Mattifying Fluid - Reotier Matlaştırıcı Emülsiyon Krem,1800.0,13,0.0,0.0,0.0,
Source Reotier Glow Cream - Reotier Işıltı Veren Krem,1800.0,13,0.0,0.0,0.0,
Immortelle Harmonie Cream Eco-Refill - Immortelle Harmony Krem Eko-Yedek,9630.0,13,0.0,0.0,0.0,
Immortelle Harmonie Cream - Immortelle Harmony Krem,10570.0,13,0.0,0.0,0.0,
Immortelle Precious Eye Patches 12x2 - Immortelle Precious Göz Pedleri 12x2,2740.0,13,0.0,0.0,0.0,
Reine Blanche Sheet Mask - Reine Blanche Aydınlatıcı Kağıt Maske,590.0,13,0.0,0.0,0.0,
Infusions Radiance Scrub - Infusions Işıltı Veren Scrub,1800.0,13,0.0,0.0,0.0,
Infusions Invigorating Face & Eye Mask - Infusions Canlandırıcı Yüz & Göz Maskesi,1800.0,13,0.0,0.0,0.0,
Immortelle Divine Eye & Lip Contour - Immortelle Divine Göz ve Dudak Kremi,3980.0,13,0.0,0.0,0.0,
Immortelle Precious Eye Balm - Immortelle Precious Göz Balmı,2740.0,13,0.0,0.0,0.0,
Immortelle Precious Eye Balm + Immortelle Reset Overnight Eye Serum,6410.0,13,0.0,0.0,0.0,
Immortelle Divine Eye & Lip Cream + Immortelle Reset Overnight Eye Serum,7650.0,13,0.0,0.0,0.0,
Immortelle Reset Overnight Serum Eco-Refill - Immortelle Reset Gece Serumu Eko-Yedek,5280.0,13,0.0,0.0,0.0,
Reine Des Pres Brightening Serum - Çayır Kraliçesi Aydınlatıcı Yüz Serumu,4290.0,13,0.0,0.0,0.0,
Immortelle Divine Extract - Immortelle Divine Serum,6150.0,13,0.0,0.0,0.0,
Immortelle Harmonie Serum - Immortelle Harmony Serum,11810.0,13,0.0,0.0,0.0,
Reine Blanche Overnight Targeted Spot Care - Reine Blanche Leke Giderici Gece Bakım Ürünü,3850.0,13,0.0,0.0,0.0,
Shea Butter Bi-Phase Serum - Shea İki Fazlı Cilt Serumu,2420.0,13,0.0,0.0,0.0,
Fleurs De Cerisier Lip Balm - Kiraz Çiçeği Dudak Balmı,590.0,13,0.0,0.0,0.0,
Rose Lip Balm - Gül Dudak Balmı,590.0,13,0.0,0.0,0.0,
Shea Butter Ultra Rich Lip Balm - Shea Yoğun Nemlendirici Dudak Balmı,590.0,13,0.0,0.0,0.0,
Reine Blanche Illuminating Mist - Reine Blanche Aydınlatıcı Yüz Misti,1210.0,13,0.0,0.0,0.0,
Rose Hand Cream - Gül El Kremi,1680.0,13,0.0,0.0,0.0,
Osmanthus Abricot Hand Cream - Osmanthus Abricot El Kremi,560.0,13,0.0,0.0,0.0,
Mélilot Hand Cream - Mélilot El Kremi,560.0,13,0.0,0.0,0.0,
Barbotine Hand Cream - Barbotine El Kremi,560.0,13,0.0,0.0,0.0,
Lavander Blanche Hand Cream - Beyaz Lavanta El Kremi,1180.0,13,0.0,0.0,0.0,
Fleurs De Cerisier Hand Cream - Kiraz Çiçeği El Kremi,560.0,13,0.0,0.0,0.0,
Neroli & Orchidee Hand Cream - Portakal Çiçeği & Orkide El Kremi,1680.0,13,0.0,0.0,0.0,
Glycine Hand Cream - Glycine El Kremi,560.0,13,0.0,0.0,0.0,
Ortie Blanche (Herbae) Hand Cream - Ortie Blanche (Herbae) El Kremi,560.0,13,0.0,0.0,0.0,
Lavender Hand Cream - Lavanta El Kremi,560.0,13,0.0,0.0,0.0,
Néroli & Orchidée Hand Cream - Portakal Çiçeği & Orkide El Kremi,560.0,13,0.0,0.0,0.0,
Osmanthus Hand Cream - Osmanthus El Kremi,560.0,13,0.0,0.0,0.0,
Verbena Geranium Hand Cream - Sardunya & Mineçiçeği El Kremi,560.0,13,0.0,0.0,,
Verbena Cooling Hand Cream - Mine Çiçeği El Kremi,560.0,13,0.0,0.0,0.0,
Citrus Verbena Hand Cream - Citrus Verbena El Kremi,560.0,13,0.0,0.0,0.0,
Shea Midday Soap - Shea Midday Sabun,440.0,13,0.0,0.0,0.0,
Lavander Blanche Soap - Beyaz Lavanta Sabun,370.0,13,0.0,0.0,0.0,
Fleurs De Cerisier Soap - Kiraz Çiçeği Sabun,370.0,13,0.0,0.0,0.0,
Rose Soap - Gül Sabun,370.0,13,0.0,0.0,0.0,
Cherry Blossom Soap - Kiraz Çiçeği Sabun,370.0,13,0.0,0.0,0.0,
Cap Cédrat Soap - Cap Cedrat Sabun,370.0,13,0.0,0.0,0.0,
Shea Butter Ultra Rich Hand & Body Wash - Shea El & Vücut Sabunu,1120.0,13,0.0,0.0,0.0,
Shea Midday Shower Cream - Shea Midday Duş Kremi,1180.0,13,0.0,0.0,0.0,
Noble Epine Shower Gel - Noble Epine Duş Jeli,1180.0,13,0.0,0.0,0.0,
Mélilot  Shower Gel - Mélilot  Duş Jeli,1180.0,13,0.0,0.0,0.0,
Barbotine Shower Gel - Barbotine Duş Jeli,1180.0,13,0.0,0.0,0.0,
Lavander Blanche Shower Gel - Beyaz Lavanta Duş Jeli,1180.0,13,0.0,0.0,0.0,
Fleurs De Cerisier Shower Gel - Kiraz Çiçeği Duş Jeli,1180.0,13,0.0,0.0,0.0,
Cedre Gingembre(Cap Cedrat) Shower Gel - Cedre Gingembre(Cap Cedrat) Duş Jeli,440.0,13,0.0,0.0,0.0,
Neroli & Orchidee Shower Gel - Portakal Çiçeği & Orkide Duş Jeli,440.0,13,0.0,0.0,0.0,
Glycine Shower Gel - Glycine Duş Jeli,1180.0,13,0.0,0.0,0.0,
Rose Shower Gel - Gül Duş Jeli,1180.0,13,0.0,0.0,0.0,
Lavande Poivre Noir (L'Occitan) Shower Gel - Lavande Poivre Noir (L'Occitan) Duş Jeli,1180.0,13,0.0,0.0,0.0,
Ortie Blanche (Herbae) Shower Gel - Ortie Blanche (Herbae) Duş Jeli,1180.0,13,0.0,0.0,0.0,
Osmanthus Abricot Shower Gel - Osmanthus Abricot Duş Jeli,1180.0,13,0.0,0.0,0.0,
Osmanthus Shower Oil - Osmanthus Duş Yağı,1550.0,13,0.0,0.0,0.0,
Citrus Verbena Shower Gel Eco-Refill - Citrus Verbena Duş Jeli - Ekolojik & Ekonomik Yedek,1900.0,13,0.0,0.0,0.0,
Verbena Shower Gel Eco-Refill - Mine Çiçeği Duş Jeli Eko-Yedek,1900.0,13,0.0,0.0,0.0,
Cherry Blossom Shower Gel Eco-Refill - Kiraz Çiçeği Duş Jeli Eko-Yedek,1900.0,13,0.0,0.0,0.0,
Lavender Foaming Bath - Lavanta Banyo Köpüğü,1860.0,13,0.0,0.0,0.0,
Osmanthus Shower Gel - Osmanthus Duş Jeli,1180.0,13,0.0,0.0,0.0,
Néroli & Orchidée Shower Gel - Portakal Çiçeği & Orkide Duş Jeli,440.0,13,0.0,0.0,,
Verbena Shower Gel - Mine Çiçeği Duş Jeli,2110.0,13,0.0,0.0,0.0,
White Lavender Shower Gel - Beyaz Lavanta Duş Jeli,1180.0,13,0.0,0.0,0.0,
Artichoke Body Scrub - Enginar Vücut Peelingi,3050.0,13,0.0,0.0,0.0,
Shea Kumquat Body Scrub - Shea Kumkuat Vücut  Scrubı,1450.0,13,0.0,0.0,0.0,
Artichoke Massage Cream - Enginar Masaj Kremi,3670.0,13,0.0,0.0,0.0,
Noble Epine Body Lotion - Noble Epine Vücut Losyonu,1800.0,13,0.0,0.0,0.0,
Mélilot  Body Lotion - Mélilot  Vücut Losyonu,1800.0,13,0.0,0.0,0.0,
Barbotine Body Lotion - Barbotine Vücut Losyonu,1800.0,13,0.0,0.0,0.0,
Lavander Blanche Body Lotion - Beyaz Lavanta Vücut Losyonu,1800.0,13,0.0,0.0,0.0,
Fleurs De Cerisier Body Lotion - Kiraz Çiçeği Vücut Losyonu,1800.0,13,0.0,0.0,0.0,
Neroli & Orchidee Body Lotion - Portakal Çiçeği & Orkide Vücut Losyonu,1800.0,13,0.0,0.0,0.0,
Glycine Body Lotion - Glycine Vücut Losyonu,1800.0,13,0.0,0.0,0.0,
Rose Body Lotion - Gül Vücut Losyonu,1800.0,13,0.0,0.0,0.0,
Ortie Blanche (Herbae) Body Lotion - Ortie Blanche (Herbae) Vücut Losyonu,1800.0,13,0.0,0.0,0.0,
Osmanthus Abricot Body Lotion - Osmanthus Abricot Vücut Losyonu,1800.0,13,0.0,0.0,0.0,
Shea Butter Ultra Rich Body Cream - Shea Yoğun Nemlendirici Vücut Kremi,810.0,13,0.0,0.0,0.0,
Verbena Cooling Body Gel - Mine Çiçeği Jel Vücut Losyonu,1800.0,13,0.0,0.0,,
Wisteria Body Lotion - Mor Salkım Vücut Losyonu,1800.0,13,0.0,0.0,0.0,
Citrus Verbena Body Milk - Citrus Verbena Vücut Losyonu,1800.0,13,0.0,0.0,0.0,
Verbena Body Lotion - Mine Çiçeği Vücut Losyonu,1800.0,13,0.0,0.0,0.0,
Lavender Body Lotion - Lavanta Vücut Losyonu,1800.0,13,0.0,0.0,0.0,
Shea Baby Moist Milk - Shea Baby Nemlendirici Krem,2110.0,13,0.0,0.0,0.0,
Immortelle Shea Pro Youth Body Oil - Imortelle Shea Yaşlanma Karşıtı Vücut Yağı,4290.0,13,0.0,0.0,0.0,
Cocon de Sérénité Essential Oil Blend Roll - On - Rahatlatıcı Esansiyel Yağ Karışımlı Roll - On,1240.0,13,0.0,0.0,0.0,
Eau des Baux Deodorant Stick Refill - Baux Stick Deodorant Yedek,1060.0,13,0.0,,0.0,
Eau de Cédrat Deodorant Stick Refill  - Cedrat Stick Deodorant Yedek,1060.0,13,0.0,0.0,0.0,
Aromachology Refreshing Aromatic Deodorant - Tazeleyici Aromatik Deodorant,1180.0,13,0.0,0.0,0.0,
Citrus Verbena Deodorant - Citrus Verbena Deodorant,1180.0,13,0.0,0.0,0.0,
Lavande Poivre Noir (L'Occitan) Roll on - Lavande Poivre Noir (L'Occitan) Roll on,1180.0,13,0.0,0.0,0.0,
Verbena Shower Gel & Eco-Refill Duo - Mine Çiçeği Duş Jeli & Eko- Yedek İkilisi,3080.0,13,0.0,0.0,0.0,
Gentle & Balance Shampoo - Dengeleyici Şampuan,1550.0,13,0.0,0.0,0.0,
Intensive Repair Micellar Pre Shampoo - Onarıcı Miselar Ön Yıkama Şampuanı,1800.0,13,0.0,0.0,0.0,
Intensive Repair Shampoo - Onarıcı Şampuan,1550.0,13,0.0,0.0,0.0,
Purifying Freshness Shampoo - Arındırıcı & Canlandırıcı Şampuan,500.0,13,0.0,0.0,0.0,
Purifying Freshness Shampoo Eco-Refill - Arındırıcı & Canlandırıcı Şampuan Eko-Yedek,2080.0,13,0.0,0.0,0.0,
Gentle & Balance Shampoo Eco-Refill - Dengeleyici Şampuan Eko-Yedek,2080.0,13,0.0,0.0,0.0,
Volume & Strength Shampoo Eco-Refill - Hacim & Dolgunluk Veren Şampuan Eko Yedek,2080.0,13,0.0,0.0,0.0,
Volume & Strength Shampoo - Hacim & Dolgunluk Veren Şampuan,2330.0,13,0.0,0.0,0.0,
Volume & Strength Travel Size Shampoo - Hacim & Dolgunluk Veren Seyahat Boy Şampuan,500.0,13,0.0,0.0,0.0,
Citrus Verbena Shampoo - Citrus Verbena Şampuan,1210.0,13,0.0,0.0,0.0,
Volume & Strength Conditioner Eco-Refill - Hacim & Dolgunluk Saç Kremi Eko Yedek,2490.0,13,0.0,0.0,0.0,
Volume & Strength Conditioner - Hacim & Dolgunluk Saç Kremi,2800.0,13,0.0,0.0,0.0,
Citrus Verbena Conditioner - Citrus Verbena Saç Kremi,1210.0,13,0.0,0.0,0.0,
Gentle & Balance Conditioner Eco-Refill - Dengeleyici Saç Kremi Eko-Yedek,2490.0,13,0.0,0.0,0.0,
Aromachology Gentle & Balance Conditioner - Aromakoloji Dengeleyici Saç Kremi,2800.0,13,0.0,0.0,0.0,
Gentle & Balance Conditioner - Dengeleyici Saç Kremi,1550.0,13,0.0,0.0,0.0,
Purifying Freshness Conditioner - Arındırıcı & Canlandırıcı Saç Kremi,1550.0,13,0.0,0.0,0.0,
Intensive Repair Conditioner - Onarıcı Saç Kremi,590.0,13,0.0,0.0,0.0,
Aromachology Intense Repairing Conditioner - Aromakoloji Onarıcı Saç Kremi,2800.0,13,0.0,0.0,0.0,
Aromachology Intense Repairing Conditioner Eco-Refill - Aromakoloji Onarıcı Saç Kremi Eko-Yedek,2490.0,13,0.0,0.0,0.0,
Purifying Freshness Conditioner Eco-Refill - Arındırıcı & Canlandırıcı Saç Kremi Eko-Yedek,2490.0,13,0.0,0.0,0.0,
Immortelle Pro Youth Scalp Serum - Immortelle Gençleştirici Saç Serumu,3050.0,13,0.0,0.0,0.0,
Soothing Defence Serum - Yatıştırıcı ve Koruyucu Saç Serumu,2420.0,13,0.0,0.0,0.0,
Aromachology Scalp Night Serum - Aromakoloji Saç Derisi Gece Serumu,2420.0,13,0.0,0.0,0.0,
Aromachology Anti Hair-Loss Serum - Aromakoloji Saç Dökülmesi Önleyici Serum,2420.0,13,0.0,0.0,0.0,
Intensive Repair Protective Mist - Onarıcı Koruyucu Mist,1800.0,13,0.0,0.0,,
Anti Frizz Emulsion - Elektriklenme Önleyen Saç Losyonu,1800.0,13,0.0,0.0,0.0,
Volume & Strength Leave In Conditioner - Volume & Strength Hacim & Güç Veren Saçta Kalan Bakım Ürünü,1800.0,13,0.0,0.0,0.0,
Aromachology Intense Repairing Infused Oil - Aromakoloji Onarıcı Saç Bakım Yağı,1490.0,13,0.0,0.0,0.0,
Intensive Repair Mask - Onarıcı Saç Maskesi,2180.0,13,0.0,0.0,0.0,
Purifying Freshness Vinegar Hair Tonic - Arındırıcı & Canlandırıcı Saç Toniği,1800.0,13,0.0,0.0,0.0,
Aromachology Intense Repairing Hair Syling Balm - Aromakoloji Saç Şekillendirici Balm,1800.0,13,0.0,0.0,0.0,
Aromachology Purifying Freshness Dry Shampoo - Aromakoloji Arındırıcı & Canlandırıcı Kuru Şampuan,1550.0,13,0.0,0.0,0.0,
Almond Night Eau de Toilette - Almond Night EDT Parfüm,4040.0,13,0.0,0.0,0.0,
Barbotine Eau de Parfum - Barbotine Parfüm EDP,4350.0,13,0.0,0.0,0.0,
Lavander Blanche Eau De Toilette - Beyaz Lavanta EDT Parfüm,3730.0,13,0.0,0.0,0.0,
Osmanthus Abricot Eau de Toilette - Osmanthus Abricot EDT Parfüm,3730.0,13,0.0,0.0,0.0,
Cherry Blossom Eau de Toilette - Kiraz Çiçeği Parfüm EDT,1210.0,13,0.0,0.0,0.0,
Osmanthus Eau de Toilette Spray  - Osmanthus EDT Sprey,1240.0,13,0.0,0.0,0.0,
Citrus Verbena Eau de Toilette - Citrus Verbena Parfüm EDT,4040.0,13,0.0,0.0,0.0,
Terre de Lumiere Eau de Parfum – Terre de Lumiere Parfüm EDP,4350.0,13,0.0,0.0,0.0,
White Lavender Eau de Toilette - Beyaz Lavanta Parfüm EDT,3730.0,13,0.0,0.0,0.0,
Pamplemousse Rhubarbe Eau de Toilette - Pamplemousse Rhubarbe Parfüm EDT,3730.0,13,0.0,0.0,0.0,
Eau d'Iparie Eau de Parfum - Eau d'Iparie Parfüm EDP,4350.0,13,0.0,0.0,0.0,
The Vert Eau de Toilette - The Vert Parfüm EDT,3730.0,13,0.0,0.0,0.0,
Ambre Eau de Parfum - Amber Parfüm EDP,4350.0,13,0.0,0.0,0.0,
Cedrat Eau de Toilette - Cedrat EDT Parfüm,3730.0,13,0.0,0.0,0.0,
Cedre Gingembre(Cap Cedrat) Eau de Toilette - Cedre Gingembre(Cap Cedrat) EDT Parfüm,3730.0,13,0.0,0.0,0.0,
Cedre Encens (Baux) Eau de Toilette - Cedre Encens (Baux) EDT Parfüm,3730.0,13,0.0,0.0,0.0,
Lavande Poivre Noir (L'Occitan) Eau De Toilette - Lavande Poivre Noir (L'Occitan) EDT Parfüm,3730.0,13,0.0,0.0,0.0,
Diffuser Stick for 235 and 240 MLs - Oda Kokusu Çubukları – 235 ve 240 ML'ler için,250.0,13,0.0,0.0,0.0,
Cocon de Sérénité Relaxing Pillow Mist - Rahatlatıcı Yastık Misti,1550.0,13,0.0,0.0,0.0,
Verbena Candle - Mine Çiçeği Mum,2420.0,13,0.0,0.0,0.0,
White Lavender Candle - Beyaz Lavanta Mum,2420.0,13,0.0,0.0,0.0,
Osmanthus Candle - Osmanthus Mum,2420.0,13,0.0,0.0,0.0,
Cocon De Sérénité Candle - Mum,2420.0,13,0.0,0.0,0.0,
Cade After Shave Balm - Cade Tıraş Sonrası Kremi,1500.0,13,0.0,0.0,0.0,
Cedrat After Shave Balm - Cedrat Tıraş Sonrası Balmı,1860.0,13,0.0,0.0,0.0,
Cedre Gingembre(Cap Cedrat) After Shave Balm - Cedre Gingembre(Cap Cedrat) Tıraş Sonrası Balmı,1860.0,13,0.0,0.0,0.0,
Cedre Encens (Baux) After Shave Balm - Cedre Encens (Baux) Tıraş Sonrası Balmı,1860.0,13,0.0,0.0,0.0,
Lavande Poivre Noir (L'Occitan) After Shave Balm - Lavande Poivre Noir (L'Occitan) Tıraş Sonrası Balmı,1860.0,13,0.0,0.0,0.0,
Cade Refreshing Shaving Gel - Cade Tıraş Jeli,930.0,13,0.0,0.0,0.0,
Cade Shaving Soap - Cade Tıraş Sabunu,930.0,13,0.0,0.0,0.0,
Cade Rich Shaving Cream - Cade Tıraş Kremi,1240.0,13,0.0,0.0,0.0,
Cade Multi Grooming Balm - Cade Tıraş ve Tıraş Sonrası Balmı,1550.0,13,0.0,0.0,0.0,
L’Occitane Best Seller Hediye Seti,1800.0,13,0.0,0.0,0.0,
Badem Vücut Bakım Seti - Almond Body Care Set,2800.0,13,0.0,0.0,0.0,
Cherry Blossom Keşif Seti - Cherry Blossom Discovery Set,1600.0,13,0.0,0.0,,
White Lavander Keşif Seti,900.0,13,0.0,0.0,0.0,
Badem Keşif Seti - Almond Discovery Set,1600.0,13,0.0,0.0,0.0,
Neroli & Orchidee Keşif Seti,1600.0,13,0.0,0.0,0.0,
Rose Parfüm Çantası,1200.0,13,0.0,0.0,0.0,
Badem Vücut Bakım Seti,2400.0,13,0.0,0.0,0.0,
Cherry Blossom Keşif Seti,1200.0,13,0.0,0.0,0.0,
Neroli & Orchidee Parfüm Çantası,1200.0,13,0.0,0.0,0.0,
Neroli & Orchidee Parfüm Kiti,1400.0,13,0.0,0.0,0.0,
Kiraz Çiçeği Yılbaşı Süsü - Fleurs De Cerisier Ornament,800.0,13,0.0,0.0,0.0,
Verbena Cracker - Mine Çiçeği Yılbaşı Bonbon,400.0,13,0.0,0.0,0.0,
Shea Yılbaşı Süsü - Shea Ornament,800.0,13,0.0,0.0,0.0,
Verbena Yılbaşı Süsü - Verbena Ornament,800.0,13,0.0,0.0,0.0,
Men Ornament - Erkek Yılbaşı Süsü,600.0,13,0.0,0.0,0.0,
Reset Serum & Yüz Spatulası Minik Hediye Seti - Reset Serum & Face Care Spatula Mini Gift Set,1080.0,13,0.0,,0.0,
Divine Krem & Yüz Spatulası Minik Hediye Seti - Divine Cream & Face Care Spatula Mini Gift Set,1355.0,13,0.0,0.0,,
Beauty Box Best Seller,1100.0,13,0.0,0.0,,
BAKIM ÇANTASI - SHEA VÜCUT YILBAŞI 2024,1620.0,13,0.0,0.0,,
Shea Butter Bonbon,300.0,13,0.0,,,
Almond Bonbon,300.0,13,0.0,,,
Cherry Blossom Bonbon,300.0,13,0.0,,,
Men Care Bag - Erkek Bakım Çantası,1000.0,13,0.0,0.0,,
Artichoke Bakım Çantası,900.0,13,0.0,0.0,,
Mini El Bakım Çantası,700.0,13,0.0,0.0,,
Osmanthus Keşif Seti,850.0,13,0.0,0.0,,
Cherry Blossom Perfume Gift Kit - Cherry Blossom Parfüm Hediye Kiti,5780.0,13,0.0,0.0,0.0,
Neroli Orchidee Perfume Gift Set - Portakal Çiçeği & Orkide Parfüm Hediye Seti,4730.0,13,0.0,,0.0,
Lavande Blanche - White Lavender Perfume & Hand Cream Duo - Beyaz Lavanta Parfüm & El Kremi İkilisi,4910.0,13,0.0,0.0,0.0,
Neroli & Orchidee Perfume & Hand Cream Duo - Portakal Çiçeği & Orkide Parfüm & El Kremi İkilisi,4910.0,13,0.0,0.0,0.0,
Fleurs de Cerisier -  Cherry Perfume & Lip Balm Duo - Fleurs de Cerisier -  Cherry Parfüm & Dudak Balmı İkilisi,4630.0,13,0.0,0.0,0.0,
Fleurs de Cerisier - Cherry Shower Gel & Refill Duo - Kiraz Çiçeği Duş Jeli & Ekonomik Yedek İkilisi,3080.0,13,0.0,0.0,0.0,
Fleurs de Cerisier -  Cherry Hand & Lip Care Gift Set - Kiraz Çiçeği El ve Dudak Bakım Hediye Seti,1520.0,13,0.0,0.0,0.0,
Osmanthus Abricot Perfume & Hand Cream Duo - Osmanthus Abricot Parfüm & El Kremi Hediye Seti,1740.0,13,0.0,0.0,0.0,
Osmanthus Abricot Perfume Gift Set - Osmanthus Abricot Parfüm Hediye Seti,6710.0,13,0.0,0.0,0.0,
Lavande Blanche - White Lavender Perfume & Body Care Gift Set - Beyaz Lavanta Parfüm & Vücut Bakım Hediye Seti,7890.0,13,0.0,0.0,0.0,
Rose Body Care Gift Set - Gül Vücut Bakım Hediye Seti,4160.0,13,0.0,0.0,0.0,
Ortie Blanche - Herbae Perfume & Body Care Gift Set - Ortie Blanche - Herbae Parfüm & Vücut Bakım Hediye Seti,7890.0,13,0.0,0.0,0.0,
Peony Morning Perfume Gift Set - Peony Morning Parfüm Hediye Seti,7150.0,13,0.0,0.0,0.0,
Neroli & Orchidee Perfume & Body Care Gift Set - Portakal Çiçeği & Orkide Parfüm & Vücut Bakım Hediye Seti,6710.0,13,0.0,0.0,0.0,
Neroli & Orchidee Body Care Gift Set - Portakal Çiçeği & Orkide Vücut Bakım Hediye Seti,3540.0,13,0.0,,0.0,
Peony Morning Perfume & Body Care Gift Set - Peony Morning Parfüm & Vücut Bakım Hediye Seti,5780.0,13,0.0,0.0,0.0,
Mini Caring Kit - Mini Bakım Seti,565.0,13,0.0,0.0,,
Source Reotier Skincare Set - Source Reotier Cilt Seti,4900.0,13,0.0,0.0,0.0,
Artichoke Body Care Gift Set - Enginar Vücut Bakım Hediye Seti,6720.0,13,0.0,0.0,0.0,
Immortelle Precious Skincare Gift Set - Immortelle Precious Cilt Bakım Hediye Seti,7390.0,13,0.0,0.0,0.0,
Immortelle Skincare Gift Set - Immortelle Cilt Bakım Hediye Seti,9950.0,13,0.0,,0.0,
Best of Skin Care Gift Set - Cilt Bakımında En İyiler Hediye Seti,14490.0,13,0.0,0.0,0.0,
Verbena Bodycare Gift Set - Mine Çiçeği Vücut Bakım Hediye Seti,3540.0,13,0.0,0.0,0.0,
Immortelle Divine Krem - Göz Kremi İkilisi,9890.0,13,0.0,,0.0,
Immortelle Precious Cream & Eye Balm Duo - Immortelle Precious Krem & Göz Balmı İkilisi,6780.0,13,0.0,0.0,0.0,
Lavande Poivre Noir -L'Occitan Perfume & Body Care Gift Set - Lavande Poivre Noir - L'Occitan Parfüm & Vücut Bakımı Hediye Seti,6090.0,13,0.0,0.0,0.0,
Cedre Gincembre - Cap Cedrat Perfume & After Shave Duo - Cedre Gincembre - Cap Cedrat Parfüm ve Tıraş Sonrası Bakım İkilisi,5590.0,13,0.0,0.0,0.0,
Portakal Çiçeği & Yuzu Oda Kokusu Hediye Seti - Neroli & Yuzu Home Diffuser Gifting Kit,8700.0,13,0.0,0.0,0.0,
Les Restanques de Mane Oda Kokusu Hediye Seti - Les Restanques de Mane Home Diffuser Gifting Kit,8000.0,13,0.0,0.0,0.0,
Lavanta & Misk Oda Kokusu Hediye Seti - Lavande & Musk Home Diffuser Gifting Kit,8700.0,13,0.0,0.0,0.0,
Les Terrasses de Forcalquier Oda Kokusu Hediye Seti - Les Terrasses de Forcalquier Home Diffuser Gifting Kit,8000.0,13,0.0,0.0,0.0,
Mine Çiçeği & Sandal Ağacı Oda Kokusu Hediye Seti- Verveine & Santal Home Diffuser Gifting Kit,7640.0,13,0.0,0.0,,
İncir & Oolong Oda Kokusu Hediye Seti - Figuier Ooloıng Diffuser Giftng Kit,4660.0,13,0.0,0.0,0.0,
Le Chemin des Baronnies Orta Boy Oda Kokusu Hediye Seti - Le Chemin des Baronnies Mid Size Home Diffuser Gifting Kit,5350.0,13,0.0,0.0,0.0,
Le Chemin des Baronnies Oda Kokusu Hediye Seti - Le Chemin des Baronnies Home Diffuser Gifting Kit,8000.0,13,0.0,0.0,0.0,
Lavender Home Gift Set - Lavanta Ev Hediyesi Seti,3000.0,13,0.0,0.0,0.0,
Verbena Home Gift Set - Verbena Ev Hediyesi Seti,3650.0,13,0.0,0.0,0.0,
Cocon de Seranite Home Gift Set - Cocon de Seranite Ev Hediyesi Seti,4400.0,13,0.0,0.0,0.0,
Shea Liquid Soap Trio - Shea Likit Sabun Üçlüsü,7650.0,13,0.0,0.0,0.0,
Shea Verbena Liquid Soap & Lotion Duo - Shea Verbena Likit Sabun & Losyon İkilisi,4150.0,13,0.0,0.0,0.0,
Mine Çiçeği & Mimoza Parfüm Hediye Seti - Verveine & Mimosa Perfume Gifting Kit,7020.0,13,0.0,0.0,0.0,
Almond El ve Vücut Bakım Seti - Almond Hand & Body Care Kit,6900.0,13,0.0,0.0,0.0,
Almond Duş Yağı & Refill İkilisi - Almond Shower Oil & Refill Duo,5060.0,13,0.0,0.0,0.0,
Almond Vücut Bakım  Hediye Seti Üçlüsü - Almond Body Care Gifting Kit,4660.0,13,0.0,0.0,0.0,
Almond Vücut Yağı ve Refill İkilisi - Almond Body Oil & Refill Duo,4970.0,13,0.0,0.0,0.0,
Immortelle Shea Yaşlanma Karşıtı Vücut Bakım İkilisi - Immortelle Shea Anti - Aging Body Care Duo,8580.0,13,0.0,0.0,0.0,
Fleurs De Cerisier Parfüm Hediye Seti - Fleurs De Cerisier Perfume Gifting Kit,7020.0,13,0.0,0.0,0.0,
Shea Butter El ve Ayak Bakım Üçlüsü - Shea Butter Hand & Foot Care Trio,1870.0,13,0.0,0.0,0.0,
Almond Vücut Yağı İkilisi - Almond Body Oil Duo,3910.0,13,0.0,0.0,0.0,
Almond Vücut Bakım İkilisi Hediye Seti - Almond Bocy Care Duo Gifting Kit,4720.0,13,0.0,0.0,0.0,
Almond Duş Bakım Seti - Almond Shower Care Kit,7150.0,13,0.0,0.0,0.0,
Shea Butter Hediye Seti - Shea Butter Gifting Kit,3760.0,13,0.0,0.0,0.0,
Shea Butter Balm El & Ayak Bakım İkilisi - Shea Butter Balm Hand & Foot Care Duo,3600.0,13,0.0,0.0,0.0,
Shea Butter Duş Bakım İkilsi - Shea Butter Shower Care Duo,3550.0,13,0.0,0.0,0.0,
Shea Butter Duş Bakım Seti - Sahe Butter Shower Care Kit,2490.0,13,0.0,0.0,0.0,
Beauty Box 2026,1500.0,13,0.0,0.0,0.0,
Almond Vücut & Saç Bakım Seti - Almond Body & Hair Care Kit,4470.0,13,0.0,0.0,0.0,
Almond Vücut& Saç Bakım İkilisi - Almond Body & Hair Care Duo,4840.0,13,0.0,0.0,0.0,
