tarih,malatya_avg_inflation_1d,malatya_tuik_weighted_1d,malatya_avg_inflation_7d,malatya_tuik_weighted_7d,malatya_avg_inflation_15d,malatya_tuik_weighted_15d,malatya_avg_inflation_30d,malatya_tuik_weighted_30d,elazig_avg_inflation_1d,elazig_tuik_weighted_1d,elazig_avg_inflation_7d,elazig_tuik_weighted_7d,elazig_avg_inflation_15d,elazig_tuik_weighted_15d,elazig_avg_inflation_30d,elazig_tuik_weighted_30d,tunceli_avg_inflation_1d,tunceli_tuik_weighted_1d,tunceli_avg_inflation_7d,tunceli_tuik_weighted_7d,tunceli_avg_inflation_15d,tunceli_tuik_weighted_15d,tunceli_avg_inflation_30d,tunceli_tuik_weighted_30d,malatya_avg_inflation_2026-05-23,malatya_tuik_weighted_2026-05-23,elazig_avg_inflation_2026-05-23,elazig_tuik_weighted_2026-05-23,tunceli_avg_inflation_2026-05-23,tunceli_tuik_weighted_2026-05-23
2026-03-21,0.177145,0.177145,0.145776,0.145776,1.229763,1.229763,,,-0.306792,-0.306792,0.558111,0.558111,-0.805529,-0.805529,,,-1.764706,-1.764706,1.379445,1.379445,-2.78511,-2.78511,,,,,,,,
2026-03-22,-0.848086,-0.848086,-0.899085,-0.899085,1.046323,1.046323,,,0.292428,0.292428,1.606721,1.606721,-0.115828,-0.115828,,,1.555556,1.555556,2.260794,2.260794,-0.78511,-0.78511,,,,,,,,
2026-03-23,-0.89478,-0.89478,-1.576504,-1.576504,-0.893242,-0.893242,,,-0.029832,-0.029832,1.066437,1.066437,0.804794,0.804794,,,0.0,0.0,7.857143,7.857143,1.715618,1.715618,,,,,,,,
2026-03-24,0.776965,0.776965,-0.607832,-0.607832,0.039215,0.039215,,,-0.0532,-0.0532,0.775606,0.775606,0.044757,0.044757,,,0.0,0.0,7.857143,7.857143,0.7485,0.7485,,,,,,,,
2026-03-25,0.356199,0.356199,-1.054379,-1.054379,0.066694,0.066694,,,-0.125632,-0.125632,-0.24287,-0.24287,-0.31185,-0.31185,,,-1.282051,-1.282051,2.753689,2.753689,-0.284382,-0.284382,,,,,,,,
2026-03-26,0.477371,0.477371,-0.987281,-0.987281,-0.690163,-0.690163,,,0.891117,0.891117,0.787266,0.787266,0.735006,0.735006,,,-2.560386,-2.560386,-2.87478,-2.87478,-8.798876,-8.798876,,,,,,,,
2026-03-27,0.380348,0.380348,0.86607,0.86607,0.23029,0.23029,,,-0.562577,-0.562577,-0.161383,-0.161383,0.6914,0.6914,,,1.948854,1.948854,-2.411038,-2.411038,0.02442,0.02442,,,,,,,,
2026-03-28,0.055054,0.055054,0.906778,0.906778,0.004484,0.004484,,,-0.493635,-0.493635,-0.121909,-0.121909,0.616768,0.616768,,,0.505051,0.505051,1.906746,1.906746,1.483516,1.483516,,,,,,,,
2026-03-29,-0.509337,-0.509337,0.562845,0.562845,-0.863029,-0.863029,,,-0.021998,-0.021998,-0.259083,-0.259083,0.316208,0.316208,,,-0.790514,-0.790514,-0.289835,-0.289835,2.546234,2.546234,,,,,,,,
2026-03-30,0.170767,0.170767,1.683496,1.683496,-0.445301,-0.445301,,,-0.180455,-0.180455,-0.281788,-0.281788,1.232074,1.232074,,,-1.124402,-1.124402,0.178571,0.178571,-0.059377,-0.059377,,,,,,,,
2026-03-31,-0.070524,-0.070524,0.801886,0.801886,-0.133764,-0.133764,,,-1.114401,-1.114401,-0.939368,-0.939368,0.166951,0.166951,,,0.352589,0.352589,-3.324176,-3.324176,2.5,2.5,,,,,,,,
2026-04-01,-0.521826,-0.521826,-0.107906,-0.107906,0.212859,0.212859,,,-0.126092,-0.126092,-0.449678,-0.449678,0.380841,0.380841,,,0.243902,0.243902,-2.267081,-2.267081,3.214286,3.214286,,,,,,,,
2026-04-02,-0.569122,-0.569122,-0.688506,-0.688506,-0.464541,-0.464541,1.663037,1.663037,0.423831,0.423831,-1.075614,-1.075614,-0.422558,-0.422558,2.912587,2.912587,1.761905,1.761905,2.81746,2.81746,-1.597222,-1.597222,-7.84585,-7.84585,,,,,,
2026-04-03,1.434886,1.434886,-0.371849,-0.371849,-0.523666,-0.523666,2.960599,2.960599,-0.172797,-0.172797,-1.335987,-1.335987,-0.684408,-0.684408,0.344248,0.344248,0.0,0.0,0.710227,0.710227,0.537919,0.537919,-7.113527,-7.113527,,,,,,
2026-04-04,-0.931384,-0.931384,-1.340835,-1.340835,0.61013,0.61013,1.058629,1.058629,0.249751,0.249751,-0.614513,-0.614513,-0.598858,-0.598858,-0.089856,-0.089856,0.0,0.0,0.163043,0.163043,0.320443,0.320443,1.785918,1.785918,,,,,,
2026-04-05,0.17539,0.17539,-0.645328,-0.645328,1.602024,1.602024,1.376742,1.376742,0.561371,0.561371,-0.396099,-0.396099,0.331654,0.331654,0.525034,0.525034,0.95883,0.95883,2.0,2.0,3.229718,3.229718,-4.909091,-4.909091,,,,,,
2026-04-06,0.33018,0.33018,-1.176299,-1.176299,1.43435,1.43435,0.967875,0.967875,0.002937,0.002937,-0.149653,-0.149653,0.059874,0.059874,0.704041,0.704041,0.952381,0.952381,4.956307,4.956307,3.387706,3.387706,-3.863636,-3.863636,,,,,,
2026-04-07,-0.0405,-0.0405,-0.020789,-0.020789,1.425105,1.425105,2.385997,2.385997,0.040251,0.040251,0.561939,0.561939,-1.132088,-1.132088,0.477063,0.477063,-0.131579,-0.131579,4.331938,4.331938,3.543956,3.543956,-4.192584,-4.192584,,,,,,
2026-04-08,1.029748,1.029748,2.250123,2.250123,0.146465,0.146465,3.314925,3.314925,0.352371,0.352371,0.407118,0.407118,-0.111348,-0.111348,1.662253,1.662253,1.37037,1.37037,11.100085,11.100085,2.841444,2.841444,-3.518757,-3.518757,,,,,,
2026-04-09,-0.478938,-0.478938,1.542045,1.542045,0.717346,0.717346,3.92037,3.92037,-0.439622,-0.439622,0.4693,0.4693,0.414228,0.414228,1.489775,1.489775,-2.021706,-2.021706,0.956354,0.956354,1.694765,1.694765,-6.021531,-6.021531,,,,,,
2026-04-10,-1.128547,-1.128547,0.114326,0.114326,-1.135926,-1.135926,1.442685,1.442685,0.700004,0.700004,0.59415,0.59415,-0.592027,-0.592027,2.0897,2.0897,0.810811,0.810811,1.767165,1.767165,4.489796,4.489796,-2.865549,-2.865549,,,,,,
2026-04-11,1.084912,1.084912,1.301019,1.301019,0.481753,0.481753,2.086635,2.086635,0.263212,0.263212,1.192011,1.192011,-0.539556,-0.539556,2.678104,2.678104,-1.069735,-1.069735,0.859998,0.859998,-0.847027,-0.847027,-4.570421,-4.570421,,,,,,
2026-04-12,0.679631,0.679631,0.287788,0.287788,-0.611112,-0.611112,1.099586,1.099586,0.054907,0.054907,0.733688,0.733688,-0.013142,-0.013142,2.966753,2.966753,-0.029377,-0.029377,-0.317855,-0.317855,-1.561004,-1.561004,-3.21782,-3.21782,,,,,,
2026-04-13,-0.940064,-0.940064,-0.221731,-0.221731,-0.930939,-0.930939,-0.249608,-0.249608,0.189348,0.189348,1.012114,1.012114,0.151315,0.151315,1.801208,1.801208,0.0,0.0,-1.387559,-1.387559,-0.357587,-0.357587,0.885838,0.885838,,,,,,
2026-04-14,-1.094513,-1.094513,-1.12276,-1.12276,-2.316701,-2.316701,-1.097519,-1.097519,0.051452,0.051452,1.192999,1.192999,-0.218466,-0.218466,3.52376,3.52376,-0.134409,-0.134409,-1.536785,-1.536785,1.49589,1.49589,-1.097819,-1.097819,,,,,,
2026-04-15,0.915428,0.915428,-1.274507,-1.274507,-0.292686,-0.292686,0.478489,0.478489,0.040355,0.040355,0.442172,0.442172,1.158116,1.158116,4.100067,4.100067,0.758752,0.758752,-6.260064,-6.260064,1.845324,1.845324,2.84468,2.84468,,,,,,
2026-04-16,-0.515493,-0.515493,-0.404581,-0.404581,1.884212,1.884212,-0.892669,-0.892669,0.099694,0.099694,0.126654,0.126654,0.586907,0.586907,4.128968,4.128968,-0.132979,-0.132979,0.245762,0.245762,1.285344,1.285344,2.53218,2.53218,,,,,,
2026-04-17,0.072788,0.072788,1.042663,1.042663,0.488918,0.488918,-0.357425,-0.357425,-0.460961,-0.460961,-0.008559,-0.008559,1.722176,1.722176,2.983442,2.983442,0.15361,0.15361,-0.722151,-0.722151,1.845324,1.845324,-0.301604,-0.301604,,,,,,
2026-04-18,-0.206758,-0.206758,-1.038537,-1.038537,-1.070517,-1.070517,-1.390768,-1.390768,-0.432807,-0.432807,-0.672045,-0.672045,1.014717,1.014717,0.811667,0.811667,-0.177305,-0.177305,0.605285,0.605285,2.56691,2.56691,0.428744,0.428744,,,,,,
2026-04-19,0.58552,0.58552,-0.796457,-0.796457,0.615403,0.615403,-0.476161,-0.476161,-0.338895,-0.338895,-0.980937,-0.980937,1.135948,1.135948,1.200372,1.200372,-0.179211,-0.179211,0.470139,0.470139,2.363658,2.363658,3.944369,3.944369,,,,,,
2026-04-20,0.070175,0.070175,0.326186,0.326186,0.711875,0.711875,1.281374,1.281374,-0.031544,-0.031544,-1.238239,-1.238239,-0.135218,-0.135218,0.807374,0.807374,0.217391,0.217391,0.779221,0.779221,0.918601,0.918601,4.256869,4.256869,,,,,,
2026-04-21,0.392167,0.392167,3.510024,3.510024,3.052875,3.052875,2.694348,2.694348,-0.338761,-0.338761,-0.829961,-0.829961,-0.554265,-0.554265,-0.143659,-0.143659,2.994624,2.994624,4.150198,4.150198,1.971396,1.971396,3.404839,3.404839,,,,,,
2026-04-22,-1.078086,-1.078086,0.740384,0.740384,0.61441,0.61441,1.527731,1.527731,-0.171481,-0.171481,-1.00402,-1.00402,-0.209706,-0.209706,-1.156713,-1.156713,1.395349,1.395349,4.074468,4.074468,3.531884,3.531884,2.352285,2.352285,,,,,,
2026-04-23,0.828947,0.828947,2.214886,2.214886,1.433087,1.433087,-0.76277,-0.76277,-0.59129,-0.59129,-1.008668,-1.008668,-1.723826,-1.723826,-1.207373,-1.207373,0.888889,0.888889,5.173835,5.173835,2.173913,2.173913,3.801561,3.801561,,,,,,
2026-04-24,-1.369063,-1.369063,0.211215,0.211215,-0.872245,-0.872245,-0.136825,-0.136825,0.382249,0.382249,0.284019,0.284019,-0.718263,-0.718263,0.459518,0.459518,-2.60979,-2.60979,1.811798,1.811798,3.243243,3.243243,2.717391,2.717391,,,,,,
2026-04-25,0.537769,0.537769,0.813409,0.813409,1.288176,1.288176,1.519653,1.519653,-0.085864,-0.085864,-0.203727,-0.203727,-1.521818,-1.521818,0.379244,0.379244,-3.915776,-3.915776,-2.208327,-2.208327,-2.72973,-2.72973,-0.108696,-0.108696,,,,,,
2026-04-26,0.487984,0.487984,0.63247,0.63247,-0.245601,-0.245601,1.60947,1.60947,0.021403,0.021403,1.00858,1.00858,-1.554855,-1.554855,-0.052082,-0.052082,-0.909804,-0.909804,-2.723976,-2.723976,-2.381977,-2.381977,-5.184453,-5.184453,,,,,,
2026-04-27,0.465233,0.465233,1.00951,1.00951,0.678828,0.678828,2.132571,2.132571,0.755469,0.755469,0.30691,0.30691,0.143133,0.143133,-0.244429,-0.244429,-0.707602,-0.707602,-3.638435,-3.638435,-3.015058,-3.015058,-4.697941,-4.697941,,,,,,
2026-04-28,-0.070006,-0.070006,0.093775,0.093775,1.671309,1.671309,3.74718,3.74718,-0.073762,-0.073762,0.697343,0.697343,-0.087057,-0.087057,-0.525053,-0.525053,0.454545,0.454545,2.958833,2.958833,-2.584951,-2.584951,-1.999837,-1.999837,,,,,,
2026-04-29,1.11143,1.11143,2.5346,2.5346,6.907785,6.907785,5.74182,5.74182,-0.249013,-0.249013,1.122538,1.122538,-0.455803,-0.455803,-0.603851,-0.603851,1.851852,1.851852,3.969956,3.969956,-0.200659,-0.200659,1.915504,1.915504,,,,,,
2026-04-30,-0.494997,-0.494997,0.470254,0.470254,5.692778,5.692778,7.81556,7.81556,-0.139191,-0.139191,0.378275,0.378275,-0.578206,-0.578206,-0.39228,-0.39228,-1.666667,-1.666667,0.141453,0.141453,-3.41423,-3.41423,-0.483215,-0.483215,,,,,,
2026-05-01,-0.787453,-0.787453,1.504596,1.504596,7.575361,7.575361,7.048749,7.048749,0.087745,0.087745,-0.311613,-0.311613,-0.410701,-0.410701,-0.599095,-0.599095,0.148148,0.148148,-4.671835,-4.671835,-3.052192,-3.052192,-0.741228,-0.741228,,,,,,
2026-05-02,-0.190423,-0.190423,0.248223,0.248223,6.345106,6.345106,5.702554,5.702554,-0.192265,-0.192265,-1.002327,-1.002327,-0.958047,-0.958047,-0.431729,-0.431729,-0.362319,-0.362319,-1.443137,-1.443137,-3.688202,-3.688202,-0.702514,-0.702514,,,,,,
2026-05-03,-0.61398,-0.61398,0.649144,0.649144,2.81711,2.81711,3.824509,3.824509,0.088795,0.088795,1.186778,1.186778,-0.024349,-0.024349,-0.904643,-0.904643,3.458458,3.458458,3.502924,3.502924,0.745127,0.745127,2.619052,2.619052,,,,,,
2026-05-04,-0.423308,-0.423308,-0.149237,-0.149237,2.887734,2.887734,9.066576,9.066576,-0.400568,-0.400568,-0.059639,-0.059639,-0.978038,-0.978038,-0.864586,-0.864586,3.535354,3.535354,8.509091,8.509091,5.153729,5.153729,6.209838,6.209838,,,,,,
2026-05-05,-0.176539,-0.176539,0.134466,0.134466,2.918668,2.918668,6.588936,6.588936,0.281577,0.281577,0.330128,0.330128,-0.021106,-0.021106,-0.621318,-0.621318,-2.018634,-2.018634,4.296296,4.296296,2.03545,2.03545,2.302586,2.302586,,,,,,
2026-05-06,0.874302,0.874302,-0.434558,-0.434558,2.255345,2.255345,6.450271,6.450271,-0.287508,-0.287508,0.106719,0.106719,1.030071,1.030071,-1.188549,-1.188549,-3.822773,-3.822773,-1.931442,-1.931442,2.668047,2.668047,-4.526316,-4.526316,,,,,,
2026-05-07,-0.332487,-0.332487,0.740903,0.740903,2.202677,2.202677,7.719755,7.719755,-0.774767,-0.774767,0.228675,0.228675,-0.238358,-0.238358,-0.36932,-0.36932,-1.41844,-1.41844,-1.672183,-1.672183,-7.969151,-7.969151,-6.005797,-6.005797,,,,,,
2026-05-08,0.167483,0.167483,0.840611,0.840611,1.204423,1.204423,5.41013,5.41013,0.525588,0.525588,-0.988542,-0.988542,0.223945,0.223945,-1.548163,-1.548163,0.0,0.0,-2.155412,-2.155412,-11.367734,-11.367734,-18.115942,-18.115942,,,,,,
2026-05-09,0.9503,0.9503,1.52231,1.52231,2.512494,2.512494,6.208781,6.208781,0.37143,0.37143,-0.408901,-0.408901,-0.156937,-0.156937,-0.569053,-0.569053,1.395349,1.395349,-0.406619,-0.406619,-6.903623,-6.903623,-3.921857,-3.921857,,,,,,
2026-05-10,-0.951436,-0.951436,0.327421,0.327421,1.619896,1.619896,5.746531,5.746531,0.324781,0.324781,-0.300238,-0.300238,-0.138253,-0.138253,-0.697218,-0.697218,0.0,0.0,0.058027,0.058027,-1.978862,-1.978862,-5.543478,-5.543478,,,,,,
2026-05-11,0.156313,0.156313,1.585637,1.585637,1.161419,1.161419,4.267968,4.267968,0.309984,0.309984,0.410789,0.410789,0.707388,0.707388,-0.762693,-0.762693,-2.554348,-2.554348,-6.262555,-6.262555,-3.737441,-3.737441,-7.149915,-7.149915,,,,,,
2026-05-12,-0.160289,-0.160289,3.310687,3.310687,1.692277,1.692277,4.184398,4.184398,0.409252,0.409252,-0.624506,-0.624506,-0.65007,-0.65007,0.719518,0.719518,2.906977,2.906977,1.55249,1.55249,9.542231,9.542231,10.053027,10.053027,,,,,,
2026-05-13,-0.001455,-0.001455,-0.21031,-0.21031,1.520635,1.520635,5.024612,5.024612,-1.161228,-1.161228,-0.705871,-0.705871,-0.787455,-0.787455,0.17337,0.17337,1.5625,1.5625,2.094415,2.094415,2.165337,2.165337,1.075269,1.075269,,,,,,
2026-05-14,0.839525,0.839525,0.9841,0.9841,0.820403,0.820403,11.46296,11.46296,-0.16791,-0.16791,-0.044684,-0.044684,-0.958708,-0.958708,-1.108526,-1.108526,-0.159314,-0.159314,4.244186,4.244186,-0.56383,-0.56383,0.0,0.0,,,,,,
2026-05-15,0.143737,0.143737,1.122246,1.122246,0.833059,0.833059,9.885232,9.885232,0.775114,0.775114,1.393748,1.393748,0.917397,0.917397,1.581545,1.581545,-6.200593,-6.200593,-2.543605,-2.543605,-4.744385,-4.744385,-17.012411,-17.012411,,,,,,
2026-05-16,-0.581753,-0.581753,-0.119617,-0.119617,2.206732,2.206732,7.671083,7.671083,-0.334907,-0.334907,0.068501,0.068501,-0.060639,-0.060639,0.513256,0.513256,1.948052,1.948052,-2.173913,-2.173913,-3.237743,-3.237743,-17.836022,-17.836022,,,,,,
2026-05-17,0.734978,0.734978,1.752486,1.752486,2.026174,2.026174,7.828337,7.828337,-0.53837,-0.53837,-0.935836,-0.935836,-0.390639,-0.390639,1.172848,1.172848,0.952381,0.952381,4.130435,4.130435,3.704492,3.704492,-1.595745,-1.595745,,,,,,
2026-05-18,-0.651876,-0.651876,0.747286,0.747286,3.300273,3.300273,5.866786,5.866786,-0.611191,-0.611191,-1.292478,-1.292478,-1.452281,-1.452281,0.327234,0.327234,0.0,0.0,0.581395,0.581395,4.148936,4.148936,-1.344086,-1.344086,,,,,,
2026-05-19,-0.655152,-0.655152,-0.067064,-0.067064,2.051271,2.051271,6.455459,6.455459,1.186088,1.186088,-2.116795,-2.116795,-0.024426,-0.024426,0.430411,0.430411,1.071429,1.071429,-2.083333,-2.083333,-5.722215,-5.722215,0.788043,0.788043,,,,,,
2026-05-20,1.060451,1.060451,0.504189,0.504189,6.985535,6.985535,9.41518,9.41518,-0.205259,-0.205259,-1.322043,-1.322043,-1.289654,-1.289654,-0.454209,-0.454209,0.0,0.0,-3.553922,-3.553922,-2.659574,-2.659574,0.530914,0.530914,,,,,,
2026-05-21,-0.279947,-0.279947,0.092104,0.092104,2.911426,2.911426,1.923853,1.923853,0.864844,0.864844,0.785366,0.785366,-0.147946,-0.147946,1.324739,1.324739,-0.607002,-0.607002,-2.816206,-2.816206,-1.06383,-1.06383,-1.898434,-1.898434,,,,,,
2026-05-22,-0.560205,-0.560205,-0.527137,-0.527137,0.583156,0.583156,3.527874,3.527874,-0.873328,-0.873328,-0.767546,-0.767546,-0.185477,-0.185477,1.859037,1.859037,-0.37037,-0.37037,1.940994,1.940994,12.204981,12.204981,2.358668,2.358668,,,,,,
2026-05-23,0.076892,0.076892,0.185887,0.185887,1.36491,1.36491,3.115362,3.115362,0.454821,0.454821,0.765803,0.765803,0.98322,0.98322,1.729424,1.729424,0.0,0.0,-0.439959,-0.439959,9.175145,9.175145,2.358668,2.358668,,,,,,
2026-05-24,-0.511836,-0.511836,-0.555411,-0.555411,3.022039,3.022039,4.87191,4.87191,-0.423981,-0.423981,0.513013,0.513013,0.468665,0.468665,1.961195,1.961195,-1.136364,-1.136364,-1.352108,-1.352108,5.33288,5.33288,3.303303,3.303303,,,,,,
2026-05-25,0.774507,0.774507,-0.800991,-0.800991,1.972075,1.972075,5.542792,5.542792,0.508712,0.508712,1.814814,1.814814,0.606675,0.606675,0.453383,0.453383,0.896739,0.896739,-0.594532,-0.594532,6.419837,6.419837,11.284314,11.284314,,,,,,
2026-05-26,-0.265816,-0.265816,0.011646,0.011646,0.822561,0.822561,3.433795,3.433795,-1.004326,-1.004326,-0.935264,-0.935264,-1.807646,-1.807646,-0.60727,-0.60727,-2.999753,-2.999753,-3.007323,-3.007323,7.751938,7.751938,5.241228,5.241228,,,,,,
2026-05-27,0.247393,0.247393,-1.486836,-1.486836,1.771448,1.771448,7.589481,7.589481,0.130094,0.130094,-0.065912,-0.065912,-1.164384,-1.164384,0.48084,0.48084,2.828526,2.828526,-0.352974,-0.352974,-10.166667,-10.166667,17.22096,17.22096,,,,,,
2026-05-28,-0.794533,-0.794533,-1.048535,-1.048535,-0.862177,-0.862177,5.350955,5.350955,-0.455227,-0.455227,-2.512865,-2.512865,-0.717565,-0.717565,-0.941715,-0.941715,0.571718,0.571718,-5.18863,-5.18863,-23.958333,-23.958333,5.840278,5.840278,,,,,,
2026-05-29,-0.060265,-0.060265,0.263192,0.263192,-1.161972,-1.161972,1.429267,1.429267,-0.279391,-0.279391,-1.230242,-1.230242,0.05855,0.05855,0.164102,0.164102,0.0,0.0,-4.963144,-4.963144,-22.101449,-22.101449,3.5625,3.5625,,,,,,
2026-05-30,-0.042409,-0.042409,0.123323,0.123323,-1.538015,-1.538015,2.306931,2.306931,-0.080258,-0.080258,-1.807492,-1.807492,-1.911627,-1.911627,0.381502,0.381502,-0.5,-0.5,-5.627596,-5.627596,-15.557751,-15.557751,4.277778,4.277778,,,,,,
2026-05-31,0.808277,0.808277,1.037401,1.037401,0.151768,0.151768,5.692204,5.692204,0.395817,0.395817,-0.844126,-0.844126,-1.229798,-1.229798,-0.980561,-0.980561,1.822917,1.822917,-1.970846,-1.970846,-14.078675,-14.078675,9.620728,9.620728,,,,,,
2026-06-01,0.451157,0.451157,0.53192,0.53192,0.516409,0.516409,3.205836,3.205836,0.080716,0.080716,-1.372736,-1.372736,-0.336105,-0.336105,1.08823,1.08823,-0.950269,-0.950269,0.557244,0.557244,2.424242,2.424242,6.765203,6.765203,,,,,,
2026-06-02,-0.458397,-0.458397,0.771452,0.771452,1.089822,1.089822,5.223653,5.223653,-1.241439,-1.241439,-1.640361,-1.640361,-0.509909,-0.509909,-0.233856,-0.233856,-1.627784,-1.627784,6.135531,6.135531,-3.880105,-3.880105,4.867528,4.867528,,,,,,
2026-06-03,-0.18123,-0.18123,0.264738,0.264738,1.233331,1.233331,6.400924,6.400924,0.011894,0.011894,-1.756543,-1.756543,-1.721852,-1.721852,0.192997,0.192997,0.0,0.0,2.654014,2.654014,-5.624291,-5.624291,1.449027,1.449027,,,,,,
2026-06-04,0.232895,0.232895,0.653051,0.653051,0.480426,0.480426,8.314984,8.314984,-0.673785,-0.673785,-2.023716,-2.023716,-2.288496,-2.288496,-0.957995,-0.957995,0.381729,0.381729,2.286585,2.286585,-6.078837,-6.078837,4.186029,4.186029,,,,,,
2026-06-05,1.072638,1.072638,1.153414,1.153414,3.599779,3.599779,5.463292,5.463292,0.019687,0.019687,-1.661404,-1.661404,-3.756218,-3.756218,-0.47344,-0.47344,1.558964,1.558964,3.963415,3.963415,3.514212,3.514212,13.592881,13.592881,,,,,,
2026-06-06,0.634813,0.634813,1.633797,1.633797,4.76435,4.76435,6.037909,6.037909,0.923393,0.923393,-0.452095,-0.452095,-1.884116,-1.884116,-1.016089,-1.016089,0.675381,0.675381,5.176575,5.176575,5.738119,5.738119,18.32492,18.32492,,,,,,
2026-06-07,-0.661945,-0.661945,-0.027381,-0.027381,3.666958,3.666958,5.294765,5.294765,0.048491,0.048491,-0.64227,-0.64227,-2.379638,-2.379638,0.461472,0.461472,0.0,0.0,3.353659,3.353659,5.738119,5.738119,13.622416,13.622416,,,,,,
2026-06-08,-0.118031,-0.118031,0.81074,0.81074,3.979952,3.979952,6.945158,6.945158,0.011209,0.011209,-0.68045,-0.68045,-1.882594,-1.882594,-0.55849,-0.55849,-0.505051,-0.505051,0.53685,0.53685,6.571453,6.571453,9.948671,9.948671,,,,,,
2026-06-09,-0.227061,-0.227061,0.167355,0.167355,3.094614,3.094614,9.690987,9.690987,0.439042,0.439042,0.734168,0.734168,-1.47306,-1.47306,0.264556,0.264556,-1.010101,-1.010101,0.815217,0.815217,3.422398,3.422398,4.740338,4.740338,,,,,,
2026-06-10,-0.519153,-0.519153,1.165648,1.165648,0.686618,0.686618,5.409363,5.409363,-1.091497,-1.091497,-0.656221,-0.656221,-1.640835,-1.640835,-1.577336,-1.577336,1.413454,1.413454,2.388716,2.388716,9.334118,9.334118,17.44186,17.44186,,,,,,
