Product Title,Category,Weekly Inflation(%)
% 100 PAMUK BASKILI TİŞÖRT,Women,0.0
%100 KETEN GÖMLEK ERKEK ÇOCUK,Women,0.0
%100 KETEN PANTOLON ERKEK ÇOCUK,Women,0.0
%100 KETEN RELAX FİT PANTOLON,Women,0.0
%100 PAMUK 90'S WIDE LEG JEAN PANTOLON,Women,0.0
%100 PAMUK 90'S WIDE LEG YÜKSEK BEL JEAN PANTOLON,Women,-6.186785116979744
%100 PAMUK 90'S WIDE LEG YÜKSEK BEL KESİK UÇ PAÇA UZUN JEAN PANTOLON,Women,0.0
%100 PAMUK 90'S WIDE LEG YÜKSEK BEL UZUN JEAN PANTOLON,Women,-18.60018600186002
%100 PAMUK 90'S WİDE LEG YÜKSEK BEL JEAN PANTOLON,Women,0.0
%100 PAMUK A KESİM NORMAL BEL MÜSLİN ŞORT,Women,25.000520844184255
%100 PAMUK ATLET,Women,0.0
%100 PAMUK AVATAR THE LAST AIRBENDER BASKILI TİŞÖRT,Women,0.0
%100 PAMUK AĞIR KUMAŞ TİŞÖRT,Women,0.0
%100 PAMUK BAGGY FIT JEAN PANTOLON,Women,0.0
%100 PAMUK BAGGY FIT NORMAL BEL GABARDİN PANTOLON,Women,0.0
%100 PAMUK BAGGY FIT YÜKSEK BEL JEAN PANTOLON,Women,-5.3012527221631585
%100 PAMUK BAGGY FIT YÜKSEK BEL KATLAMALI PAÇA JEAN PANTOLON,Women,0.0
%100 PAMUK BAGGY FİT PANTOLON,Women,0.0
%100 PAMUK BARREL FIT NORMAL BEL JEAN PANTOLON,Women,-28.846375741351853
%100 PAMUK BARREL FIT YÜKSEK BEL JEAN PANTOLON,Women,-8.453160404213218
%100 PAMUK BARREL FIT YÜKSEK BEL UZUN JEAN PANTOLON,Women,0.0
%100 PAMUK BASIC GÖMLEK,Women,0.0
%100 PAMUK BASKILI GÖMLEK,Women,0.0
%100 PAMUK BASKILI KISA KOLLU PİJAMA ÜSTÜ,Women,0.0
%100 PAMUK BASKILI TİŞÖRT,Women,0.0
%100 PAMUK BOXY FIT BASKILI TİŞÖRT,Women,0.0
%100 PAMUK BOXY FIT PİKE TİŞÖRT,Women,0.0
%100 PAMUK BOXY FIT SLOGAN DESENLİ ATLET,Women,0.0
%100 PAMUK BOXY FIT TİŞÖRT,Women,0.0
%100 PAMUK BOXY FIT ÇİZGİLİ TİŞÖRT,Women,0.0
%100 PAMUK BOXY FİT BASKILI TİŞÖRT,Women,0.0
%100 PAMUK BOXY FİT GÖMLEK,Women,0.0
%100 PAMUK BOXY FİT SIRT BASKILI TİŞÖRT,Women,0.0
%100 PAMUK BOXY FİT TİŞÖRT,Women,0.0
%100 PAMUK BÜYÜK BEDEN BOXY FIT BASKILI T-SHIRT,Women,0.0
%100 PAMUK BÜYÜK BEDEN BOXY FIT T-SHIRT,Women,0.0
%100 PAMUK BÜYÜK BEDEN GÖMLEK,Women,0.0
%100 PAMUK BÜYÜK BEDEN POLO TİŞÖRT,Women,0.0
%100 PAMUK BÜYÜK BEDEN T-SHIRT,Women,0.0
%100 PAMUK BÜYÜK BEDEN TİŞÖRT,Women,0.0
%100 PAMUK BİSİKLET YAKA ÜST KIZ ÇOCUK,Women,0.0
%100 PAMUK CARROT FIT BELİ LASTİKLİ JEAN PANTOLON,Women,0.0
%100 PAMUK COMFORT STRAIGHT YÜKSEK BEL JEAN PANTOLON,Women,0.0
%100 PAMUK DÜŞÜK BEL JEAN PANTOLON,Women,0.0
%100 PAMUK ESNEK KUMAŞ BOXY FİT GÖMLEK,Women,0.0
%100 PAMUK FAST & FURİOUS BOXY FIT TİŞÖRT,Women,0.0
%100 PAMUK FITTED KAYIK YAKA SLOGAN BASKILI RİBANA TİŞÖRT,Women,0.0
%100 PAMUK FITTED POPLİN GÖMLEK,Women,0.0
%100 PAMUK FORD MOTOR COMPANY BOXY FIT BASKILI TİŞÖRT,Women,0.0
%100 PAMUK GABARDİN GÖMLEK,Women,0.0
%100 PAMUK GÖMLEK,Women,0.0
%100 PAMUK HOUSE OF THE DRAGON BOXY FIT BASKILI TİŞÖRT,Women,0.0
%100 PAMUK INITIAL D BOXY FIT BASKILI TİŞÖRT,Women,0.0
%100 PAMUK INİTİAL D LOOSE FIT TİŞÖRT,Women,0.0
%100 PAMUK JUSTICE LEAGUE BOXY FIT SIRT BASKILI TİŞÖRT,Women,0.0
%100 PAMUK KISA KOLLU GÖMLEK,Women,0.0
%100 PAMUK KISA YÜKSEK BEL CROP JEAN PANTOLON,Women,0.0
%100 PAMUK LEONARDO DA VINCI BOXY FIT SLOGAN DESENLİ TİŞÖRT,Women,0.0
%100 PAMUK LOOSE FIT POLO TİŞÖRT,Women,0.0
%100 PAMUK LOOSE FIT POLO YAKA TİŞÖRT,Women,0.0
%100 PAMUK LOOSE FIT SLOGAN BASKILI SWEATSHİRT KUMAŞI POLO YAKA TİŞÖRT,Women,0.0
%100 PAMUK LOOSE FIT TUNİK,Women,0.0
%100 PAMUK LOOSE FİT BASKILI TİŞÖRT,Women,0.0
%100 PAMUK LOW RISE WIDELEG DÜŞÜK BEL UZUN JEAN PANTOLON,Women,0.0
%100 PAMUK MOM FIT YÜKSEK BEL JEAN PANTOLON,Women,0.0
%100 PAMUK MOM FIT YÜKSEK BEL JEAN ŞORT,Women,25.000367652465478
%100 PAMUK NEFES ALABİLEN BOXY FİT TİŞÖRT,Women,0.0
%100 PAMUK NEFES ALABİLEN LOOSE FİT TİŞÖRT,Women,0.0
%100 PAMUK NORMAL BEL KISA PAÇA GABARDİN BERMUDA ŞORT,Women,0.0
%100 PAMUK ONE PIECE BASKILI BOXY FIT TİŞÖRT,Women,0.0
%100 PAMUK ONE PIECE BOXY FIT BASKILI TİŞÖRT,Women,0.0
%100 PAMUK ONE PIECE BOXY FIT TİŞÖRT,Women,0.0
%100 PAMUK ONE PİECE LOOSE FIT TİŞÖRT,Women,0.0
%100 PAMUK OVERSHIRT FIT SIRT BASKILI TİŞÖRT,Women,0.0
%100 PAMUK OVERSIZE BRODE GÖMLEK,Women,0.0
%100 PAMUK OVERSIZE FULAR YAKA POPLİN GÖMLEK,Women,0.0
%100 PAMUK OVERSIZE GÖMLEK,Women,0.0
%100 PAMUK OVERSIZE GÖMLEK YAKA ÇİZGİLİ OXFORD GÖMLEK,Women,0.0
%100 PAMUK OVERSIZE KARELİ POPLİN GÖMLEK,Women,-40.00040000400004
%100 PAMUK OVERSIZE SPOR BASKILI TİŞÖRT,Women,0.0
%100 PAMUK OVERSIZE ÇİZGİLİ POPLİN GÖMLEK,Women,0.0
%100 PAMUK PAPERBAG YÜKSEK BEL JEAN ŞORT,Women,16.751439100904577
%100 PAMUK PULL ON CARROT FIT YÜKSEK BEL CROP FIT YUMUŞAK JEAN PANTOLON,Women,25.000312503906297
%100 PAMUK REGULAR FIT APAŞ YAKA FLAMLI YARIM KOLLU BEYAZ GÖMLEK,Women,0.0
%100 PAMUK REGULAR FIT BASKILI GECELİK,Women,0.0
%100 PAMUK REGULAR FIT TİŞÖRT TUNİK,Women,0.0
%100 PAMUK REGULAR FIT UZUN KOLLU TUNİK,Women,0.0
%100 PAMUK REGULAR FIT ÇİZGİLİ TUNİK,Women,0.0
%100 PAMUK RELAX FIT GÖMLEK YAKA FLAMLI GÖMLEK,Women,0.0
%100 PAMUK RELAX FIT JEAN PANTOLON,Women,-0.9523900227621216
%100 PAMUK RELAX FIT YARIM BALIKÇI YAKA PREMİUM TİŞÖRT,Women,0.0
%100 PAMUK RELAX FİT GÖMLEK,Women,0.0
%100 PAMUK RICK AND MORTY BOXY FIT BASKILI TİŞÖRT,Women,0.0
%100 PAMUK RICK AND MORTY BOXY FIT TİŞÖRT,Women,0.0
%100 PAMUK SLIM FIT FITİLLİ KAŞKORSE TİŞÖRT,Women,0.0
%100 PAMUK SLIM FIT KAYIK YAKA RİBANA TİŞÖRT,Women,0.0
%100 PAMUK SLIM FIT RİBANA TİŞÖRT,Women,0.0
%100 PAMUK SLIM FIT UZUN KOLLU TUNİK,Women,0.0
%100 PAMUK SLİM FIT RİBANA TİŞÖRT,Women,0.0
%100 PAMUK STAR WARS BOXY FIT BASKILI TİŞÖRT,Women,0.0
%100 PAMUK STAR WARS BOXY FİT TİŞÖRT,Women,0.0
%100 PAMUK STRAIGHT FIT NORMAL BEL GABARDİN PANTOLON,Women,0.0
%100 PAMUK STRAIGHT FIT YÜKSEK BEL JEAN PANTOLON,Women,5.882410611868743
%100 PAMUK STRAIGHT FIT YÜKSEK BEL PAÇA UCU KESİK JEAN PANTOLON,Women,0.0
%100 PAMUK STRAIGHT WIDE FIT YÜKSEK BEL JEAN PANTOLON,Women,0.0
%100 PAMUK STRAIGHT WIDE JEAN PANTOLON,Women,0.0
%100 PAMUK STRAIGHT WIDE YIRTIK DETAYLI YÜKSEK BEL UZUN JEAN PANTOLON,Women,0.0
%100 PAMUK STRAIGHT WIDE YÜKSEK BEL DÜZ PAÇA UZUN JEAN PANTOLON,Women,0.0
%100 PAMUK STRAIGHT WIDE YÜKSEK BEL GENİŞ PAÇA JEAN KAR YIKAMALI PANTOLON,Women,0.0
%100 PAMUK STRAIGHT WIDE YÜKSEK BEL JEAN PANTOLON,Women,-4.514935068989643
%100 PAMUK TAPERED FIT YÜKSEK BEL UZUN BOY MÜSLİN PANTOLON,Women,42.85782314004984
%100 PAMUK TİŞÖRT,Women,0.0
%100 PAMUK UZUN KOLLU GÖMLEK,Women,0.0
%100 PAMUK UZUN KOLLU TUNİK,Women,0.0
%100 PAMUK V YAKA BASIC PENYE TİŞÖRT,Women,0.0
%100 PAMUK VAN GOGH BOXY FIT SLOGAN DESENLİ TİŞÖRT,Women,0.0
%100 PAMUK VIKINGS BASKILI TİŞÖRT,Women,0.0
%100 PAMUK VIKINGS BOXY FIT SIRT BASKILI TİŞÖRT,Women,0.0
%100 PAMUK VIKINGS VALHALLA BOXY FIT BASKILI TİŞÖRT,Women,0.0
%100 PAMUK VIKINGS VALHALLA BOXY FIT TİŞÖRT,Women,0.0
%100 PAMUK WIDE LEG BAĞCIKLI BEL UZUN JEAN PANTOLON,Women,0.0
%100 PAMUK WIDE LEG JEAN PANTOLON,Women,0.0
%100 PAMUK WIDE LEG NORMAL BEL GABARDİN PANTOLON,Women,0.0
%100 PAMUK WIDE LEG NORMAL BEL JEAN PANTOLON,Women,0.0
%100 PAMUK WIDE LEG YÜKSEK BEL UZUN JEAN PANTOLON,Women,0.0
%100 PAMUK YÜKSEK BEL DÜZ PAÇA YUMUŞAK JEAN BERMUDA,Women,25.000347227044823
%100 PAMUK YÜKSEK BEL JEAN BERMUDA ŞORT,Women,25.000312503906297
%100 PAMUK YÜKSEK BEL JEAN PANTOLON,Women,0.0
%100 PAMUK YÜKSEK BEL PAÇA UCU KESİK JEAN ŞORT,Women,25.000347227044823
%100 PAMUK YÜKSEK BEL UZUN YUMUŞAK JEAN PANTOLON,Women,0.0
%100 PAMUK YÜKSEK BEL YIKAMALI CEPLİ JEAN ŞORT ETEK,Women,25.000312503906297
%100 PAMUK YÜKSEK BEL YUMUŞAK JEAN BERMUDA ŞORT,Women,25.000347227044823
%100 PAMUK ÇİZGİLİ UZUN KOLLU GÖMLEK,Women,0.0
%100 PAMUK ÇİÇEKLİ BOXER,Women,0.0
%100 PAMUK ÖRGÜ GÖRÜNÜMLÜ GÖMLEK,Women,0.0
%100 PAMUKLU 2'Lİ ATLET ERKEK ÇOCUK,Women,0.0
%100 PAMUKLU 2'Lİ ATLET KIZ ÇOCUK,Women,0.0
%100 PAMUKLU 2'Lİ PİJAMA TAKIMI ERKEK ÇOCUK,Women,0.0
%100 PAMUKLU 2'Lİ PİJAMA TAKIMI KIZ ÇOCUK,Women,0.0
%100 PAMUKLU 5'Lİ ATLET KIZ ÇOCUK,Women,0.0
%100 PAMUKLU ARAÇ BASKILI 2'Lİ PİJAMA TAKIMI ERKEK BEBEK,Women,0.0
%100 PAMUKLU BASKILI 2'Lİ ATLET ERKEK ÇOCUK,Women,0.0
%100 PAMUKLU BASKILI 5'Lİ ATLET ERKEK ÇOCUK,Women,0.0
%100 PAMUKLU BLUZ KIZ ÇOCUK,Women,0.0
%100 PAMUKLU BİSİKLET YAKA TİŞÖRT ERKEK BEBEK,Women,0.0
%100 PAMUKLU DESENLİ 2'Lİ ATLET ERKEK ÇOCUK,Women,0.0
%100 PAMUKLU DİNOZOR BASKILI 2'Lİ PİJAMA TAKIMI ERKEK BEBEK,Women,0.0
%100 PAMUKLU FİTİLLİ KAŞKORSE 2'Lİ PİJAMA TAKIMI KIZ ÇOCUK,Women,0.0
%100 PAMUKLU GÖMLEK ERKEK BEBEK,Women,0.0
%100 PAMUKLU GÖMLEK ERKEK ÇOCUK,Women,0.0
%100 PAMUKLU HELLO KITTY 2'Lİ PİJAMA TAKIMI KIZ ÇOCUK,Women,0.0
%100 PAMUKLU KALP DESENLİ 3'LÜ SLİP KÜLOT KIZ ÇOCUK,Women,0.0
%100 PAMUKLU MIFFY 2'Lİ PİJAMA TAKIMI KIZ ÇOCUK,Women,0.0
%100 PAMUKLU MINECRAFT 2'Lİ PİJAMA TAKIMI ERKEK ÇOCUK,Women,0.0
%100 PAMUKLU STUMBLE GUYS 2'Lİ PİJAMA TAKIMI ERKEK ÇOCUK,Women,0.0
%100 PAMUKLU TİŞÖRT ERKEK BEBEK,Women,0.0
%100 PAMUKLU UNICORN BASKILI 2'Lİ ATLET KIZ ÇOCUK,Women,0.0
%100 PAMUKLU UNICORN BASKILI PENYE 3'LÜ SLİP KÜLOT KIZ ÇOCUK,Women,0.0
%100 PAMUKLU YILDIZ DESENLİ 2'Lİ PİJAMA TAKIMI ERKEK BEBEK,Women,0.0
%100 PAMUKLU ÇİÇEKLİ 2'Lİ ATLET KIZ ÇOCUK,Women,0.0
1 TOG ELYAF TULUM ERKEK BEBEK,Women,0.0
2'Lİ ATLET ERKEK ÇOCUK,Women,0.0
2'Lİ BİKİNİ KIZ ÇOCUK,Women,0.0
2'Lİ ERKEK BEBEK PİJAMA TAKIMI,Women,0.0
2'Lİ KIZ ÇOCUK BİKİNİ,Women,0.0
2'Lİ KURDELE SAÇ TOKASI KIZ ÇOCUK,Women,0.0
2'Lİ MAYO,Women,0.0
2'Lİ OXFORD GÖMLEK KIZ ÇOCUK,Women,0.0
2'Lİ PAMUKLU DİZ ALTI ÇORAP,Women,0.0
2'Lİ PAMUKLU UZUN ÇORAP,Women,-6.250390649415588
2'Lİ PAMUKLU UZUN ÇORAP KIZ BEBEK,Women,0.0
2'Lİ PİJAMA TAKIM,Women,0.0
2'Lİ PİJAMA TAKIMI KIZ BEBEK,Women,0.0
2'Lİ SAÇ AKSESUARI KIZ ÇOCUK,Women,0.0
2'Lİ SLİP KÜLOT,Women,0.0
2'Lİ TAKIM,Women,2.8117059914696
2'Lİ TAKIM DESENLİ GÖMLEK PANTOLON ERKEK BEBEK,Women,0.0
2'Lİ TAKIM DİNOZOR BASKILI SWEATSHİRT ALT ERKEK BEBEK,Women,0.0
2'Lİ TAKIM ERKEK ÇOCUK,Women,0.0
2'Lİ TAKIM KIZ BEBEK,Women,0.0
2'Lİ TAKIM KIZ ÇOCUK,Women,0.0
2'Lİ TAKIM SWEATSHİRT ALT ERKEK BEBEK,Women,0.0
2'Lİ TERMAL KIŞLIK ÇORAP,Women,0.0
2'Lİ UZUN ÇORAP,Women,0.0
3'LÜ,Women,17.64757786993735
3'LÜ BAMBU PATİK ÇORAP,Women,0.0
3'LÜ HİPSTER KÜLOT,Women,0.0
3'LÜ KALPLİ SAÇ AKSESUARI KIZ ÇOCUK,Women,0.0
3'LÜ KURDELE TOKA KIZ ÇOCUK,Women,0.0
3'LÜ KÜLOT SET,Women,0.0
3'LÜ PAMUKLU HAVLU ÇORAP ERKEK BEBEK,Women,0.0
3'LÜ PAMUKLU PATİK ÇORAP,Women,0.0
3'LÜ PAMUKLU PATİK ÇORAP KIZ ÇOCUK,Women,0.0
3'LÜ PAMUKLU UZUN ÇORAP,Women,0.0
3'LÜ PAMUKLU UZUN ÇORAP ERKEK ÇOCUK,Women,0.0
3'LÜ PATİK ÇORAP,Women,0.0
3'LÜ SAÇ AKSESUARI KIZ ÇOCUK,Women,0.0
3'LÜ SLİP KÜLOT,Women,1.449317371518015
3'LÜ TAKMA KİRPİK,Women,0.0
3D ETKİLİ DOĞAL GÖRÜNÜMLÜ İPEK TAKMA KİRPİK,Women,0.0
3D PAMUKLU CAP ŞAPKA KIZ ÇOCUK,Women,0.0
3D PENYE TİŞÖRT KIZ BEBEK,Women,0.0
3D SİMLİ KUMAŞ CAP ŞAPKA KIZ ÇOCUK,Women,0.0
3’LÜ BRİEF KÜLOT,Women,0.0
5'Lİ PAMUKLU PATİK ÇORAP,Women,0.6796340850086324
5'Lİ PAMUKLU PATİK ÇORAP ERKEK ÇOCUK,Women,0.0
5'Lİ PAMUKLU SNEAKER ÇORAP,Women,-1.8948437901532717e-14
5'Lİ PAMUKLU SOKET ÇORAP,Women,0.0
5'Lİ PAMUKLU SOKET ÇORAP ERKEK ÇOCUK,Women,0.0
5'Lİ PAMUKLU UZUN ÇORAP,Women,-5.263324104971741
5'Lİ PAMUKLU UZUN ÇORAP KIZ BEBEK,Women,0.0
550 ML,Women,0.0
650 ML,Women,0.0
7'Lİ PAMUKLU PATİK ÇORAP,Women,0.0
7'Lİ PAMUKLU ÇİÇEKLİ ÇORAP,Women,0.0
7'Lİ PATİK ÇORAP,Women,0.0
7'Lİ SNEAKER ÇORAP,Women,0.0
90'S SLIM FIT PANTOLON,Women,0.0
90'S WIDE LEG YÜKSEK BEL DÜZ PAÇA UZUN JEAN PANTOLON,Women,0.0
90'S WIDE LEG YÜKSEK BEL JEAN PANTOLON,Women,0.0
90'S WIDE LEG YÜKSEK BEL JEAN YIKAMALI PANTOLON,Women,0.0
90'S WIDE LEG YÜKSEK BEL UZUN JEAN PANTOLON,Women,0.0
A FORM MAXİ ETEK,Women,-4.000032000256002
A KESİM ETEK,Women,42.384526998612586
A KESİM MİDİ ETEK,Women,57.94724458334463
AFRA X DEFACTO %100 PAMUK DÜŞÜK BEL JEAN PANTOLON,Women,0.0
AFRA X DEFACTO BALLOON FIT YÜKSEK BEL JEAN YIKAMALI PANTOLON,Women,0.0
AFRA X DEFACTO COMFORT STRAIGHT YÜKSEK BEL JEAN YIKAMALI PANTOLON,Women,0.0
AFRA X DEFACTO CROP FLARE FIT NORMAL BEL JEAN PANTOLON,Women,0.0
AFRA X DEFACTO FITTED BAĞCIKLI BLUZ,Women,0.0
AFRA X DEFACTO FITTED DİK YAKA ATLET,Women,0.0
AFRA X DEFACTO FITTED FİTİLLİ KAŞKORSE ATLET,Women,0.0
AFRA X DEFACTO FITTED GÖMLEK YAKA GABARDİN BLAZER CEKET,Women,0.0
AFRA X DEFACTO LOOSE FIT OMZU AÇIK TİŞÖRT,Women,0.0
AFRA X DEFACTO LOW RISE WIDELEG DÜŞÜK BEL JEAN PANTOLON,Women,0.0
AFRA X DEFACTO NORMAL BEL SATEN KAPRİ,Women,0.0
AFRA X DEFACTO NORMAL BEL TENCEL ŞORT,Women,0.0
AFRA X DEFACTO RELAX FİT SUNİ DERİ MONT,Women,0.0
AFRA X DEFACTO SLIM FIT HALTER YAKA ATLET,Women,0.0
AFRA X DEFACTO SLIM FIT STRAPLEZ BÜRÜMCÜK BLUZ,Women,0.0
AFRA X DEFACTO SLIM FIT YARIM BALIKÇI YAKA TİŞÖRT,Women,0.0
AFRA X DEFACTO SLİM FİT BASİC FİTİLLİ KAŞKORSE ATLET,Women,0.0
AFRA X DEFACTO STRAIGHT WIDE YIRTIK DETAYLI YÜKSEK BEL JEAN YIKAMALI PANTOLON,Women,0.0
AIRTECH NBA BROOKLYN NETS FLARE FIT İSPANYOL PAÇA STANDART BOY PANTOLON,Women,0.0
AIRTECH NBA LOS ANGELES LAKERS WİDE LEG EŞOFMAN ALTI,Women,0.0
AIRTECH NBA MIAMI HEAT STRAIGHT FIT CEPLİ PANTOLON,Women,0.0
AKIŞKAN KUMAŞ GÖMLEK ERKEK ÇOCUK,Women,0.0
AKIŞKAN KUMAŞLI TULUM KIZ BEBEK,Women,0.0
AKSESUAR DETAYLI BÜRÜMCÜK TİŞÖRT,Women,0.0
ALTEREGO ITALY CUREGO NOURİSH YIPRANMIŞ SAÇLAR İÇİN BESLEYİCİ ŞAMPUAN 300 ML,Women,0.0
ANUA - HEARTLEAF 77% CLEAR PAD (GÖZENEK VE SİYAH NOKTA KARŞITI ASİTLİ TONİK PED) 160ML,Women,0.0
ANUA AİRY SUN CREAM SPF50+ PA++++ CENTELLA VE MUGWORT ÖZLÜ GÜNEŞ KREMİ 50ML,Women,0.0
APAŞ YAKA GÖMLEK ERKEK ÇOCUK,Women,0.0
ARAÇ BASKILI 2'Lİ TAKIM ERKEK BEBEK,Women,0.0
ARAÇ BASKILI 3'LÜ ATLET ERKEK ÇOCUK,Women,0.0
ARAÇ BASKILI PENYE 3'LÜ SLİP KÜLOT ERKEK ÇOCUK,Women,0.0
ARAÇ BASKILI TİŞÖRT ŞORT 2'Lİ TAKIM ERKEK BEBEK,Women,0.0
ASİMETRİK BÜRÜMCÜK KISA KOLLU TİŞÖRT,Women,0.0
ASİMETRİK KAYIK YAKA BÜRÜMCÜK TİŞÖRT,Women,0.0
ATATÜRK BASKILI TİŞÖRT ERKEK ÇOCUK,Women,0.0
ATATÜRK BASKILI TİŞÖRT KIZ ÇOCUK,Women,0.0
ATATÜRK İMZALI NAKIŞLI PAMUKLU CAP ŞAPKA ERKEK ÇOCUK,Women,0.0
ATATÜRK İMZALI PAMUKLU CAP ŞAPKA KIZ ÇOCUK,Women,0.0
ATLET,Women,-7.6925443859811065
ATLET ŞORT 2'Lİ TAKIM ERKEK BEBEK,Women,0.0
AYI BASKILI 2'Lİ ATLET KIZ ÇOCUK,Women,0.0
AYI BASKILI PENYE 3'LÜ BOXER ERKEK ÇOCUK,Women,0.0
AYI BASKILI POLO TİŞÖRT ERKEK ÇOCUK,Women,0.0
AYICIKLI 2'Lİ TAKIM KIZ BEBEK,Women,0.0
AYICIKLI CHARM ANAHTARLIK,Women,0.0
AYICIKLI ELBİSE KIZ BEBEK,Women,0.0
AYICIKLI GÖMLEK KIZ BEBEK,Women,0.0
AYICIKLI JEAN TULUM ERKEK BEBEK,Women,0.0
AYICIKLI KISA KOLLU TİŞÖRT ERKEK ÇOCUK,Women,0.0
AYICIKLI KOLSUZ JEAN ELBİSE KIZ BEBEK,Women,0.0
AYICIKLI PAMUKLU ELBİSE KIZ ÇOCUK,Women,0.0
AYICIKLI POLO TİŞÖRT KIZ ÇOCUK,Women,0.0
AYICIKLI POPLİN GÖMLEK ERKEK BEBEK,Women,0.0
AYICIKLI PİJAMA TAKIMI,Women,0.0
AYICIKLI PİKE 2'Lİ TAKIM ERKEK BEBEK,Women,0.0
AYICIKLI TİŞÖRT ERKEK BEBEK,Women,0.0
AYICIKLI TİŞÖRT KIZ ÇOCUK,Women,0.0
AYICIKLI ÇİZGİLİ POPLİN GÖMLEK ERKEK ÇOCUK,Women,0.0
BAGGY FIT BELİ LASTİKLİ ŞORT,Women,0.0
BAGGY FIT BERMUDA,Women,0.0
BAGGY FIT BÜYÜK BEDEN ŞORT,Women,0.0
BAGGY FIT GABARDİN PANTOLON KIZ ÇOCUK,Women,0.0
BAGGY FIT GENİŞ PAÇA PANTOLON,Women,0.0
BAGGY FIT JEAN PANTOLON,Women,0.0
BAGGY FIT JEAN PANTOLON KIZ ÇOCUK,Women,0.0
BAGGY FIT NORMAL BEL GABARDİN PANTOLON,Women,0.0
BAGGY FIT PANTOLON,Women,112.70029103659662
BAGGY FIT SKUBA DALGIÇ KUMAŞ PANTOLON,Women,0.0
BAGGY FIT SWEATSHİRT KUMAŞI ALT,Women,0.0
BAGGY FIT YÜKSEK BEL DÜZ PAÇA UZUN JEAN PANTOLON,Women,0.0
BAGGY FIT YÜKSEK BEL KATLAMALI PAÇA JEAN PANTOLON,Women,0.0
BAGGY FIT YÜKSEK BEL UZUN JEAN PANTOLON,Women,0.0
BAGGY FIT ŞORT,Women,0.0
BALIKÇI YAKA MONT KIZ ÇOCUK,Women,0.0
BALLOON FIT BELİ LASTİKLİ MODAL PANTOLON,Women,0.0
BALLOON FIT DİK YAKA POPLİN CEKET,Women,0.0
BALLOON FIT ESNEK BANTLI PAÇA KETEN KARIŞIMLI PANTOLON KIZ BEBEK,Women,0.0
BALLOON FIT JEAN PANTOLON,Women,0.0
BALLOON FIT KISA KOLLU TİŞÖRT,Women,0.0
BALLOON FIT NORMAL BEL DÜZ PAÇA PANTOLON,Women,0.0
BALLOON FIT NORMAL BEL MÜSLİN PANTOLON,Women,0.0
BALLOON FIT NORMAL BEL PANTOLON,Women,0.0
BALLOON FIT NORMAL BEL POPLİN PANTOLON,Women,44.44501425231948
BALLOON FIT PANTOLON,Women,15.384792901456546
BALLOON FIT YARI ELASTİK BANTLI BEL PANTOLON,Women,0.0
BALON ETEK KIZ ÇOCUK,Women,0.0
BANOBAGİ MİLK THİSTLE ONARICI TONİK 200ML,Women,0.0
BARBİE BASKILI KIZ ÇOCUK TİŞÖRT,Women,0.0
BARREL FIT JEAN PANTOLON ERKEK ÇOCUK,Women,0.0
BARREL FIT PANTOLON,Women,15.873167046035366
BARREL FIT SKUBA DALGIÇ KUMAŞ SPORCU PANTOLON,Women,0.0
BARREL FIT YÜKSEK BEL BİLEK BOY JEAN YIKAMALI PANTOLON,Women,0.0
BARREL FIT YÜKSEK BEL KATLAMALI PAÇA JEAN PANTOLON,Women,0.0
BARREL FİT BELİ LASTİKLİ BİLEK BOY CEPLİ YUMUŞAK JEAN PANTOLON,Women,0.0
BARREL FİT DÜZ PAÇA JEAN PANTOLON ERKEK ÇOCUK,Women,0.0
BARREL FİT NORMAL BEL BİLEK BOY BEYAZ JEAN PANTOLON,Women,0.0
BARREL FİT NORMAL BEL BİLEK BOY YUMUŞAK JEAN PANTOLON,Women,0.0
BARREL FİT NORMAL BEL PANTOLON,Women,0.0
BASIC DÜZ KRAVAT,Women,0.0
BASIC GÖMLEK,Women,-6.250078125976574
BASIC KISA KOLLU TİŞÖRT,Women,0.0
BASIC KOLSUZ TUNİK,Women,5.468920903778243
BASIC PİJAMA TAKIMI ÜST ALT,Women,0.0
BASKILI 2'Lİ ERKEK BEBEK TAKIM,Women,0.0
BASKILI 2'Lİ TAKIM ERKEK BEBEK,Women,0.0
BASKILI 7'Lİ PAMUKLU PATİK ÇORAP ERKEK ÇOCUK,Women,0.0
BASKILI CAP ŞAPKA KIZ ÇOCUK,Women,0.0
BASKILI FİTİLLİ KAŞKORSE TİŞÖRT KIZ ÇOCUK,Women,0.0
BASKILI KAYDIRMAZ TABAN 3'LÜ PAMUKLU UZUN ÇORAP ERKEK BEBEK,Women,0.0
BASKILI KISA KOLLU GECELİK,Women,0.0
BASKILI KISA KOLLU TİŞÖRT,Women,0.0
BASKILI KISA KOLLU TİŞÖRT ERKEK BEBEK,Women,0.0
BASKILI OVERSIZE KISA KOLLU TİŞÖRT,Women,0.0
BASKILI OVERSİZE KIZ ÇOCUK TİŞÖRT,Women,0.0
BASKILI PENYE 3'LÜ BOXER ERKEK ÇOCUK,Women,0.0
BASKILI PENYE 3'LÜ SLİP KÜLOT KIZ ÇOCUK,Women,0.0
BASKILI PENYE KISA KOLLU TİŞÖRT,Women,0.0
BASKILI PİJAMA TAKIMI ERKEK BEBEK,Women,0.0
BASKILI PİKE TİŞÖRT ERKEK ÇOCUK,Women,0.0
BASKILI RİBANA TİŞÖRT KIZ ÇOCUK,Women,0.0
BASKILI TİŞÖRT ERKEK ÇOCUK,Women,0.0
BASKILI TİŞÖRT ETEK 2'Lİ TAKIM KIZ ÇOCUK,Women,0.0
BASKILI TİŞÖRT KIZ BEBEK,Women,0.0
BASKILI TİŞÖRT KIZ ÇOCUK,Women,0.0
BASKILI WAFFLE SWEATSHİRT ERKEK BEBEK,Women,0.0
BASKILI ŞORT ERKEK BEBEK,Women,0.0
BASKILI ŞORT ERKEK ÇOCUK,Women,0.0
BASİC KISA KOLLU TİŞÖRT,Women,0.0
BATMAN NAKIŞLI PAMUKLU CAP ŞAPKA ERKEK ÇOCUK,Women,0.0
BAĞCIKLI PİJAMA ALTI,Women,0.0
BAĞLAMALI UZUN KOLLU TİŞÖRT,Women,0.0
BAĞLAMALI UZUN KOLLU ÜST,Women,0.0
BEBE YAKA DOKULU GÖMLEK,Women,0.0
BEBE YAKA PENYE TİŞÖRT KIZ BEBEK,Women,0.0
BELMANDO KAPRİ,Women,0.0
BELİ LASTİKLİ 2'Lİ ŞORT ERKEK BEBEK,Women,0.0
BELİ LASTİKLİ BASIC MODAL HAREM PANTOLON,Women,25.00028409413743
BELİ LASTİKLİ BASKILI ŞORT ERKEK BEBEK,Women,0.0
BELİ LASTİKLİ JEAN PANTOLON ERKEK BEBEK,Women,0.0
BELİ LASTİKLİ MODAL ŞORT ERKEK ÇOCUK,Women,0.0
BELİ LASTİKLİ PANTOLON,Women,0.0
BELİ LASTİKLİ PİLELİ JEAN ŞORT ETEK KIZ BEBEK,Women,0.0
BELİ LASTİKLİ UZUN JEAN PANTOLON,Women,0.0
BELİ LASTİKLİ WIDE LEG PANTOLON,Women,0.0
BELİ LASTİKLİ ŞORT ERKEK BEBEK,Women,0.0
BELİ SARAN SPORCU TAYT,Women,1.7910741818149203
BERMUDA,Women,0.0
BERMUDA ŞORT,Women,0.0
BIKER BELİ SARAN SPORCU TAYT,Women,0.0
BIKER FİTİLLİ KAŞKORSE ŞORT KIZ BEBEK,Women,0.0
BLUZ KIZ ÇOCUK,Women,0.0
BODYSUİT,Women,0.0
BOMBER HIRKA ERKEK ÇOCUK,Women,0.0
BOXER,Women,50.00250012500624
BOXER PAMUKLU SLİP KÜLOT,Women,0.0
BOXY FIT,Women,27.500343754296928
BOXY FIT ATLET,Women,0.0
BOXY FIT BASKILI UZUN KOLLU GÖMLEK,Women,0.0
BOXY FIT BASKILI ÇİZGİLİ KISA KOLLU GÖMLEK,Women,0.0
BOXY FIT BLAZER CEKET,Women,0.0
BOXY FIT BÜRÜMCÜK ATLET,Women,11.111419761660047
BOXY FIT BÜYÜK BEDEN PİKE SWEATSHİRT,Women,0.0
BOXY FIT DOKULU,Women,0.0
BOXY FIT DOKULU KETEN KARIŞIMLI TİŞÖRT,Women,0.0
BOXY FIT DOKUMA,Women,0.0
BOXY FIT FLANEL,Women,0.0
BOXY FIT KETEN KARIŞIMLI GÖMLEK,Women,1.263201121363749e-14
BOXY FIT KISA KOLLU 2'Lİ TAKIM,Women,0.0
BOXY FIT KISA KOLLU POLO TİŞÖRT,Women,0.0
BOXY FIT KISA KOLLU TİŞÖRT,Women,-22.82262568907779
BOXY FIT KRİNKIL,Women,0.0
BOXY FIT KRİNKIL KUMAŞ,Women,0.0
BOXY FIT MONT,Women,0.0
BOXY FIT PENYE,Women,0.0
BOXY FIT PİKE,Women,0.0
BOXY FIT PİKE SWEATSHİRT,Women,0.0
BOXY FIT SIRT BASKILI TİŞÖRT,Women,0.0
BOXY FIT WAFFLE KISA KOLLU TİŞÖRT,Women,0.0
BOXY FIT ÇİZGİLİ,Women,0.0
BOXY FİT BASIC GÖMLEK,Women,0.0
BOYFRIEND JEAN ŞORT,Women,25.00039063110361
BOYUN YASTIĞI,Women,0.0
BRAWL STARS NEW REGULAR FIT TİŞÖRT,Women,0.0
BRAZİLİAN KÜLOT,Women,0.0
BRAZİLİAN KÜLOT SLİP KÜLOT,Women,0.0
BRİEF,Women,0.0
BÜYÜK BEDEN BOXY FIT T-SHIRT,Women,0.0
BÜYÜK BEDEN ESNEK KUMAŞ TİŞÖRT,Women,0.0
BÜYÜK BEDEN KAPÜŞONLU FERMUARLI SWEATSHİRT,Women,0.0
BÜYÜK BEDEN LASTİKLİ EŞOFMAN ALTI,Women,0.0
BÜYÜK YAKA İÇİ YUMUŞAK TÜYLÜ HIRKA,Women,0.0
BÜYÜLEYİCİ KADIN GOURMAND 100 ML PARFÜM,Women,0.0
BÜYÜLEYİCİ KADIN VANİLLA - FLORAL 50 ML PARFÜM,Women,0.0
BİKER BELİ SARAN SPORCU TAYT,Women,0.0
BİODANCE COLLAGEN GEL TONER GENİŞ GÖZENEK KARŞITI KOLAJEN SULU JEL TONİK PED 60LI,Women,0.0
BİODANCE COLLAGEN MASK TO FOAM YÜZ TEMİZLEME KÖPÜĞÜ 150 ML,Women,0.0
BİODANCE REAL DEEP MASK * HYDRO CERA-NOL KIZARIKLIK KARŞITI 5 ÇEŞİT SERAMİDLİ ŞEFFAFLAŞAN MASKE,Women,0.0
BİODANCE SEA KELP GEL TONER YATIŞTIRICI TONİK PED 60 ADET,Women,0.0
BİODANCE VİTA NİACİNAMİDE LEKE KARŞITI JEL PED 60 ADET,Women,0.0
BİSİKLET YAKA ATLET KIZ ÇOCUK,Women,0.0
BİSİKLET YAKA BASKILI KISA KOLLU TİŞÖRT ERKEK BEBEK,Women,0.0
BİSİKLET YAKA BASKILI SWEATSHİRT ERKEK BEBEK,Women,0.0
BİSİKLET YAKA BASİC DÜZ KISA KOLLU TİŞÖRT ERKEK BEBEK,Women,0.0
BİSİKLET YAKA BASİC DÜZ UZUN KOLLU TİŞÖRT ERKEK BEBEK,Women,0.0
BİSİKLET YAKA BRA,Women,0.0
BİSİKLET YAKA FLORAL FİTİLLİ KAŞKORSE UZUN KOLLU TİŞÖRT KIZ BEBEK,Women,0.0
BİSİKLET YAKA KAPİTONE DÜĞMELİ YELEK KIZ BEBEK,Women,0.0
BİSİKLET YAKA LEOPAR DESENLİ FİTİLLİ KAŞKORSE 2'Lİ UZUN KOLLU TİŞÖRT KIZ BEBEK,Women,0.0
BİSİKLET YAKA PAMUKLU HIRKA KIZ BEBEK,Women,0.0
BİSİKLET YAKA SIRT BASKILI KISA KOLLU TİŞÖRT ERKEK ÇOCUK,Women,0.0
BİSİKLET YAKA SPORCU SÜTYENİ,Women,0.0
BİSİKLET YAKA TİŞÖRT ERKEK ÇOCUK,Women,0.0
BİSİKLET YAKA UZUN KOLLU ÜST,Women,0.0
BİSİKLET YAKA ÇAPRAZ DOKUMA KISA KOLLU TİŞÖRT,Women,0.0
BİSİKLET YAKA ÇAPRAZ DOKUMA TİŞÖRT,Women,0.0
BİSİKLET YAKA ÇİZGİLİ TRİKO TİŞÖRT,Women,0.0
BİSİKLET YAKA ÇİÇEKLİ KISA KOLLU TİŞÖRT,Women,0.0
BİSİKLET YAKA ÇİÇEKLİ TİŞÖRT,Women,0.0
CARLO SKINNY FIT NORMAL BEL DAR PAÇA PANTOLON,Women,0.0
CARROT FIT DÜZ PAÇA PANTOLON,Women,0.0
CARROT FIT GABARDİN PANTOLON ERKEK ÇOCUK,Women,0.0
CARROT FIT PANTOLON,Women,0.0
CARROT FIT STANDART PAÇA GABARDİN PANTOLON ERKEK ÇOCUK,Women,0.0
CARROT FIT YÜKSEK BEL CROP PANTOLON,Women,0.0
CARROT FIT YÜKSEK BEL KREP PANTOLON,Women,0.0
CARROT FIT YÜKSEK BEL PANTOLON,Women,0.0
CEKET,Women,137.0146181393934
CHARM DETAYLI ÇAPRAZ ÇANTA KIZ ÇOCUK,Women,0.0
CINNAMOROLL OVERSIZE PENYE TİŞÖRT KIZ BEBEK,Women,0.0
CINNAMOROLL OVERSIZE TİŞÖRT KIZ ÇOCUK,Women,0.0
CINNAMOROLL RELAX FIT TİŞÖRT KIZ ÇOCUK,Women,0.0
CINNAMOROLL ÇİZGİLİ POLO TİŞÖRT KIZ ÇOCUK,Women,0.0
COMFORT FIT SPORCU TİŞÖRT,Women,0.0
COMFORT MOM YÜKSEK BEL BİLEK BOY JEAN PANTOLON,Women,0.0
COMFORT MOM YÜKSEK BEL KISA PAÇA JEAN PANTOLON,Women,0.0
COMFORT STRAIGHT NORMAL BEL JEAN YIKAMALI PANTOLON,Women,0.0
COMFORT STRAIGHT NORMAL BEL UZUN JEAN YIKAMALI PANTOLON,Women,0.0
COMFORT STRAIGHT PANTOLON,Women,0.0
"COSRX - AHA 7 WHİTEHEAD POWER LİQUİD (BEYAZ NOKTA, PÜRÜZ VE KOMEDON ÖNLEYİCİ %7 ASİTLİ TONİK) 100ML",Women,0.0
COSRX ADVANCED SNAİL MUCİN POWER GEL CLEANSER – 150ML SALYANGOZ ÖZLÜ TEMİZLEYİCİ JEL,Women,0.0
CROP CEPLİ AKIŞKAN KUMAŞ KISA KOLLU GÖMLEK,Women,0.0
CROP FLARE FIT YÜKSEK BEL JEAN PANTOLON,Women,0.0
CROP FLARE FIT YÜKSEK BEL JEAN YIKAMALI PANTOLON,Women,0.0
CROP SPORCU ATLET,Women,0.0
CROP TOP ATLET,Women,0.0
CROPPED FIT GÖMLEK,Women,-30.00030000300003
CROPPED FIT TENCEL KISA KOLLU GÖMLEK,Women,0.0
CROPPED FIT TÜL KISA KOLLU POLO TİŞÖRT,Women,0.0
CULOTTE BELİ LASTİKLİ KISA PAÇA BİLEK BOY JEAN PANTOLON,Women,0.0
CULOTTE YÜKSEK BEL GABARDİN PANTOLON,Women,0.0
CULOTTE YÜKSEK BEL JEAN KAR YIKAMALI PANTOLON,Women,0.0
CULOTTE YÜKSEK BEL JEAN PANTOLON,Women,0.0
CULOTTE YÜKSEK BEL JEAN YIKAMALI PANTOLON,Women,0.0
CULOTTE YÜKSEK BEL PANTOLON,Women,0.0
DAD FİT SUNİ DERİ MONT,Women,0.0
DANTEL BRAZİLİAN KÜLOT,Women,0.0
DANTEL DETAYLI 3'LÜ KÜLOT,Women,0.0
DANTEL DETAYLI ATLET,Women,0.0
DANTEL DETAYLI BRAZİLİAN KÜLOT,Women,0.0
DANTEL DETAYLI KAPLI PEDLİ STRAPLEZ SÜTYEN,Women,0.0
DANTEL DETAYLI KAPLI YARIM DOLGULU BALENLİ STRAPLEZ SÜTYEN,Women,0.0
DANTEL DETAYLI PAMUKLU TANGA,Women,0.0
DANTEL DETAYLI RİBANA ÇIKARILABİLİR PEDLİ BALENSİZ BRALET,Women,0.0
DANTEL DETAYLI SATEN KAPSIZ PEDSİZ BALENSİZ BRALET,Women,0.0
DANTEL DETAYLI ÇIKARILABİLİR PEDLİ BALENSİZ BRALET,Women,0.0
DANTEL DETAYLI ÇIKARILABİLİR PEDLİ BALENSİZ TİŞÖRT BRA,Women,0.0
DANTEL HİPSTER KÜLOT,Women,0.0
DANTEL KAPLI YARIM DOLGULU BALENLİ TİŞÖRT BRA,Women,0.0
DANTEL SLİP KÜLOT,Women,0.0
DANTELLİ KAPLI PEDLİ BALENLİ TİŞÖRT BRA,Women,0.0
DANTELLİ KAPSIZ PEDSİZ BALENLİ BALKONET SÜTYEN,Women,0.0
DANTELLİ KAPSIZ PEDSİZ BALENSİZ BRALET,Women,0.0
DANTELLİ PİJAMA TAKIMI TÜL ÜST ALT,Women,0.0
DANTELLİ SATEN ÜST,Women,0.0
DANTELLİ ŞORT PİJAMA ALTI,Women,0.0
DENİM JEAN PANTOLON,Women,0.0
DESENLİ 2'Lİ PİJAMA TAKIMI ERKEK BEBEK,Women,0.0
DESENLİ 5'Lİ PAMUKLU PATİK ÇORAP ERKEK ÇOCUK,Women,0.0
DESENLİ CAP ŞAPKA KIZ ÇOCUK,Women,0.0
DESENLİ DOKUMA CAP ŞAPKA ERKEK ÇOCUK,Women,0.0
DESENLİ ELBİSE KIZ BEBEK,Women,0.0
DESENLİ ELBİSE KIZ ÇOCUK,Women,0.0
DESENLİ FERMUARLI CEKET,Women,0.0
DESENLİ FİTİLLİ KAŞKORSE 2'Lİ TAKIM KIZ BEBEK,Women,0.0
DESENLİ FİTİLLİ KAŞKORSE TİŞÖRT KIZ ÇOCUK,Women,0.0
DESENLİ JEAN PANTOLON,Women,0.0
DESENLİ PENYE 2'Lİ SLİP KÜLOT ERKEK ÇOCUK,Women,0.0
DESENLİ PENYE 3'LÜ BOXER ERKEK ÇOCUK,Women,0.0
DESENLİ PENYE 3'LÜ SLİP KÜLOT KIZ ÇOCUK,Women,0.0
DESENLİ PENYE 5'Lİ BOXER ERKEK ÇOCUK,Women,0.0
DESENLİ PİJAMA TAKIMI,Women,0.0
DESENLİ PİJAMA TAKIMI ÜST ALT,Women,0.0
DESENLİ PİJAMA ÜSTÜ,Women,0.0
DESENLİ RİBANA 3'LÜ SLİP KÜLOT KIZ ÇOCUK,Women,0.0
DESENLİ SATEN FULAR KIZ ÇOCUK,Women,0.0
DESENLİ SOFTSHELL PİJAMA TAKIMI,Women,0.0
DESENLİ TİŞÖRT ERKEK ÇOCUK,Women,0.0
DESENLİ ŞORT PİJAMA ALTI,Women,0.0
DISNEY LILO & STITCH 2'Lİ TAKIM KIZ BEBEK,Women,0.0
DISNEY LILO & STITCH 2'Lİ TAKIM KIZ ÇOCUK,Women,0.0
DISNEY LILO & STITCH OVERSIZE TİŞÖRT KIZ ÇOCUK,Women,0.0
DISNEY LILO & STITCH PAMUKLU CAP ŞAPKA KIZ ÇOCUK,Women,0.0
DISNEY LILO & STITCH RELAX FIT BİSİKLET YAKA KISA KOLLU TİŞÖRT KIZ ÇOCUK,Women,0.0
DISNEY LILO & STITCH TİŞÖRT KIZ ÇOCUK,Women,0.0
DISNEY MICKEY & MINNIE 2'Lİ TAKIM ERKEK BEBEK,Women,0.0
DISNEY MICKEY & MINNIE DESENLİ JEAN CAP ŞAPKA KIZ ÇOCUK,Women,0.0
DISNEY MICKEY & MINNIE FITTED NAKIŞLI TİŞÖRT,Women,0.0
DISNEY MICKEY & MINNIE FİTİLLİ KAŞKORSE 2'Lİ PİJAMA TAKIMI KIZ ÇOCUK,Women,0.0
DISNEY MICKEY & MINNIE TİŞÖRT KIZ ÇOCUK,Women,0.0
DOKULU ÇİZGİLİ ŞORT ERKEK ÇOCUK,Women,0.0
DOKULU ŞORT ERKEK ÇOCUK,Women,0.0
DOKUMA ETİKETLİ KULAKLI TRİKO BERE KIZ BEBEK,Women,0.0
DOKUMA PANTOLON,Women,0.0
DR ALTHEA PRE REFRESHİNG CLEANSİNG BALM TEMİZLEME BALMI,Women,0.0
DR. ALTHEA - 15% CALAMİNE SPOT POWDER,Women,0.0
DR. ALTHEA - SOFT MELTİNG LİP BALM,Women,0.0
DR. ALTHEA GENTLE PORE VEGAN CLEANSİNG OİL TEMİZLEME YAĞI,Women,0.0
DUBLE PAÇA EŞOFMAN ALTI ERKEK BEBEK,Women,0.0
DÜZ PAÇA AKIŞKAN KUMAŞ PANTOLON ERKEK ÇOCUK,Women,0.0
DÜZ PAÇA BASİC DÜZ GABARDİN PANTOLON ERKEK ÇOCUK,Women,0.0
DÜZ PAÇA BASİC DÜZ JEAN PANTOLON ERKEK BEBEK,Women,0.0
DÜZ PAÇA JEAN PANTOLON ERKEK BEBEK,Women,0.0
DÜZ PAÇA JEAN PANTOLON ERKEK ÇOCUK,Women,0.0
DÜĞMELİ RİBANALI MONT,Women,0.0
DÜŞÜK BEL CROP FLARE FIT PANTOLON,Women,7.407489712848669
DÜŞÜK BEL JEAN PANTOLON,Women,5.5556172846364955
DÜŞÜK BEL JEAN YIKAMALI PANTOLON,Women,0.0
DÜŞÜK BEL LOW RISE WIDELEG PANTOLON,Women,0.0
DÜŞÜK BEL PANTOLON,Women,-25.00019230917161
DİAGO COMFORT FİT YÜKSEK BEL GENİŞ PAÇA PANTOLON,Women,0.0
DİK YAKA CEKET,Women,-1.7241468490354337
DİKİŞSİZ 2'Lİ PAMUKLU UZUN ÇORAP ERKEK BEBEK,Women,0.0
DİKİŞSİZ 3'LÜ MODAL HAVLU ÇORAP ERKEK ÇOCUK,Women,0.0
DİKİŞSİZ 4'LÜ PAMUKLU UZUN ÇORAP ERKEK ÇOCUK,Women,0.0
DİKİŞSİZ 5'Lİ MODAL HAVLU ÇORAP ERKEK ÇOCUK,Women,0.0
DİKİŞSİZ PAMUKLU HAVLU ÇORAP KIZ BEBEK,Women,0.0
DİKİŞSİZ SEAMLESS 2'Lİ BOXER KIZ ÇOCUK,Women,0.0
DİNAZOR BASKILI 7'Lİ PAMUKLU PATİK ÇORAP ERKEK ÇOCUK,Women,0.0
DİNAZOR BASKILI SU GEÇİRMEZ YAĞMURLUK ERKEK BEBEK,Women,0.0
DİNAZOR DESENLİ PAMUKLU CAP ŞAPKA ERKEK ÇOCUK,Women,0.0
DİNOZOR BASKILI 2'Lİ TAKIM ERKEK BEBEK,Women,0.0
DİNOZOR BASKILI KETEN GÖRÜNÜMLÜ UZUN KOLLU GÖMLEK ERKEK BEBEK,Women,0.0
DİNOZOR BASKILI KISA KOLLU TİŞÖRT ERKEK BEBEK,Women,0.0
DİNOZOR BASKILI PENYE 3'LÜ BOXER ERKEK ÇOCUK,Women,0.0
DİNOZOR BASKILI TİŞÖRT ERKEK BEBEK,Women,0.0
DİSNEY LİLO & STİTCH ERKEK BEBEK TİŞÖRT,Women,0.0
ELBİSE,Women,-59.6676282629934
ELBİSE KIZ BEBEK,Women,0.0
ELBİSE KIZ ÇOCUK,Women,0.0
EQQUALBERRY ALOE PDRN CALMİNG TONER BARİYER DESTEKLEYİCİ KURULUK KAYNAKLI KIZARIKLIK VE STRES KARŞITI TONİK,Women,0.0
EQQUALBERRY BAKUCHİOL PLUMPİNG CAPSULE CREAM GENİŞ GÖZENEK VE SARKMA KARŞITI KREM 50ML,Women,0.0
"EQQUALBERRY BAKUCHİOL PLUMPİNG CAPSULE TONER 150 ML-HYALURONİK ASİT,MADECASSOSİDE VE SERAMİD İÇERİKLİ TONİK",Women,0.0
EQQUALBERRY HYALTOİN FLOODİNG TONER – YOĞUN NEMLENDİRİCİ VE SERİNLETİCİ BARİYER GÜÇLENDİRİCİ TONİK,Women,0.0
EQQUALBERRY NAD+ PEPTİDE BOOSTİNG CREAM ELASTİKİYET VE SIKILIK KORUYUCU NAD+ VE PEPTİTLİ KREM,Women,0.0
EQQUALBERRY NAD+ PEPTİDE BOOSTİNG TONER CANLILIK VE ENERJİ VERİCİ ELASTİKİYET KORUYUCU TONİK,Women,0.0
EQQUALBERRY PURPLE PDRN PORE MİNİMİZİNG GENİŞ GÖZENEK ÖNLEYİCİ VE ELASTİKİYET KORUYUCU MOR PİRİNÇLİ SERUM 30ML,Women,0.0
EQQUALBERRY PURPLE RİCE PORE PURİFYİNG PACK GENİŞ GÖZENEK ÖNLEYİCİ VE ÖLÜ DERİ ARINDIRICI MOR PİRİNÇLİ TEMİZLEYİCİ 130GR,Women,0.0
EQQUALBERRY PURPLE RİCE PORE PURİFYİNG PACK GÖZENEK ÖNLEYİCİ VE ARINDIRICI MOR PİRİNÇLİ TEMİZLEYİCİ 130GR,Women,0.0
EQQUALBERRY VİTAMİN ILLUMİNATİNG SERUM KOYU LEKE ÖNLEYİCİ VE PARLATICI ASEROLALI C VİTAMİNİ SERUMU,Women,0.0
EQQUALBERRY VİTAMİN ILLUMİNATİNG TONER PARLATICI VE PÜRÜZLÜ DOKU KARŞITI C VİTAMİNLİ TONİK,Women,0.0
ERKEK BASKILI BEYZBOL BASKETBOL ŞAPKASI,Women,0.0
ERKEK BEBEK 2'Lİ TAKIM,Women,0.0
ERKEK BEBEK JEAN TULUM,Women,0.0
ERKEK BEBEK TULUM,Women,0.0
ERKEK DESENLİ PAMUKLU CAP ŞAPKA,Women,0.0
ERKEK ETİKET BASKILI DOKUMA BEYZBOL BASKETBOL ŞAPKASI,Women,0.0
ERKEK ETİKET BASKILI JEAN BEYZBOL BASKETBOL ŞAPKASI,Women,0.0
ERKEK ETİKET BASKILI JEAN CAP ŞAPKA,Women,0.0
ERKEK ETİKET BASKILI PAMUKLU CAP ŞAPKA,Women,0.0
ERKEK ETİKET BASKILI SÜET CAP ŞAPKA,Women,0.0
ERKEK HASIR ŞAPKA,Women,0.0
ERKEK KRAVAT,Women,0.0
ERKEK MARVEL AVENGERS ETİKET BASKILI DOKUMA BEYZBOL BASKETBOL ŞAPKASI,Women,0.0
ERKEK NAKIŞLI DOKUMA CAP ŞAPKA,Women,0.0
ERKEK NAKIŞLI KETEN KARIŞIMLI CAP ŞAPKA,Women,0.0
ERKEK NAKIŞLI NAKIŞ JEAN BEYZBOL BASKETBOL ŞAPKASI,Women,0.0
ERKEK NAKIŞLI PAMUKLU CAP ŞAPKA,Women,0.0
ERKEK PAMUKLU CAP ŞAPKA,Women,0.0
ERKEK STAR WARS CAP ŞAPKA,Women,0.0
ESNEK KIRIŞMAZ SLIM FIT POLO TİŞÖRT,Women,0.0
ESNEK TAILORED FIT PANTOLON,Women,0.0
EŞOFMAN ALTI,Women,0.0
FERAH KADIN GOURMAND 100 ML PARFÜM,Women,0.0
FERMUARLI BELİ LASTİKLİ MONT,Women,0.0
FERMUARLI KETEN KARIŞIMLI MONT,Women,0.0
FERMUARLI MONT,Women,0.0
FERMUARLI NAKIŞLI DENIM CEKET ERKEK BEBEK,Women,0.0
FERMUARLI YELEK ERKEK BEBEK,Women,0.0
FIRFIRLI 3'LÜ PAMUKLU UZUN ÇORAP KIZ ÇOCUK,Women,0.0
FITTED,Women,-7.385077301177981
FITTED ATLET,Women,0.0
FITTED BASIC CROP TİŞÖRT,Women,0.0
FITTED BASIC TİŞÖRT,Women,0.0
FITTED BASKILI RİBANA TİŞÖRT,Women,0.0
FITTED BASKILI TİŞÖRT,Women,0.0
FITTED BEBE YAKA KISA KOLLU GÖMLEK,Women,0.0
FITTED BENGALİN,Women,0.0
FITTED BENGALİN GÖMLEK,Women,-6.493585203630172
FITTED BENGALİN KLASİK GÖMLEK,Women,1.6241208834642785e-14
FITTED BÜRÜMCÜK,Women,16.667013896122835
FITTED BÜRÜMCÜK GÖMLEK,Women,16.667013896122835
FITTED BİSİKLET YAKA YELEK,Women,10.43698186756441
FITTED DANTEL BLUZ,Women,0.0
FITTED DANTEL DETAYLI BLUZ,Women,0.0
FITTED DANTEL TİŞÖRT,Women,0.0
FITTED DANTEL UZUN KOLLU BLUZ,Women,3.4483115342572432
FITTED DANTEL UZUN KOLLU TİŞÖRT,Women,0.0
FITTED DÜĞMELİ BLUZ,Women,0.0
FITTED FİTİLLİ KAŞKORSE ATLET,Women,-1.5152020218855642
FITTED FİTİLLİ KAŞKORSE KISA KOLLU TİŞÖRT,Women,0.0
FITTED KARELİ PAMUKLU GÖMLEK,Women,0.0
FITTED KAYIK YAKA FİTİLLİ KAŞKORSE TİŞÖRT,Women,0.0
FITTED KAYIK YAKA KAŞKORSE TİŞÖRT,Women,0.0
FITTED KETEN KARIŞIMLI,Women,0.0
FITTED KETEN KARIŞIMLI YELEK,Women,0.0
FITTED KISA KOLLU GÖMLEK,Women,0.0
FITTED KISA KOLLU TİŞÖRT,Women,-11.428800004571512
FITTED MODAL KISA KOLLU TİŞÖRT,Women,0.0
FITTED MODAL TUNİK,Women,0.0
FITTED OMZU AÇIK DANTEL TİŞÖRT,Women,0.0
FITTED OMZU AÇIK TÜL TİŞÖRT,Women,0.0
FITTED PAMUKLU,Women,0.0
FITTED PANTOLON,Women,11.11131687623845
FITTED POLO YAKA RİBANA TİŞÖRT,Women,0.0
FITTED POPLİN,Women,-3.503229340501153
FITTED PUANTİYELİ BÜRÜMCÜK ATLET,Women,0.0
FITTED RİBANA ATLET,Women,0.0
FITTED RİBANA KISA KOLLU TİŞÖRT,Women,0.8522920975476845
FITTED RİBANA TİŞÖRT,Women,-6.250234383789399
FITTED RİBANA UZUN KOLLU TİŞÖRT,Women,8.019057053232387
FITTED RİBANA ÇİZGİLİ TİŞÖRT,Women,0.0
FITTED SUNİ DERİ BLAZER CEKET,Women,0.0
FITTED TÜL UZUN KOLLU TİŞÖRT,Women,0.0
FITTED UZUN KOLLU TİŞÖRT,Women,1.724182521961765
FITTED V YAKA KREP BLAZER CEKET,Women,0.0
FITTED VİSKON KISA KOLLU TİŞÖRT,Women,0.0
FITTED VİSKON TİŞÖRT,Women,0.0
FITTED YARIM BALIKÇI YAKA TİŞÖRT,Women,0.0
FITTED ÇİZGİLİ FİTİLLİ KAŞKORSE TİŞÖRT,Women,0.0
FITTED ÇİZGİLİ POPLİN GÖMLEK,Women,0.0
FITTED İÇİ YUMUŞAK TÜYLÜ BAĞLAMALI HIRKA,Women,0.0
FLAMLI PAMUK KISA KOLLU TİŞÖRT,Women,0.0
FLAMLI PAMUK UZUN KOLLU GÖMLEK,Women,0.0
FLAMLI PAMUK UZUN KOLLU TUNİK,Women,0.0
FLAMLI POPLİN ELBİSE KIZ BEBEK,Women,0.0
FLANEL ELBİSE,Women,14.285918370262433
FLANEL KIZ ÇOCUK,Women,0.0
FLARE FIT FERMUARLI NORMAL BEL BENGALİN PANTOLON,Women,0.0
FLARE FIT JEAN PANTOLON KIZ ÇOCUK,Women,0.0
FLARE FIT MODAL PANTOLON,Women,0.0
FLARE FIT PANTOLON,Women,16.379522148993313
FLARE FIT RİBANA PANTOLON,Women,-1.4211032353106416e-14
FLARE FIT İSPANYOL PAÇA SPORCU PANTOLON,Women,0.0
FLORAL 2'Lİ BİKİNİ KIZ ÇOCUK,Women,0.0
FLORAL MAYO KIZ ÇOCUK,Women,0.0
FLORIDA YÜKSEK BEL BELMANDO PANTOLON,Women,0.0
FİT RELAX FIT GENİŞ PAÇA KAPRİ,Women,0.0
FİTTED V YAKA KAŞKORSE TİŞÖRT,Women,0.0
FİTİLLİ KAŞKORSE 2'Lİ ELBİSE KIZ ÇOCUK,Women,0.0
FİTİLLİ KAŞKORSE 2'Lİ PİJAMA TAKIM,Women,0.0
FİTİLLİ KAŞKORSE 2'Lİ TAKIM KIZ BEBEK,Women,0.0
FİTİLLİ KAŞKORSE BALON KOLLU TİŞÖRT KIZ ÇOCUK,Women,0.0
FİTİLLİ KAŞKORSE BASIC TİŞÖRT,Women,0.0
FİTİLLİ KAŞKORSE KIZ ÇOCUK ATLET.,Women,0.0
FİTİLLİ KAŞKORSE TİŞÖRT KIZ ÇOCUK,Women,0.0
FİTİLLİ KAŞKORSE UZUN KOLLU TUNİK,Women,0.0
FİTİLLİ KAŞKORSE ZIMBA DETAYLI TİŞÖRT KIZ ÇOCUK,Women,0.0
FİYONK BASKILI FİTİLLİ KAŞKORSE TİŞÖRT KIZ ÇOCUK,Women,0.0
FİYONKLU BLUZ KIZ ÇOCUK,Women,0.0
FİYONKLU ELBİSE KIZ BEBEK,Women,0.0
GABARDİN 2'Lİ TAKIM ERKEK BEBEK,Women,0.0
GABARDİN BERMUDA,Women,0.0
GABARDİN ELBİSE KIZ ÇOCUK,Women,0.0
GABARDİN KIZ ÇOCUK,Women,0.0
GABARDİN PANTOLON ERKEK BEBEK,Women,0.0
GABARDİN PANTOLON ERKEK ÇOCUK,Women,0.0
GABARDİN TULUM KIZ ÇOCUK,Women,0.0
GABARDİN ŞORT ERKEK ÇOCUK,Women,0.0
GABARDİN ŞORT KIZ BEBEK,Women,0.0
GOFRE DOKULU 2'Lİ TAKIM,Women,0.0
GOURMAND 100 PARFÜM,Women,0.0
GÖMLEK KIZ ÇOCUK,Women,0.0
GÖZLÜK İPİ,Women,0.0
GÜNEŞ GÖZLÜĞÜ ERKEK ÇOCUK,Women,0.0
GÜNEŞ GÖZLÜĞÜ KIZ ÇOCUK,Women,0.0
HAKİM YAKA TİŞÖRT ERKEK ÇOCUK,Women,0.0
HASIR ŞAPKA,Women,0.0
HASIR ŞAPKA ERKEK ÇOCUK,Women,0.0
HASIR ŞAPKA KIZ ÇOCUK,Women,0.0
HAYVAN BASKILI 2'Lİ TAKIM ERKEK BEBEK,Women,0.0
HAYVAN BASKILI 2'Lİ TAKIM KIZ BEBEK,Women,0.0
HAYVAN BASKILI PENYE 3'LÜ SLİP KÜLOT KIZ ÇOCUK,Women,0.0
HAYVAN DESENLİ 2'Lİ PİJAMA TAKIMI ERKEK BEBEK,Women,0.0
HAYVAN DESENLİ 2'Lİ TAKIM ERKEK BEBEK,Women,0.0
HAYVAN DESENLİ PAMUKLU 2'Lİ TAKIM ERKEK BEBEK,Women,0.0
HAYVAN DESENLİ PENYE 3'LÜ BOXER ERKEK ÇOCUK,Women,0.0
HAYVAN DESENLİ PENYE 3'LÜ SLİP KÜLOT KIZ ÇOCUK,Women,0.0
HEARTLEAF SİLKY MOİSTURE SUN CREAM CİLDİ SAKİN TUTAN IPEKSİ DOKULU GÜNEŞ KREMİ 50ML,Women,0.0
HELLO KITTY FITTED RİBANA TİŞÖRT KIZ ÇOCUK,Women,0.0
HELLO KITTY FİTİLLİ KAŞKORSE ELBİSE KIZ BEBEK,Women,0.0
HELLO KITTY OVERSIZE TİŞÖRT KIZ ÇOCUK,Women,0.0
HELLO KITTY PAMUKLU KÜLOTLU ÇORAP KIZ ÇOCUK,Women,0.0
HELLO KITTY TİŞÖRT KIZ ÇOCUK,Women,0.0
HELLO KİTTY OVERSIZE SIRT BASKILI TİŞÖRT,Women,0.0
HELLO KİTTY OVERSIZE TİŞÖRT KIZ ÇOCUK,Women,0.0
HOT WHEELS 2'Lİ TAKIM ERKEK BEBEK,Women,0.0
HOT WHEELS TİŞÖRT ERKEK BEBEK,Women,0.0
HİPSTER KÜLOT,Women,0.0
I LOVE NY OVERSIZE TİŞÖRT KIZ ÇOCUK,Women,0.0
JEAN BERMUDA,Women,10.873418003297978
JEAN BUCKET ŞAPKA ERKEK ÇOCUK,Women,0.0
JEAN KIZ ÇOCUK,Women,0.0
JEAN MICHEL BASQUIAT OVERSIZE SIRT BASKILI TİŞÖRT,Women,0.0
JEAN OMUZ ÇANTASI,Women,0.0
JEAN OMUZ ÇANTASI KIZ ÇOCUK,Women,0.0
JEAN PANTOLON ERKEK ÇOCUK,Women,0.0
JEAN TULUM ERKEK BEBEK,Women,0.0
JEAN ÇAPRAZ ÇANTA,Women,-3.5714515307598322
JEAN ŞORT,Women,1.7316223461534668
JEAN ŞORT ERKEK BEBEK,Women,0.0
JEAN ŞORT ERKEK ÇOCUK,Women,0.0
JEAN ŞORT ETEK,Women,-15.38473372872099
JEAN ŞORT ETEK KIZ ÇOCUK,Women,0.0
JEAN ŞORT KIZ ÇOCUK,Women,0.0
JEGGİNG YÜKSEK BEL BİLEK BOY DAR PAÇA BASIC JEAN PANTOLON,Women,0.0
JOGGER FIT JEAN PANTOLON ERKEK ÇOCUK,Women,0.0
JOGGER FIT YUMUŞAK DOKULU PANTOLON,Women,0.0
JOGGER FIT YÜKSEK BEL UZUN PANTOLON,Women,0.0
JOGGER FİT JEAN PANTOLON ERKEK BEBEK,Women,0.0
KADIN,Women,0.0
KADIN 10'LU SAÇ AKSESUARI,Women,0.0
KADIN 12'Lİ KÜPE,Women,0.0
KADIN 15'Lİ YÜZÜK,Women,0.0
KADIN 2'Lİ BİLEKLİK,Women,0.0
KADIN 2'Lİ KOLYE,Women,0.0
KADIN 2'Lİ KÜPE,Women,0.0
KADIN 2'Lİ SAÇ AKSESUARI,Women,1.7544536806683824
KADIN 2'Lİ SAÇ TOKASI,Women,0.0
KADIN 20'Lİ SAÇ AKSESUARI,Women,0.0
KADIN 3'LÜ BİLEKLİK,Women,-1.5385088771962214
KADIN 3'LÜ KOLYE,Women,-0.5168090863306469
KADIN 3'LÜ KÜPE,Women,2.678667095253402
KADIN 3'LÜ SAÇ AKSESUARI,Women,-14.465845509801559
KADIN 3'LÜ YÜZÜK,Women,1.1905187090015052
KADIN 4'LÜ BİLEKLİK,Women,0.0
KADIN 4'LÜ KÜPE,Women,0.0
KADIN 4'LÜ SAÇ AKSESUARI,Women,0.0
KADIN 4'LÜ YÜZÜK,Women,0.0
KADIN 5'Lİ BİLEKLİK,Women,0.0
KADIN 5'Lİ PAMUKLU PATİK ÇORAP,Women,0.0
KADIN 5'Lİ YÜZÜK,Women,2.678667095253402
KADIN 6'LI KÜPE,Women,0.0
KADIN 6'LI SAÇ AKSESUARI,Women,0.0
KADIN 6'LI YÜZÜK,Women,3.0304132271476467
KADIN 7'Lİ PAMUKLU PATİK ÇORAP,Women,0.0
KADIN 7'Lİ YÜZÜK,Women,0.0
KADIN 8'Lİ YÜZÜK,Women,0.0
KADIN 9'LU BİLEKLİK,Women,0.0
KADIN 9'LU KÜPE,Women,0.0
KADIN 9'LU YÜZÜK,Women,0.0
KADIN AMBER - AROMATİC 100 ML PARFÜM,Women,0.0
KADIN APLİKE PAMUKLU CAP ŞAPKA,Women,0.0
KADIN ARINDIRICI,Women,0.0
KADIN AROMATİC - FRUİTY 100 ML PARFÜM,Women,0.0
KADIN ATKI,Women,0.0
KADIN BAKLAVA DESENLİ ATKI,Women,0.0
KADIN BAKLAVA DESENLİ BERE,Women,0.0
KADIN BOXER,Women,0.0
KADIN BOZUK PARA ÇANTASI,Women,-32.46862881084296
KADIN BİLEKLİK,Women,14.286122460641732
KADIN CHARM ANAHTARLIK,Women,0.0
KADIN CÜZDAN,Women,-20.00080003200128
KADIN DESENLİ 5'Lİ PAMUKLU PATİK ÇORAP,Women,0.0
KADIN DESENLİ FULAR,Women,0.0
KADIN DESENLİ PAMUKLU BANDANA,Women,-1.8948437901532717e-14
KADIN DESENLİ SATEN FULAR,Women,0.0
KADIN DESENLİ SATEN ŞAL,Women,0.0
KADIN DESENLİ ŞAL,Women,-17.647422152809032
KADIN DİKDÖRTGEN TOKA 2'Lİ SUNİ DERİ KEMER,Women,0.0
KADIN DİKDÖRTGEN TOKA SUNİ DERİ 2'Lİ KLASİK KEMER,Women,0.0
KADIN DİKDÖRTGEN TOKA SUNİ DERİ GÜNLÜK KEMER,Women,-4.887365952240278
KADIN DİKDÖRTGEN TOKA SUNİ DERİ JEAN KEMERİ,Women,0.0
KADIN ETNİK DESENLİ FULAR,Women,0.0
KADIN ETİKET BASKILI DOKUMA CAP ŞAPKA,Women,0.0
KADIN FLORAL - GOURMAND 100 ML PARFÜM,Women,0.0
KADIN GOURMAND - FRUİTY 100 ML PARFÜM,Women,0.0
KADIN GOURMAND - FRUİTY 90 ML VÜCUT SPREYİ,Women,0.0
KADIN GOURMAND 100 ML PARFÜM,Women,0.0
KADIN GÖZ DETAYLI ŞAHMERAN,Women,0.0
KADIN GÜNEŞ GÖZLÜĞÜ,Women,-5.087416820348404
KADIN HASIR ŞAPKA,Women,-4.4898728876168414
KADIN JAKARLI TESETTÜR ŞAL,Women,0.0
KADIN JEL NEMLENDİRİCİ,Women,0.0
KADIN KANVAS CAP ŞAPKA,Women,0.0
KADIN KARTLIK,Women,-9.091404985726504
KADIN KOLYE,Women,-0.07209983115660343
KADIN KREM AYDINLATICI,Women,0.0
KADIN KREM GÖZENEK SIKILAŞTIRICI,Women,0.0
KADIN KREM GÜNEŞ KORUMA,Women,0.0
KADIN KREM LEKE KARŞITI BAKIM,Women,0.0
KADIN KREM NEMLENDİRİCİ,Women,-11.111203704475308
KADIN KREM ONARICI,Women,0.0
KADIN KREM SIKILAŞTIRICI,Women,0.0
KADIN KREM YAŞLANMA KARŞITI BAKIM,Women,0.0
KADIN KÖPÜK ARINDIRICI,Women,0.0
KADIN KÜPE,Women,0.6194573808869632
KADIN LUNA SHADOW VÜCUT SPREYİ,Women,0.0
KADIN MOONLIT GRACE VÜCUT SPREYİ,Women,0.0
KADIN NAKIŞ PAMUKLU CAP ŞAPKA,Women,0.0
KADIN NAKIŞLI KETEN CAP ŞAPKA,Women,0.0
KADIN OMUZ ÇANTASI,Women,0.0
KADIN OVAL TOKA 2'Lİ SUNİ DERİ KEMER,Women,0.0
KADIN OVAL TOKA SUNİ DERİ GÜNLÜK KEMER,Women,7.80512552837042
KADIN OVAL TOKA SUNİ DERİ JEAN KEMERİ,Women,0.0
KADIN OVAL TOKA SUNİ DERİ KLASİK KEMER,Women,0.0
KADIN PAMUKLU CAP ŞAPKA,Women,3.658625820141969
KADIN PUANTİYELİ SATEN FULAR,Women,0.0
KADIN SATEN FULAR,Women,0.0
KADIN SATEN ŞAL,Women,0.0
KADIN SAÇ AKSESUARI,Women,-0.46298011037445824
KADIN SAÇ TOKASI,Women,11.111604960220454
KADIN SERUM AYDINLATICI,Women,0.0
KADIN SERUM NEMLENDİRİCİ,Women,0.0
KADIN SERUM SIKILAŞTIRICI,Women,-6.60381096496773
KADIN SERUM YAŞLANMA KARŞITI BAKIM,Women,0.0
KADIN SERUM YENİLEYİCİ,Women,0.0
KADIN STİCK GÜNEŞ KORUMA 50,Women,0.0
KADIN SUNİ DERİ 3'LÜ GÜNLÜK KEMER,Women,0.0
KADIN SUNİ DERİ CÜZDAN,Women,-13.030579436533518
KADIN SUNİ KÜRK ATKI,Women,0.0
KADIN SUNİ KÜRK BUCKET ŞAPKA,Women,0.0
KADIN TESETTÜR ŞAL,Women,0.0
KADIN TONİK ARINDIRICI,Women,0.0
KADIN TONİK GÖZENEK SIKILAŞTIRICI,Women,0.0
KADIN TONİK NEMLENDİRİCİ,Women,0.0
KADIN TONİK YAŞLANMA KARŞITI BAKIM,Women,0.0
KADIN TONİK YENİLEYİCİ,Women,0.0
KADIN TRİKO BUCKET ŞAPKA,Women,0.0
KADIN VANİLLA - FLORAL 100 ML PARFÜM,Women,0.0
KADIN VİZÖR ŞAPKA,Women,0.0
KADIN WAFFLE CREAM 100 ML PARFÜM,Women,0.0
KADIN ZEBRA DESENLİ SATEN FULAR,Women,0.0
KADIN ÇİZGİLİ SATEN FULAR,Women,0.0
KADIN ÇİÇEKLİ FULAR,Women,0.0
KADIN ÇİÇEKLİ TESETTÜR ŞAL,Women,1.421120999545189e-14
KADIN ÖRME BUCKET ŞAPKA,Women,0.0
KADIN ŞAL,Women,0.0
KADIN ŞAL DESENLİ SATEN ŞAL,Women,0.0
KADİFE YAKA MONT ERKEK ÇOCUK,Women,0.0
KALIN KUMAŞ 2'Lİ TAKIM,Women,0.0
KALP DESENLİ 2'Lİ ATLET KIZ ÇOCUK,Women,0.0
KALP DESENLİ FİTİLLİ KAŞKORSE KISA KOLLU TİŞÖRT KIZ BEBEK,Women,0.0
KALP DESENLİ PAMUKLU CAP ŞAPKA KIZ ÇOCUK,Women,0.0
KALP DESENLİ PENYE 2'Lİ BOXER KIZ ÇOCUK,Women,0.0
KALP DESENLİ RİBANA SLİP KÜLOT KIZ ÇOCUK,Women,0.0
KALPLİ FİTİLLİ KAŞKORSE TİŞÖRT KIZ ÇOCUK,Women,0.0
KALPLİ PENYE TİŞÖRT KIZ BEBEK,Women,0.0
KALPLİ PİJAMA TAKIMI,Women,0.0
KANVAS OMUZ ÇANTASI,Women,0.0
KAPLI DOLGULU BRALET,Women,0.0
KAPLI DOLGUSUZ TİŞÖRT BRA,Women,0.0
KAPLI PEDLİ BRALET,Women,0.0
KAPLI PEDLİ SEAMLES BRA,Women,0.0
KAPLI PEDLİ STRAPLEZ SÜTYEN,Women,-1.1368911150384611e-14
KAPLI PEDLİ TİŞÖRT BRA,Women,0.0
KAPLI PEDSİZ BALKONET SÜTYEN,Women,0.0
KAPLI PEDSİZ TİŞÖRT BRA,Women,0.0
KAPLI PUSH UP BÜYÜK BEDEN SÜTYEN,Women,0.0
KAPLI YARIM DOLGULU BALKONET SÜTYEN,Women,0.0
KAPLI YARIM DOLGULU BRA,Women,0.0
KAPLI YARIM DOLGULU STRAPLEZ SÜTYEN,Women,0.0
KAPLI YARIM DOLGULU TİŞÖRT BRA,Women,0.0
KAPSIZ PEDSİZ BALKONET SÜTYEN,Women,14.286224508018144
KAPSIZ PEDSİZ BRALET,Women,0.0
KAPSIZ PEDSİZ TRİANGLE BRA,Women,0.0
KAPSIZ PEDSİZ TİŞÖRT BRA,Women,0.0
KAPÜŞONLU 2'Lİ SWEATSHIRT ERKEK BEBEK,Women,0.0
KAPÜŞONLU BASKILI SKUBA DALGIÇ KUMAŞ KOLSUZ SWEATSHİRT ERKEK ÇOCUK,Women,0.0
KAPÜŞONLU PİKE FERMUARLI SWEATSHİRT ERKEK ÇOCUK,Women,0.0
KAPÜŞONLU ŞİŞME MONT ERKEK ÇOCUK,Women,0.0
KARE YAKA BODYSUİT,Women,0.0
KARE YAKA PAMUKLU GÖMLEK KIZ BEBEK,Women,0.0
KARELİ FLANEL UZUN KOLLU GÖMLEK ERKEK BEBEK,Women,0.0
KARELİ KEMERLİ KOLSUZ ELBİSE KIZ ÇOCUK,Women,0.0
KARELİ ŞORT PİJAMA ALTI,Women,0.0
KARGO JOGGER GABARDİN PANTOLON ERKEK ÇOCUK,Women,0.0
KATLAMALI PAÇA JEAN PANTOLON,Women,0.0
KAYDIRMAZ TABAN 5'Lİ PAMUKLU PATİK ÇORAP ERKEK BEBEK,Women,0.0
KAYIK YAKA RİBANA TİŞÖRT KIZ ÇOCUK,Women,0.0
KAYIK YAKA UZUN KOLLU TİŞÖRT,Women,0.0
KAYIK YAKA YARIM KOLLU TİŞÖRT,Women,0.0
KAYKAY BASKILI 2'Lİ TAKIM ERKEK BEBEK,Women,0.0
KAYKAY BASKILI TİŞÖRT ERKEK BEBEK,Women,0.0
KAŞKORSE KISA KOLLU TİŞÖRT,Women,0.0
KEMER DETAYLI TULUM KIZ ÇOCUK,Women,0.0
KEMERLİ BLAZER CEKET,Women,0.0
KEMERLİ ŞORT ETEK,Women,0.0
KETEN GÖRÜNÜMLÜ ELBİSE,Women,0.0
KETEN GÖRÜNÜMLÜ GÖMLEK ERKEK BEBEK,Women,0.0
KETEN GÖRÜNÜMLÜ GÖMLEK ERKEK ÇOCUK,Women,0.0
KETEN GÖRÜNÜMLÜ KIZ ÇOCUK,Women,0.0
KETEN KARIŞIMLI BASIC KISA PAÇA HAREM PANTOLON,Women,66.66767678298156
KETEN KARIŞIMLI KISA KOLLU GÖMLEK,Women,0.0
KETEN KARIŞIMLI KISA KOLLU GÖMLEK KIZ BEBEK,Women,0.0
KETEN KARIŞIMLI KUŞAKLI MAXİ ELBİSE,Women,0.0
KETEN KARIŞIMLI PALAZZO PANTOLON WİDE LEG ÜÇ CEPLİ NORMAL BEL BASIC STANDART BOY,Women,42.8577551107873
KETEN KARIŞIMLI PANTOLON ERKEK ÇOCUK,Women,0.0
KIRIŞMAZ FERMUARLI POLO YAKA TİŞÖRT,Women,0.0
KISA BOY,Women,0.0
KISA BOY TAYT KIZ ÇOCUK,Women,0.0
KISA KOLLU BASKILI TİŞÖRT,Women,0.0
KISA KOLLU BLUZ,Women,11.111287480753662
KISA KOLLU BLUZ KIZ ÇOCUK,Women,0.0
KISA KOLLU ERKEK BEBEK TİŞÖRT,Women,0.0
KISA KOLLU GECELİK,Women,0.0
KISA KOLLU HAMİLE ÜSTÜ,Women,0.0
KISA KOLLU OVERSIZE POLO TİŞÖRT,Women,0.0
KISA KOLLU POLO TİŞÖRT ERKEK ÇOCUK,Women,0.0
KISA KOLLU PİJAMA ÜSTÜ,Women,0.0
KISA KOLLU TİŞÖRT,Women,-0.8620917564487298
KISA KOLLU ÜST,Women,0.0
KISA YÜKSEK BEL BİLEK BOY JEAN PANTOLON,Women,0.0
KIZ BEBEK 2'Lİ TAKIM,Women,0.0
KIZ BEBEK ŞORT,Women,0.0
KIZ ÇOCUK,Women,0.0
KIZ ÇOCUK 2'Lİ PİJAMA TAKIMI,Women,0.0
KIZ ÇOCUK 5'Lİ PAMUKLU PATİK ÇORAP,Women,0.0
KIZ ÇOCUK 6'LI SAÇ AKSESUARI,Women,0.0
KIZ ÇOCUK GÜNEŞ GÖZLÜĞÜ,Women,0.0
KIZ ÇOCUK MAYO,Women,0.0
KIZ ÇOCUK NAKIŞLI JEAN GÖRÜNÜMLÜ CAP ŞAPKA,Women,0.0
KLASİK CHİNO KUMAŞ PANTOLON NORMAL BEL BASIC CEPLİ BİLEK BOY,Women,0.0
KLASİK KESİM GENİŞ PAÇA PANTOLON,Women,0.0
KOLAY ÜTÜLENEBİLİR SLIM FIT BASIC GÖMLEK,Women,0.0
KONFORLU JEAN ŞORT KIZ ÇOCUK,Women,0.0
KONTRAST GÖMLEK YAKA GABARDİN CEKET ERKEK ÇOCUK,Women,0.0
KONTRAST KADİFE YAKA MONT ERKEK BEBEK,Women,0.0
KPOP - DEMON HUNTERS OVERSIZE BİSİKLET YAKA KISA KOLLU TİŞÖRT KIZ ÇOCUK,Women,0.0
KPOP - DEMON HUNTERS OVERSIZE SIRT BASKILI TİŞÖRT,Women,0.0
KPOP - DEMON HUNTERS OVERSIZE TİŞÖRT,Women,0.0
KPOP - DEMON HUNTERS OVERSIZE TİŞÖRT KIZ ÇOCUK,Women,0.0
KPOP - DEMON HUNTERS RELAX FIT TİŞÖRT KIZ ÇOCUK,Women,0.0
KPOP - DEMON HUNTERS RİBANA TİŞÖRT KIZ ÇOCUK,Women,0.0
KRİNKIL 2'Lİ TAKIM KIZ BEBEK,Women,0.0
KRİNKIL KUMAŞ ELBİSE,Women,0.0
KRİNKIL KUMAŞ MAXİ ELBİSE,Women,0.0
KRİNKIL KUMAŞ TUNİK,Women,0.0
KRİNKIL PUANTİYELİ 2'Lİ TAKIM KIZ BEBEK,Women,0.0
KRİNKIL TİŞÖRT KIZ BEBEK,Women,0.0
KRİNKIL VİSKON ŞORT,Women,25.000520844184255
KURDELE SAÇ TOKASI KIZ ÇOCUK,Women,0.0
KURDELE TOKA KIZ ÇOCUK,Women,0.0
KUROMI OVERSIZE TİŞÖRT KIZ ÇOCUK,Women,0.0
KUŞAKLI UZUN KOLLU TİŞÖRT,Women,0.0
KİRAZLI MANDAL TOKA,Women,0.0
LEOPAR DESENLİ GABARDİN ŞORT KIZ ÇOCUK,Women,0.0
LONG MUSCLE FİT KISA KOLLU TİŞÖRT,Women,0.0
LOONEY TUNES CROPPED FIT RİBANA TİŞÖRT KIZ ÇOCUK,Women,0.0
LOONEY TUNES OVERSIZE SIRT BASKILI TİŞÖRT,Women,0.0
LOONEY TUNES OVERSIZE TİŞÖRT KIZ ÇOCUK,Women,0.0
LOOSE AÇIK OMUZLU TİŞÖRT,Women,0.0
LOOSE FIT AKIŞKAN KUMAŞ GÖMLEK,Women,0.0
LOOSE FIT KISA KOLLU POLO TİŞÖRT,Women,0.0
LOOSE FIT KISA KOLLU TİŞÖRT,Women,0.0
LOOSE FIT MODAL HIRKA,Women,0.0
LOOSE FIT NEFES ALABİLEN KUMAŞ TİŞÖRT,Women,0.0
LOOSE FIT PAMUKLU PANTOLON ERKEK BEBEK,Women,0.0
LOOSE FIT SLOGAN BASKILI POLO TİŞÖRT,Women,0.0
LOOSE FIT UZUN KOLLU TUNİK,Women,13.636518596802235
LOOSE FIT UZUN KOLLU TİŞÖRT,Women,15.384953515461877
LOOSE FİT BELİ LASTİKLİ EŞOFMAN ALTI ERKEK BEBEK,Women,0.0
LOOSE FİT YIRTIK DETAYLI DÜZ PAÇA JEAN PANTOLON ERKEK ÇOCUK,Women,0.0
LOW RISE PANTOLON,Women,0.0
LOW RISE WIDELEG DÜŞÜK BEL JEAN PANTOLON,Women,0.0
MANDAL TOKA,Women,0.0
MARVEL AVENGERS BASKILI CAP ŞAPKA ERKEK ÇOCUK,Women,0.0
MARVEL AVENGERS BASKILI PAMUKLU CAP ŞAPKA ERKEK ÇOCUK,Women,0.0
MARVEL AVENGERS TİŞÖRT ŞORT 2'Lİ TAKIM ERKEK ÇOCUK,Women,0.0
MARVEL COMICS TİŞÖRT ERKEK BEBEK,Women,0.0
MARVEL SPIDERMAN PAMUKLU CAP ŞAPKA ERKEK ÇOCUK,Women,0.0
MARVEL SPIDERMAN TİŞÖRT ERKEK BEBEK,Women,0.0
MARY VINTAGE STRAİGHT FİT YÜKSEK BEL BİLEK BOY JEAN PANTOLON,Women,0.0
MARY VINTAGE STRAİGHT FİT YÜKSEK BEL DÜZ PAÇA JEAN PANTOLON,Women,0.0
MARİA NİLA QUİCK DRY HEAT SPRAY HIZLI KURUTUCU SPREY,Women,0.0
MASKE,Women,-5.2633241049717245
MAYO KIZ BEBEK,Women,0.0
MAYO KIZ ÇOCUK,Women,0.0
MEDİCUBE - AGE R BOOSTER PRO (4 FARKLI MODLU KORE CAM CİLT BAKIM CİHAZI),Women,0.0
MEDİCUBE - AGE-R BOOSTER PRO MİNİ PİNK CİLT BAKIM CİHAZI,Women,0.0
MEDİCUBE - AGE-R BOOSTER PRO MİNİ WHİTE CİLT BAKIM CİHAZI,Women,0.0
MEDİCUBE - DEEP PEPTİDE RADİANCE MASK KIRIŞIKLIK KARŞITI-AYDINLATICI MASKE,Women,0.0
MEDİCUBE PDRN PİNK VİTA COATİNG MASK NEMLENDİRİCİ VE BESLEYİCİ SOMON PDRN VE PEMBE B12 VİTAMİNLİ KAĞIT MASKE,Women,0.0
MEDİCUBE RED ERASİNG CREAM KIZARIKLIK KARŞITI NEMLENDİRİCİ KREM,Women,0.0
MEDİCUBE SUPER CICA CALMING MASK SAKİNLEŞTİRİCİ MASKE,Women,0.0
MEDİCUBE TRİPLE COLLAGEN SERUM- FİRMİNG FACİAL SERUM- ÜÇLÜ KOLAJEN SERUMU- 55ML,Women,0.0
MEDİCUBE ZERO PORE SOĞUTUCU MASKE,Women,0.0
MEDİCUBE ZERO PORE TONER GÖZENEK KARŞITI TONİK,Women,0.0
MEDİTHERAPY ARBUTİN SKİN BOOSTER SERUM & BOOSTER CAP LEKE KARŞITI AYDINLATICI CİLT SERUMU VE CİHAZI 150 ML,Women,0.0
MEDİTHERAPY BLUE LAYER MİST AMPOULE JET NEMLENDİRİCİ CANLANDIRICI CİLT BAKIM CİHAZI,Women,0.0
MEDİTHERAPY HYALURONİC ACİD FİRST SKİN BOOSTER NEMLENDİRİCİ CİLT SERUMU,Women,0.0
MEDİTHERAPY PDRN SKİN BOOSTER CAP CİLT BAKIM CİHAZI,Women,0.0
MEDİTHERAPY SHUMAGE GOLD SEAL LİFTİNG CREAM & EMS DEVİCE SIKILAŞTIRICI NEMLENDİRİCİ CİLT BAKIM CİHAZI,Women,0.0
MEDİTHERAPY SHUMAGE GOLD SEAL WRAPPİNG MASK ELASTİKİYET VE SIKILIK KORUYUCU KIRIŞIKLIK ÖNLEYİCİ ALTIN İPLİKLİ MASKE,Women,0.0
MEDİTHERAPY SHUMAGE RETİNOL 550 DEEP SHOT PATCH (4 PARÇA) KIRIŞIKLIK ÖNLEYİCİ 550 MİKRO SPİKÜL VE RETİNOLLÜ CİLT BAKIM BANTI,Women,0.0
MEDİTHERAPY TRANEXAMİC ACİD SKİN BOOSTER CREAM & BOOSTER CAP LEKE KARŞITI NEMLENDİRİCİ YÜZ KREMİ VE CİHAZI 100 ML,Women,0.0
MEYVE BASKILI 2'Lİ TAKIM KIZ BEBEK,Women,0.0
MEYVE BASKILI TİŞÖRT KIZ ÇOCUK,Women,0.0
MEYVE DESENLİ 2'Lİ TAKIM KIZ BEBEK,Women,0.0
MEYVE DESENLİ RİBANA TİŞÖRT KIZ ÇOCUK,Women,0.0
MIA FLARE FIT NORMAL BEL DÜZ PAÇA UZUN JEAN PANTOLON,Women,0.0
MIA FLARE FIT NORMAL BEL UZUN JEAN PANTOLON,Women,0.0
MIA FLARE FIT NORMAL BEL İSPANYOL PAÇA UZUN JEAN PANTOLON,Women,0.0
MIA FLARE FIT YÜKSEK BEL JEAN PANTOLON,Women,0.0
MIA FLARE FİT JEAN PANTOLON,Women,0.0
MIA FLARE FİT NORMAL BEL İSPANYOL PAÇA UZUN JEAN PANTOLON,Women,0.0
MINECRAFT OVERSIZE TİŞÖRT ERKEK ÇOCUK,Women,0.0
MINECRAFT TİŞÖRT ERKEK ÇOCUK,Women,0.0
MINECRAFT TİŞÖRT ŞORT 2'Lİ TAKIM ERKEK ÇOCUK,Women,0.0
MLS OVERSIZE POLO YAKA TİŞÖRT,Women,0.0
MLS OVERSIZE V YAKA TİŞÖRT,Women,0.0
MODAL 2'Lİ TAKIM,Women,0.0
MODAL EŞOFMAN ALTI,Women,0.0
MODAL FLARE PANTOLON,Women,0.0
MODAL KISA KOLLU ÜST,Women,0.0
MODAL KÜLOTLU ÇORAP KIZ ÇOCUK,Women,0.0
MODAL SWEATSHİRT,Women,0.0
MODAL TİŞÖRT KIZ ÇOCUK,Women,0.0
MODAL UZUN KOLLU GÖMLEK,Women,0.0
MODERN FIT,Women,0.0
MODERN FIT DOKUMA GÜNLÜK,Women,0.0
MODERN FIT KRİNKIL BLAZER CEKET,Women,0.0
MODERN FIT PAMUKLU,Women,0.0
MODERN FIT PENYE BLAZER CEKET,Women,0.0
MODERN OVERSIZE BİSİKLET YAKA KELEBEK DESENLİ KISA KOLLU TİŞÖRT,Women,0.0
MOM FIT JEAN ŞORT,Women,13.772620031377622
MONCHHİCHİ KIZ BEBEK 2'Lİ TAKIM,Women,0.0
MONT,Women,50.79401360803371
MUM,Women,0.0
MÜSLİN 2'Lİ TAKIM ERKEK BEBEK,Women,0.0
MÜSLİN 2'Lİ TAKIM ERKEK ÇOCUK,Women,0.0
MÜSLİN ELBİSE KIZ BEBEK,Women,0.0
MÜSLİN ETEK,Women,0.0
MÜSLİN GÖMLEK ERKEK BEBEK,Women,0.0
MÜSLİN ŞORT ERKEK BEBEK,Women,0.0
MİA FLARE FIT NORMAL BEL İSPANYOL PAÇA UZUN JEAN PANTOLON,Women,0.0
MİCRO,Women,16.667777851856787
MİCRO 2'Lİ,Women,0.0
MİCRO 2'Lİ BOXER,Women,0.0
MİCRO 2'Lİ HİPSTER KÜLOT,Women,0.0
MİCRO 2'Lİ SLİP KÜLOT,Women,14.286224508018144
MİCRO 3'LÜ,Women,0.0
MİCRO 3'LÜ BRAZİLİAN KÜLOT,Women,0.0
MİCRO BRAZİLİAN KÜLOT,Women,0.0
MİCRO KAPLI DOLGUSUZ BALENSİZ BRALET,Women,25.00062501562539
MİDİ TAYT KIZ ÇOCUK,Women,0.0
MİFFY TİŞÖRT ALT 2'Lİ TAKIM KIZ BEBEK,Women,0.0
MİNİ ETEK,Women,64.55777921239508
MİZON 7 VEGAN PEPTİDE BOOSTER SIKILAŞTIRICI CİLT SERUMU 150 ML,Women,0.0
MİZON ALL IN ONE SNAİL REPAİR CREAM TUBE NEMLENDİRİCİ SALYANGOZ ÖZLÜ BAKIM KREMİ 35 GR,Women,0.0
MİZON COLLAGEN POWER LİFTİNG TONER NEMLENDİRİCİ CİLT TONİĞİ 120 ML,Women,0.0
MİZON COLLAGENİC AQUA VOLUME LİP ESSENCE NEMLENDİRİCİ HACİMLENDİRİCİ RUJ 10 ML,Women,0.0
MİZON HYALUGEN GEL TO FOAM CLEANSER NEMLENDİRİCİ YÜZ TEMİZLEYİCİ JEL 100 ML,Women,0.0
MİZON INOUT DAİLY SOOTHİNG SUNSCREEN SPF50+ PA++++ NEMLENDİRİCİ YATIŞTIRICI GÜNEŞ KREMİ 50 ML,Women,0.0
MİZON REAL VİTAMİN C AMPOULE CANLANDIRICI CİLT SERUMU 15 ML,Women,0.0
MİZON SİYAH COLLAGEN CURLİNG FİX KIVIRMA VE BELİRGİNLEŞTİRME ETKİLİ KOLAJEN MASKARA,Women,0.0
NAKIŞ 3'LÜ PAMUKLU UZUN ÇORAP KIZ ÇOCUK,Women,0.0
NAKIŞLI DANTEL DETAYLI TÜL TANGA,Women,0.0
NAKIŞLI JEAN CAP ŞAPKA ERKEK ÇOCUK,Women,0.0
NAKIŞLI JEAN CAP ŞAPKA KIZ ÇOCUK,Women,0.0
NAKIŞLI JEAN TULUM ERKEK BEBEK,Women,0.0
NAKIŞLI PAMUKLU CAP ŞAPKA,Women,0.0
NAKIŞLI PAMUKLU CAP ŞAPKA ERKEK ÇOCUK,Women,0.0
NAKIŞLI PAMUKLU CAP ŞAPKA KIZ ÇOCUK,Women,0.0
NAKIŞLI PENYE TİŞÖRT,Women,0.0
NAKIŞLI TİŞÖRT ERKEK ÇOCUK,Women,0.0
NBA BOSTON CELTICS NEW REGULAR FIT TİŞÖRT,Women,0.0
NBA BOSTON CELTICS SLIM FIT TİŞÖRT,Women,0.0
NBA BROOKLYN NETS KISA KOLLU TİŞÖRT,Women,0.0
NBA CHICAGO BULLS BOMBER HIRKA ERKEK ÇOCUK,Women,0.0
NBA CHICAGO BULLS TİŞÖRT ERKEK ÇOCUK,Women,0.0
NBA HOUSTON ROCKETS TİŞÖRT ERKEK ÇOCUK,Women,0.0
NBA LOS ANGELES BASKILITİŞÖRT,Women,0.0
NBA LOS ANGELES LAKERS KISA KOLLU TİŞÖRT,Women,0.0
NBA LOS ANGELES LAKERS NEW REGULAR FIT BİSİKLET YAKA KISA KOLLU TİŞÖRT ERKEK ÇOCUK,Women,0.0
NBA MEMPHIS GRIZZLIES TİŞÖRT ERKEK ÇOCUK,Women,0.0
NBA MIAMI HEAT SLIM FIT POLO YAKA POLO TİŞÖRT,Women,0.0
NBA MILWAUKEE BUCKS TİŞÖRT ERKEK ÇOCUK,Women,0.0
NBA NEW YORK KNICKS OVERSIZE POLO YAKA TİŞÖRT,Women,0.0
NBA TİŞÖRT ERKEK ÇOCUK,Women,0.0
NBA WORDMARK OVERSIZE POLO YAKA TİŞÖRT,Women,0.0
NBA WORDMARK OVERSIZE SIRT BASKILI TİŞÖRT,Women,0.0
NBA WORDMARK RELAX FIT TİŞÖRT,Women,0.0
NEFES ALABİLEN LOOSE FİT BASKILI TİŞÖRT,Women,0.0
NEW REGULAR FIT %100 PAMUK BASİC TİŞÖRT,Women,0.0
NEW REGULAR FIT BİSİKLET YAKA BASKILI KISA KOLLU TİŞÖRT ERKEK ÇOCUK,Women,0.0
NEW REGULAR FIT BİSİKLET YAKA FLORAL KISA KOLLU TİŞÖRT ERKEK ÇOCUK,Women,0.0
NEW REGULAR FIT BİSİKLET YAKA KISA KOLLU TİŞÖRT ERKEK ÇOCUK,Women,0.0
NINJA TURTLES-RETRO NEW REGULAR FIT BİSİKLET YAKA KISA KOLLU TİŞÖRT ERKEK ÇOCUK,Women,0.0
NORMAL BEL BAGGY FIT PANTOLON,Women,0.0
NORMAL BEL BALLOON FIT PANTOLON,Women,0.0
NORMAL BEL BARREL FIT PANTOLON,Women,25.00028409413743
NORMAL BEL BİLEK BOY PANTOLON,Women,0.0
NORMAL BEL COMFORT MOM PANTOLON,Women,0.0
NORMAL BEL COMFORT STRAIGHT PANTOLON,Women,-5.800058000580016
NORMAL BEL FLARE FIT PANTOLON,Women,-6.603823425082453
NORMAL BEL KARGO FIT PANTOLON,Women,0.0
NORMAL BEL KATLAMALI JEAN ŞORT,Women,0.0
NORMAL BEL PANTOLON,Women,-2.941219723819468
NORMAL BEL PARAŞÜT PANTOLON,Women,0.0
NORMAL BEL RELAX FIT PANTOLON,Women,11.111358030178447
NORMAL BEL SATEN ŞORT,Women,14.285969392310577
NORMAL BEL STRAIGHT FIT PANTOLON,Women,-2.51574700390256
NORMAL BEL SİGARET PANTOLON,Women,-1.4211032353106416e-14
NORMAL BEL WIDE LEG PANTOLON,Women,15.052891257721788
NORMAL BEL ŞORT ETEK,Women,0.0
OMUZ DÜĞMELİ AYICIKLI KIZ TİŞÖRT,Women,0.0
OMZU AÇIK BASKILI TİŞÖRT KIZ ÇOCUK,Women,0.0
ONE PIECE OVERSIZE TİŞÖRT ERKEK ÇOCUK,Women,0.0
ONLY ONE EYE CREAM FOR FACE AYDINLATICI GÖZ ÇEVRESİ BAKIM KREMİ 30 ML,Women,0.0
OVERSHIRT FIT BASKILI TİŞÖRT,Women,0.0
OVERSHIRT FIT KISA KOLLU GÖMLEK,Women,0.0
OVERSHIRT FIT SLOGAN BASKILI KISA KOLLU TİŞÖRT ERKEK BEBEK,Women,0.0
OVERSHIRT GÖMLEK CEKET,Women,0.0
OVERSIZE,Women,-6.6294112429212415
OVERSIZE %100 KETEN GÖMLEK,Women,0.0
OVERSIZE AYICIKLI TİŞÖRT,Women,0.0
OVERSIZE BASIC PENYE TİŞÖRT,Women,0.0
OVERSIZE BASIC TİŞÖRT,Women,0.0
OVERSIZE BASKILI KISA KOLLU TİŞÖRT,Women,-28.571836740524866
OVERSIZE BASKILI KISA KOLLU TİŞÖRT ERKEK BEBEK,Women,0.0
OVERSIZE BASKILI KISA KOLLU TİŞÖRT ERKEK ÇOCUK,Women,0.0
OVERSIZE BASKILI POLO TİŞÖRT ERKEK ÇOCUK,Women,0.0
OVERSIZE BASKILI SWEATSHIRT TİŞÖRT KIZ ÇOCUK,Women,0.0
OVERSIZE BASKILI SWEATSHİRT KUMAŞ TİŞÖRT,Women,0.0
OVERSIZE BASKILI TİŞÖRT,Women,-0.9852420591953012
OVERSIZE BASKILI TİŞÖRT ERKEK BEBEK,Women,0.0
OVERSIZE BASKILI TİŞÖRT ERKEK ÇOCUK,Women,0.0
OVERSIZE BASKILI TİŞÖRT KIZ ÇOCUK,Women,0.0
OVERSIZE BASKILI ŞORT,Women,0.0
OVERSIZE BASKILI ŞORT ERKEK ÇOCUK,Women,0.0
OVERSIZE BENGALİN,Women,0.0
OVERSIZE BLAZER CEKET,Women,13.100922342633408
OVERSIZE BİSİKLET YAKA KISA KOLLU TİŞÖRT ERKEK ÇOCUK,Women,0.0
OVERSIZE BİSİKLET YAKA KISA KOLLU TİŞÖRT KIZ ÇOCUK,Women,0.0
OVERSIZE BİSİKLET YAKA SLOGAN BASKILI KISA KOLLU TİŞÖRT KIZ ÇOCUK,Women,0.0
OVERSIZE BİSİKLET YAKA SLOGAN BASKILI MODAL KISA KOLLU TİŞÖRT ERKEK ÇOCUK,Women,0.0
OVERSIZE DESENLİ GÖMLEK ERKEK ÇOCUK,Women,0.0
OVERSIZE DESENLİ KISA KOLLU TİŞÖRT ERKEK ÇOCUK,Women,0.0
OVERSIZE DİNOZOR BASKILI TİŞÖRT ERKEK BEBEK,Women,0.0
OVERSIZE FIT YAKA DETAYLI MONT,Women,0.0
OVERSIZE FLANEL,Women,0.0
OVERSIZE GÖMLEK ERKEK ÇOCUK,Women,0.0
OVERSIZE GÜNLÜK,Women,0.0
OVERSIZE HAKİM YAKA BLAZER CEKET,Women,0.0
OVERSIZE HAYVAN DESENLİ TİŞÖRT KIZ ÇOCUK,Women,0.0
OVERSIZE K-POP LİSANSLI TİŞÖRT,Women,0.0
OVERSIZE KALIN KUMAŞ KISA KOLLU TİŞÖRT,Women,0.0
OVERSIZE KARELİ FLANEL GÖMLEK,Women,0.0
OVERSIZE KETEN KARIŞIMLI,Women,0.0
OVERSIZE KETEN KARIŞIMLI BLAZER CEKET,Women,76.47133795429365
OVERSIZE KETEN KARIŞIMLI GÖMLEK,Women,0.0
OVERSIZE KISA KOLLU TİŞÖRT,Women,10.408949505216704
OVERSIZE MODAL,Women,-9.090991736288512
OVERSIZE MODAL HIRKA,Women,0.0
OVERSIZE MUSLİN GÖMLEK,Women,0.0
OVERSIZE MÜSLİN GÖMLEK,Women,-3.703744856424322
OVERSIZE MÜSLİN UZUN KOLLU GÖMLEK,Women,0.0
OVERSIZE NAKIŞLI YAKA BASKILI TİŞÖRT ERKEK ÇOCUK,Women,0.0
OVERSIZE OXFORD,Women,0.0
OVERSIZE PALMİYE DESENLİ KISA KOLLU TİŞÖRT ERKEK BEBEK,Women,0.0
OVERSIZE PAMUKLU GÖMLEK,Women,16.66691919574539
OVERSIZE PAMUKLU ÇİZGİLİ TİŞÖRT,Women,0.0
OVERSIZE PANTOLON ERKEK ÇOCUK,Women,0.0
OVERSIZE PATCH DETAYLI TİŞÖRT ERKEK ÇOCUK,Women,0.0
OVERSIZE PENYE KISA KOLLU TİŞÖRT,Women,0.0
OVERSIZE POLO TİŞÖRT,Women,0.0
OVERSIZE POLO TİŞÖRT ERKEK BEBEK,Women,0.0
OVERSIZE POLO TİŞÖRT ERKEK ÇOCUK,Women,0.0
OVERSIZE POLO YAKA BASKILI TİŞÖRT,Women,0.0
OVERSIZE POLO YAKA GÖMLEK,Women,-12.500089286352045
OVERSIZE POLO YAKA GÖMLEK ERKEK ÇOCUK,Women,0.0
OVERSIZE POLO YAKA KISA KOLLU POLO TİŞÖRT ERKEK ÇOCUK,Women,0.0
OVERSIZE POLO YAKA SLOGAN BASKILI KISA KOLLU POLO TİŞÖRT ERKEK ÇOCUK,Women,0.0
OVERSIZE POLO YAKA TİŞÖRT,Women,0.0
OVERSIZE POPLİN,Women,0.0
OVERSIZE POPLİN GÖMLEK,Women,-1.7544044323273538
OVERSIZE POPLİN UZUN KOLLU GÖMLEK,Women,0.0
OVERSIZE PİKE POLO TİŞÖRT,Women,0.0
OVERSIZE SATEN,Women,0.0
OVERSIZE SATEN GÖMLEK,Women,0.0
OVERSIZE SIRT BASKILI TİŞÖRT,Women,-1.0416883685076654
OVERSIZE SPORCU MODAL TİŞÖRT,Women,0.0
OVERSIZE TÜL KISA KOLLU TİŞÖRT,Women,0.0
OVERSIZE TİŞÖRT,Women,0.0
OVERSIZE TİŞÖRT ERKEK ÇOCUK,Women,0.0
OVERSIZE TİŞÖRT KIZ ÇOCUK,Women,0.0
OVERSIZE VUAL GÖMLEK,Women,0.0
OVERSIZE ÇİZGİLİ AKIŞKAN KUMAŞ GÖMLEK,Women,0.0
OVERSIZE ÇİZGİLİ KETEN GÖRÜNÜMLÜ UZUN KOLLU GÖMLEK,Women,0.0
OVERSIZE ÇİZGİLİ OXFORD GÖMLEK,Women,0.0
OVERSIZE ÇİZGİLİ POPLİN GÖMLEK,Women,0.0
OVERSIZE ÇİZGİLİ POPLİN GÖMLEK ERKEK ÇOCUK,Women,0.0
OVERSIZE ÇİZGİLİ TİŞÖRT,Women,0.0
OVERSIZE ÇİZGİLİ TİŞÖRT KIZ ÇOCUK,Women,0.0
OVERSIZE ÇİÇEKLİ TİŞÖRT,Women,0.0
OVERSIZE ÇİÇEKLİ TİŞÖRT KIZ ÇOCUK,Women,0.0
OVERSIZE ŞORT,Women,0.0
OVERSIZE ŞORT ERKEK ÇOCUK,Women,0.0
OVERSİZE BASKILI PİKE TİŞÖRT ERKEK BEBEK,Women,0.0
OVERSİZE BASKILI SWEATSHİRT ERKEK BEBEK,Women,0.0
OVERSİZE BASKILI TİŞÖRT,Women,0.0
OVERSİZE BASKILI TİŞÖRT ERKEK ÇOCUK,Women,0.0
OVERSİZE GENİŞ KALIP BİSİKLET YAKA BASKILI KISA KOLLU TİŞÖRT ERKEK ÇOCUK,Women,0.0
OVERSİZE GENİŞ KALIP BİSİKLET YAKA BASKILI UZUN KOLLU TİŞÖRT ERKEK BEBEK,Women,0.0
OVERSİZE GENİŞ KALIP KARELİ FLANEL UZUN KOLLU GÖMLEK ERKEK ÇOCUK,Women,0.0
OVERSİZE GENİŞ KALIP KISA KOLLU TİŞÖRT ERKEK BEBEK,Women,0.0
OVERSİZE KALIN KUMAŞ TİŞÖRT ERKEK ÇOCUK,Women,0.0
OXFORD 2'Lİ GÖMLEK KIZ ÇOCUK,Women,0.0
OXFORD 2'Lİ UZUN KOLLU GÖMLEK KIZ ÇOCUK,Women,0.0
OXFORD GÖMLEK TİŞÖRT 2'Lİ TAKIM KIZ ÇOCUK,Women,0.0
PAMUK BASKILI TİŞÖRT,Women,0.0
PAMUKLU ATLET,Women,0.0
PAMUKLU BRİEF HAMİLE KÜLODU,Women,0.0
PAMUKLU BUCKET ŞAPKA KIZ ÇOCUK,Women,0.0
PAMUKLU CAP ŞAPKA ERKEK ÇOCUK,Women,0.0
PAMUKLU CAP ŞAPKA KIZ ÇOCUK,Women,0.0
PAMUKLU DENİM ELBİSE KIZ BEBEK,Women,0.0
PAMUKLU DENİM ŞORT ERKEK BEBEK,Women,0.0
PAMUKLU ELBİSE KIZ ÇOCUK,Women,0.0
PAMUKLU ETEK KIZ ÇOCUK,Women,0.0
PAMUKLU HAMİLE KÜLODU,Women,0.0
PAMUKLU KAPLI PEDLİ BALENLİ 2'Lİ TİŞÖRT BRA,Women,0.0
PAMUKLU KAPLI PEDLİ BALENSİZ BRA,Women,0.0
PAMUKLU KIZ BEBEK ELBİSE,Women,0.0
PAMUKLU KIZ ÇOCUK,Women,0.0
PAMUKLU PAPERBAG ŞORT,Women,0.0
PAMUKLU PAPYON PANTOLON ASKISI 2'Lİ ERKEK ÇOCUK,Women,0.0
PAMUKLU SLİP KÜLOT,Women,0.0
PAMUKLU UZUN KOLLU GÖMLEK,Women,0.0
PAMUKLU ŞORT ERKEK BEBEK,Women,0.0
PANTOLON,Women,28.61953611852275
PAPERBAG BELİ LASTİKLİ BİLEK BOY JEAN PANTOLON,Women,0.0
PAPERBAG GABARDİN PANTOLON KIZ BEBEK,Women,0.0
PAPERBAG JEAN ŞORT KIZ ÇOCUK,Women,0.0
PAPERBAG PAMUKLU ŞORT,Women,0.0
PAPERBAG ŞORT,Women,0.0
PAREO KIZ ÇOCUK,Women,0.0
PAW PATROL LİSANSLI TİŞÖRT,Women,0.0
PEDRO SLIM FIT PANTOLON,Women,0.0
PEDSİZ SÜTYEN DESTEKLİ ATLET,Women,0.0
PENYE 2'Lİ BOXER ERKEK ÇOCUK,Women,0.0
PENYE 3'LÜ BOXER ERKEK ÇOCUK,Women,0.0
PENYE 3'LÜ SLİP KÜLOT ERKEK ÇOCUK,Women,0.0
PENYE 3'LÜ SLİP KÜLOT KIZ ÇOCUK,Women,0.0
PENYE ETEK,Women,0.0
PENYE KAPLI 2'Lİ BRA,Women,0.0
PENYE KISA KOLLU TİŞÖRT,Women,0.0
PENYE TİŞÖRT KIZ ÇOCUK,Women,0.0
PEPTIDE-132 BONDİNG TREATMENT 120ML,Women,0.0
PEPTIDE-132 ULTRA BONDİNG SHAMPOO 200ML,Women,0.0
PEPTIDE-132 ULTRA PERFECT HAİR BONDİNG OİL SERUM,Women,0.0
PLAJ ELBİSESİ KIZ ÇOCUK,Women,0.0
PLAYSTATION 3'LÜ PAMUKLU UZUN ÇORAP ERKEK ÇOCUK,Women,0.0
PLAYSTATION OVERSIZE TİŞÖRT ERKEK ÇOCUK,Women,0.0
POCHACCO OVERSIZE KIZ ÇOCUK TİŞÖRT,Women,0.0
POLO TİŞÖRT ERKEK ÇOCUK,Women,0.0
POLO TİŞÖRT GABARDİN PANTOLON 2'Lİ TAKIM ERKEK ÇOCUK,Women,0.0
POLO YAKA GÖMLEK,Women,0.0
POLO YAKA KAŞKORSE TİŞÖRT,Women,0.0
POLO YAKA MONT KIZ ÇOCUK,Women,0.0
POLO YAKA OXFORD UZUN KOLLU BASİC DÜZ GÖMLEK ERKEK ÇOCUK,Women,0.0
POLO YAKA ÇİZGİLİ TİŞÖRT ERKEK ÇOCUK,Women,0.0
POPLİN 2'Lİ TAKIM,Women,0.0
POPLİN 2'Lİ TAKIM ÇİZGİLİ GÖMLEK PANTOLON ERKEK BEBEK,Women,0.0
POPLİN ETEK KIZ BEBEK,Women,0.0
POPLİN KIZ BEBEK,Women,0.0
POPLİN KIZ ÇOCUK,Women,0.0
POPLİN ŞORT ERKEK BEBEK,Women,0.0
PREMIUM BASKILI TİŞÖRT ERKEK ÇOCUK,Women,0.0
PREMIUM OVERSIZE KALIN TİŞÖRT ERKEK ÇOCUK,Women,0.0
PREMIUM OVERSIZE MONT,Women,0.0
PREMIUM REGULAR FIT MONT,Women,0.0
PREMİUM AKIŞKAN KUMAŞ PANTOLON,Women,0.0
PREMİUM DÜZ PAÇA PANTOLON,Women,0.0
PREMİUM KADIN GOURMAND 100 ML PARFÜM,Women,0.0
PREMİUM MASKE,Women,0.0
PUANTİYELİ FITTED KAYIK YAKA BLUZ,Women,0.0
PUANTİYELİ PENYE KISA KOLLU TİŞÖRT,Women,0.0
PUANTİYELİ PENYE TİŞÖRT,Women,0.0
PUANTİYELİ PİJAMA TAKIMI UZUN KOLLU ÜST ALT,Women,0.0
PUANTİYELİ SATEN PİJAMA TAKIMI ÜST ŞORT,Women,0.0
PUANTİYELİ SOFTSHELL PİJAMA TAKIMI,Women,0.0
PULL ON CARROT FİT YÜKSEK BEL BİLEK BOY AKIŞKAN KUMAŞ YIKAMALI PANTOLON,Women,0.0
PULL ON CARROT FİT YÜKSEK BEL CROP FİT YUMUŞAK JEAN PANTOLON,Women,0.0
PULL ON CULOTTE YÜKSEK BELİ LASTİKLİ AKIŞKAN KUMAŞ YIKAMALI PANTOLON,Women,0.0
PULL ON CULOTTE YÜKSEK BELİ LASTİKLİ AKIŞKAN KUMAŞ YIKAMALI İNCE JEAN PANTOLON,Women,0.0
PULL ON PAPERBAG YÜKSEK BEL DÜZ PAÇA UZUN YUMUŞAK JEAN PANTOLON,Women,0.0
PULL ON WİDE LEG YÜKSEK BEL UZUN AKIŞKAN KUMAŞ YIKAMALI PANTOLON,Women,0.0
PÖTİKARELİ GOFRE DOKULU ELBİSE KIZ BEBEK,Women,0.0
PİJAMA TAKIMI AYICIKLI ÜST ALT,Women,0.0
PİJAMA TAKIMI BASKILI ÜST ALT,Women,0.0
PİJAMA TAKIMI DESENLİ ÜST ALT,Women,0.0
PİJAMA TAKIMI REGULAR FİT POİNTEL KUMAŞ UZUN KOLLU ÜST UZUN ALT,Women,0.0
PİJAMA TAKIMI ÜST ALT,Women,0.0
PİJAMA TAKIMI ÜST DESENLİ ALT,Women,0.0
PİJAMA TAKIMI ÜST KARELİ ALT,Women,0.0
PİJAMA TAKIMI ÜST ŞORT ALT,Women,0.0
PİKE 2'Lİ TAKIM,Women,0.0
PİKE ELBİSE,Women,0.0
PİKE POLO TİŞÖRT ŞORT 2'Lİ TAKIM ERKEK BEBEK,Women,0.0
PİKE TİŞÖRT ERKEK ÇOCUK,Women,0.0
PİKE ŞORT ERKEK BEBEK,Women,0.0
PİKE ŞORT ERKEK ÇOCUK,Women,0.0
PİLELİ BERMUDA ŞORT,Women,0.0
PİLELİ ETEK KIZ ÇOCUK,Women,0.0
PİLELİ JEAN ŞORT ETEK KIZ BEBEK,Women,0.0
RAHAT LASTİKLİ 5'Lİ PAMUKLU PATİK ÇORAP KIZ ÇOCUK,Women,0.0
RATATOUİLLE OVERSIZE SIRT BASKILI TİŞÖRT,Women,0.0
REGULAR FIT,Women,13.59438173073357
REGULAR FIT %100 KETEN GÖMLEK,Women,0.0
REGULAR FIT %100 PAMUK BASKILI TİŞÖRT,Women,0.0
REGULAR FIT %100 PAMUK BASİC GÖMLEK,Women,0.0
REGULAR FIT %100 PAMUK BASİC TİŞÖRT,Women,0.0
REGULAR FIT %100 PAMUK GÖMLEK,Women,0.0
REGULAR FIT %100 PAMUK MONT,Women,0.0
REGULAR FIT %100 PAMUK MÜSLİN GÖMLEK,Women,0.0
REGULAR FIT %100 PAMUK OXFORD GÖMLEK,Women,0.0
REGULAR FIT %100 PAMUK PANTOLON,Women,0.0
REGULAR FIT %100 PAMUK POLO TİŞÖRT,Women,0.0
REGULAR FIT %100 PAMUK TİŞÖRT,Women,0.0
REGULAR FIT %100 PAMUK ÇİZGİLİ GÖMLEK,Women,0.0
REGULAR FIT %100 PAMUK ÇİZGİLİ TİŞÖRT,Women,0.0
REGULAR FIT 2'Lİ PİJAMA TAKIM,Women,0.0
REGULAR FIT 3'LÜ,Women,0.0
REGULAR FIT 3'LÜ BOXER,Women,0.0
REGULAR FIT 3'LÜ BOXER SET,Women,0.0
REGULAR FIT 5'Lİ BOXER,Women,0.0
REGULAR FIT 7'Lİ BOXER,Women,0.0
REGULAR FIT AKIŞKAN KUMAŞ GÖMLEK,Women,0.0
REGULAR FIT ALT,Women,6.78969046205867
REGULAR FIT ATLET,Women,0.0
REGULAR FIT AYICIKLI KISA KOLLU TİŞÖRT,Women,0.0
REGULAR FIT BASIC DÜZ KISA KOLLU TİŞÖRT,Women,0.0
REGULAR FIT BASIC FİTİLLİ KAŞKORSE TİŞÖRT,Women,0.0
REGULAR FIT BASIC PREMIUM TİŞÖRT,Women,0.0
REGULAR FIT BASIC TİŞÖRT,Women,0.0
REGULAR FIT BASKILI KISA KOLLU TİŞÖRT,Women,0.0
REGULAR FIT BASKILI KISA TİŞÖRT,Women,0.0
REGULAR FIT BASKILI PENYE TİŞÖRT,Women,0.0
REGULAR FIT BASKILI RİBANA TİŞÖRT,Women,0.0
REGULAR FIT BASKILI TİŞÖRT,Women,-0.811375813454967
REGULAR FIT BASKILI TİŞÖRT ERKEK ÇOCUK,Women,0.0
REGULAR FIT BASİC KISA KOLLU TİŞÖRT,Women,0.0
REGULAR FIT BASİC POLO TİŞÖRT,Women,0.0
REGULAR FIT BASİC T-SHİRT,Women,0.0
REGULAR FIT BASİC TİŞÖRT,Women,0.0
REGULAR FIT BERMUDA,Women,0.0
REGULAR FIT BLAZER CEKET,Women,24.35909927743218
REGULAR FIT BOXER SET,Women,0.0
REGULAR FIT BRODE,Women,0.0
REGULAR FIT BRODE UZUN KOLLU TUNİK,Women,0.0
REGULAR FIT BÜRÜMCÜK ATLET,Women,0.0
REGULAR FIT BÜRÜMCÜK KISA KOLLU TİŞÖRT,Women,0.0
REGULAR FIT BÜRÜMCÜK TİŞÖRT,Women,0.0
REGULAR FIT BÜRÜMCÜK ŞORT,Women,11.111419761660047
REGULAR FIT BÜYÜK BEDEN PANTOLON,Women,0.0
REGULAR FIT BÜYÜK BEDEN POLO T-SHİRT,Women,0.0
REGULAR FIT BİSİKLET YAKA AYICIKLI KISA KOLLU TİŞÖRT,Women,0.0
REGULAR FIT BİSİKLET YAKA BASIC DÜZ KISA KOLLU TİŞÖRT,Women,0.0
REGULAR FIT BİSİKLET YAKA BASKILI KISA KOLLU TİŞÖRT ERKEK ÇOCUK,Women,0.0
REGULAR FIT BİSİKLET YAKA KISA KOLLU TİŞÖRT ERKEK BEBEK,Women,0.0
REGULAR FIT BİSİKLET YAKA POPLİN UZUN KOLLU GÖMLEK,Women,0.0
REGULAR FIT BİSİKLET YAKA SLOGAN BASKILI KISA KOLLU TİŞÖRT ERKEK ÇOCUK,Women,0.0
REGULAR FIT BİSİKLET YAKA ÇAPRAZ DOKUMA KISA KOLLU TİŞÖRT,Women,0.0
REGULAR FIT BİSİKLET YAKA ÇİÇEKLİ KISA KOLLU TİŞÖRT,Women,0.0
REGULAR FIT BİSİKLET YAKA ÇİÇEKLİ PENYE UZUN KOLLU TİŞÖRT KIZ BEBEK,Women,0.0
REGULAR FIT CEP DETAYLI GÖMLEK CEKET,Women,0.0
REGULAR FIT CHINO KANVAS PANTOLON,Women,0.0
REGULAR FIT DANTEL DETAYLI TUNİK,Women,0.0
REGULAR FIT DESENLİ KISA KOLLU TİŞÖRT ERKEK BEBEK,Women,0.0
REGULAR FIT DOKULU,Women,0.0
REGULAR FIT DOKULU EŞOFMAN ALTI,Women,0.0
REGULAR FIT DÜZ PAÇA EŞOFMAN ALTI,Women,0.0
REGULAR FIT DÜZ PAÇA GABARDİN PANTOLON ERKEK ÇOCUK,Women,0.0
REGULAR FIT DÜZ PAÇA PAMUKLU PANTOLON,Women,0.0
REGULAR FIT DİK YAKA FERMUARLI HIRKA,Women,0.0
REGULAR FIT DİK YAKA FERMUARLI MONT,Women,0.0
REGULAR FIT DİK YAKA HIRKA,Women,0.0
REGULAR FIT DİNOZOR BASKILI KISA KOLLU TİŞÖRT ERKEK BEBEK,Women,0.0
REGULAR FIT EMZİRME ATLETİ,Women,0.0
REGULAR FIT ERKEK BASİC TİŞÖRT,Women,0.0
REGULAR FIT ERKEK CHİNO KANVAS PANTOLON,Women,0.0
REGULAR FIT ETNİK DESENLİ BOXER,Women,0.0
REGULAR FIT FERMUAR YAKA POLO TİŞÖRT,Women,0.0
REGULAR FIT FERMUARLI YAKA POLO TİŞÖRT,Women,0.0
REGULAR FIT FLAMLI PAMUK,Women,-1.315806786931392
REGULAR FIT FLANEL ALT,Women,0.0
REGULAR FIT FİTİLLİ KAŞKORSE KISA KOLLU TİŞÖRT,Women,0.0
REGULAR FIT GABARDİN,Women,0.0
REGULAR FIT GENİŞ PAÇA PANTOLON,Women,0.0
REGULAR FIT GOFRE DOKULU,Women,0.0
REGULAR FIT GOFRE DOKULU GÖMLEK,Women,0.0
REGULAR FIT GOFRE DOKULU PANTOLON,Women,0.0
REGULAR FIT GÖMLEK,Women,0.0
REGULAR FIT GÖMLEK YAKA CEKET,Women,0.0
REGULAR FIT GÖMLEK YAKA GOFRE DOKULU UZUN KOLLU GÖMLEK,Women,0.0
REGULAR FIT HIRKA,Women,0.0
REGULAR FIT HIZLI KURUYAN PANTOLON,Women,0.0
REGULAR FIT JAKARLI KISA KOLLU POLO TİŞÖRT ERKEK BEBEK,Women,0.0
REGULAR FIT JEAN,Women,0.0
REGULAR FIT JEAN GÖMLEK,Women,0.0
REGULAR FIT JEAN ŞORT ERKEK ÇOCUK,Women,0.0
REGULAR FIT JOGGER PANTOLON,Women,0.0
REGULAR FIT KAPÜŞONLU FERMUARLI SWEATSHİRT,Women,0.0
REGULAR FIT KARELİ MODAL KOLSUZ BLUZ,Women,0.0
REGULAR FIT KAYIK YAKA RİBANA TİŞÖRT,Women,0.0
REGULAR FIT KETEN GÖMLEK,Women,0.0
REGULAR FIT KETEN KARIŞIMLI,Women,0.0
REGULAR FIT KETEN KARIŞIMLI GÖMLEK,Women,0.0
REGULAR FIT KETEN KARIŞIMLI UZUN KOLLU TUNİK,Women,0.0
REGULAR FIT KISA KOLLU GÖMLEK,Women,66.6677777962966
REGULAR FIT KISA KOLLU POLO TİŞÖRT,Women,0.0
REGULAR FIT KISA KOLLU TAKIM,Women,0.0
REGULAR FIT KISA KOLLU TUNİK,Women,60.00080001066681
REGULAR FIT KISA KOLLU TİŞÖRT,Women,31.197475590695117
REGULAR FIT KISA KOLLU TİŞÖRT ERKEK BEBEK,Women,0.0
REGULAR FIT KOLSUZ BLUZ,Women,0.0
REGULAR FIT KREP KISA KOLLU TİŞÖRT,Women,0.0
REGULAR FIT KRİNKIL,Women,0.0
REGULAR FIT KUŞAKLI BLAZER CEKET,Women,0.0
REGULAR FIT NEFES ALABİLEN POLO TİŞÖRT,Women,0.0
REGULAR FIT OXFORD,Women,0.0
REGULAR FIT PAMUKLU,Women,0.0
REGULAR FIT PAMUKLU ATLET,Women,0.0
REGULAR FIT PAMUKLU PANTOLON,Women,0.0
REGULAR FIT PAMUKLU SMART-CASUAL PANTOLON,Women,0.0
REGULAR FIT PAMUKLU ŞORT KIZ BEBEK,Women,0.0
REGULAR FIT PANTOLON,Women,37.3484625514364
REGULAR FIT PENYE KISA KOLLU TİŞÖRT,Women,11.877722297320076
REGULAR FIT POLO YAKA KISA KOLLU POLO TİŞÖRT ERKEK ÇOCUK,Women,0.0
REGULAR FIT POLO YAKA MONT,Women,0.0
REGULAR FIT POLO YAKA PAMUKLU GÖMLEK,Women,0.0
REGULAR FIT POLO YAKA PİKE KISA KOLLU POLO TİŞÖRT ERKEK ÇOCUK,Women,0.0
REGULAR FIT POLO YAKA TİŞÖRT,Women,0.0
REGULAR FIT POPLİN UZUN KOLLU TUNİK,Women,-1.2195255801588039
REGULAR FIT PREMİUM TWİLL GÖMLEK,Women,0.0
REGULAR FIT PİJAMA ALTI,Women,0.0
REGULAR FIT PİKE ATLET,Women,11.111358030178435
REGULAR FIT PİKE UZUN KOLLU TİŞÖRT,Women,0.0
REGULAR FIT PİKE ŞORT ERKEK ÇOCUK,Women,0.0
REGULAR FIT PİLİSE KISA KOLLU POLO TİŞÖRT,Women,0.0
REGULAR FIT REGULAR JOGGER PANTOLON,Women,0.0
REGULAR FIT RİBANA ALT,Women,0.0
REGULAR FIT RİBANA ATLET,Women,0.0
REGULAR FIT RİBANA KAZAK,Women,0.0
REGULAR FIT RİBANA KISA KOLLU TİŞÖRT,Women,-3.571505103680797
REGULAR FIT RİBANA TİŞÖRT,Women,0.0
REGULAR FIT RİBANA ÜST,Women,0.0
REGULAR FIT SLOGAN DESENLİ KISA KOLLU TİŞÖRT ERKEK BEBEK,Women,0.0
REGULAR FIT SOFTSHELL ALT,Women,26.316482012684546
REGULAR FIT SU İTİCİ FERMUARLI MONT,Women,0.0
REGULAR FIT SU İTİCİ KAPÜŞONLU YAĞMURLUK,Women,0.0
REGULAR FIT SWEATSHİRT KUMAŞI ŞORT ERKEK ÇOCUK,Women,0.0
REGULAR FIT SÜET,Women,1.6241208834642785e-14
REGULAR FIT SİMLİ KUMAŞ,Women,0.0
REGULAR FIT TAŞ BASKILI TİŞÖRT,Women,0.0
REGULAR FIT TULUM,Women,0.0
REGULAR FIT TWİLL KISA KOLLU TİŞÖRT,Women,0.0
REGULAR FIT UZUN KOLLU 2'Lİ TAKIM,Women,0.0
REGULAR FIT UZUN KOLLU GÖMLEK,Women,9.197765060508585
REGULAR FIT UZUN KOLLU TUNİK,Women,-7.019567098646838
REGULAR FIT UZUN KOLLU TİŞÖRT,Women,17.551378599563254
REGULAR FIT V YAKA KISA KOLLU TİŞÖRT ERKEK ÇOCUK,Women,0.0
REGULAR FIT V YAKA UZUN KOLLU GÖMLEK,Women,0.0
REGULAR FIT V YAKA ŞİFON ASKILI TULUM,Women,0.0
REGULAR FIT WAFFLE 2'Lİ PİJAMA TAKIMI ERKEK ÇOCUK,Women,0.0
REGULAR FIT WAFFLE ÜST,Women,16.666975314357675
REGULAR FIT WRAP YAKA SOFTSHELL SABAHLIK,Women,0.0
REGULAR FIT YARIM BALIKÇI YAKA YELEK,Women,0.0
REGULAR FIT YÜKSEK BEL KETEN GÖRÜNÜMLÜ PANTOLON,Women,1.1368797460136203e-14
REGULAR FIT ÇAPRAZ DOKUMA BASİC TİŞÖRT,Women,0.0
REGULAR FIT ÇİZGİLİ POLO TİŞÖRT,Women,0.0
REGULAR FIT ÇİZGİLİ RİBANA TİŞÖRT,Women,0.0
REGULAR FIT ÇİZGİLİ TİŞÖRT,Women,0.0
REGULAR FIT ÇİÇEKLİ GÖMLEK TUNİK,Women,0.0
REGULAR FIT ÇİÇEKLİ TİŞÖRT,Women,7.6925443859811065
REGULAR FIT ÜST,Women,0.0
REGULAR FIT İNCE SWEATSHİRT KUMAŞI ALT,Women,0.0
REGULAR FIT İŞLEMELİ PENYE TİŞÖRT,Women,0.0
REGULAR FIT ŞORT,Women,0.0
REGULAR FIT ŞORT KIZ BEBEK,Women,0.0
REGULAR FIT ŞİFON,Women,100.00250006250155
REGULAR FİT 2'Lİ TAKIM,Women,0.0
REGULAR FİT BÜRÜMCÜK TİŞÖRT,Women,0.0
REGULAR FİT TRİKO KAZAK,Women,0.0
REGULAR FİT V YAKA TİŞÖRT,Women,0.0
REGULAR JOGGER PANTOLON,Women,0.0
RELAX BİSİKLET YAKA TİŞÖRT,Women,0.0
RELAX FIT,Women,11.869878816940743
RELAX FIT %100 KETEN PANTOLON,Women,0.0
RELAX FIT %100 PAMUK BERMUDA ŞORT,Women,0.0
RELAX FIT %100 PAMUK FERMUARLI SWEATSHİRT,Women,0.0
RELAX FIT BASIC GÖMLEK,Women,0.0
RELAX FIT BASKILI PENYE TİŞÖRT,Women,0.0
RELAX FIT BASKILI TİŞÖRT,Women,0.0
RELAX FIT BASKILI TİŞÖRT KIZ ÇOCUK,Women,0.0
RELAX FIT BAĞLAMALI TİŞÖRT,Women,0.0
RELAX FIT BİSİKLET YAKA KISA KOLLU TİŞÖRT KIZ ÇOCUK,Women,0.0
RELAX FIT BİSİKLET YAKA KIZ ÇOCUK TİŞÖRT,Women,0.0
RELAX FIT BİSİKLET YAKA TİŞÖRT,Women,0.0
RELAX FIT DANTEL DETAYLI PREMİUM TİŞÖRT,Women,0.0
RELAX FIT DESENLİ PENYE TİŞÖRT,Women,0.0
RELAX FIT DOKUMA GÖMLEK,Women,0.0
RELAX FIT FLAMLI PAMUK,Women,0.0
RELAX FIT GÖMLEK YAKA POPLİN TUNİK,Women,-1.624120883464278e-14
RELAX FIT GÖMLEK YAKA POPLİN UZUN KOLLU GÖMLEK,Women,0.0
RELAX FIT HIRKA,Women,0.0
RELAX FIT JOGGER,Women,0.0
RELAX FIT KALIN SWEATSHİRT KUMAŞI HIRKA,Women,0.0
RELAX FIT KAPÜŞONLU İÇİ YUMUŞAK TÜYLÜ KALIN KUMAŞ FERMUARLI SWEATSHİRT,Women,0.0
RELAX FIT KAYIK YAKA BASIC TİŞÖRT,Women,0.0
RELAX FIT KETEN KARIŞIMLI FERMUARLI GÖMLEK,Women,0.0
RELAX FIT KISA KOLLU TİŞÖRT,Women,24.942329604260795
RELAX FIT KRİNKIL KUMAŞ GÖMLEK,Women,0.0
RELAX FIT MODAL,Women,0.0
RELAX FIT MODAL KISA KOLLU TİŞÖRT,Women,0.0
RELAX FIT MODAL PANTOLON,Women,0.0
RELAX FIT MODAL TİŞÖRT,Women,0.0
RELAX FIT NAKIŞLI ÇİZGİLİ GÖMLEK,Women,0.0
RELAX FIT PAMUKLU,Women,0.0
RELAX FIT PAMUKLU GÖMLEK,Women,0.0
RELAX FIT PAMUKLU KETEN PANTOLON,Women,0.0
RELAX FIT PAMUKLU MÜSLİN GÖMLEK,Women,0.0
RELAX FIT PANTOLON,Women,11.734798652539
RELAX FIT PENYE KISA KOLLU TİŞÖRT,Women,0.0
RELAX FIT PENYE TİŞÖRT,Women,0.0
RELAX FIT POPLİN UZUN KOLLU TUNİK,Women,-30.00030000300003
RELAX FIT PREMİUM BELİ LASTİKLİ PANTOLON,Women,0.0
RELAX FIT SKUBA DALGIÇ KUMAŞ HIRKA,Women,0.0
RELAX FIT SWEATSHİRT KUMAŞI UZUN ŞORT,Women,0.0
RELAX FIT TİŞÖRT KIZ ÇOCUK,Women,0.0
RELAX FIT UZUN KOLLU GÖMLEK,Women,0.0
RELAX FIT UZUN KOLLU TUNİK,Women,0.0
RELAX FIT UZUN KOLLU TİŞÖRT,Women,-0.055280259861455606
RELAX FIT V YAKA UZUN KOLLU TİŞÖRT,Women,0.0
RELAX FIT YÜKSEK BEL PANTOLON,Women,0.0
RELAX FIT ÇİZGİLİ FLAMLI PAMUK TUNİK,Women,-1.4211032353106416e-14
RELAX FIT ÇİZGİLİ GÖMLEK TUNİK,Women,0.0
RELAX FIT ÇİZGİLİ TİŞÖRT,Women,0.0
RELAX FIT İNCE SWEATSHİRT KUMAŞI ALT,Women,0.0
RELAX FIT ŞORT,Women,0.0
RELAX FİT BASIC GÖMLEK,Women,0.0
RELAX TAPERED FIT PANTOLON,Women,0.0
RELAXED FİT SLOGAN BASKILI TAKIM ERKEK BEBEK,Women,0.0
ROUND LAB - 1025 DOKDO DENİZ SULU VE SERAMİDLİ TEMİZLEYİCİ KÖPÜK 150ML,Women,0.0
ROUND LAB - BİRCH JUİCE NEMLE DOLGUN TUTAN KURULUK VE ÇATLAMA ÖNLEYİCİ PARLATICI DUDAK BALMI SETİ,Women,0.0
ROUND LAB - BİRCH JUİCE TON EŞİTLEYİCİ GÜNEŞ KREMİ,Women,0.0
ROUND LAB - DOKDO EYE CREAM (KIRIŞIKLIK KARŞITI AYDINLATICI DENİZ SULU GÖZ KREMİ) 30ML,Women,0.0
ROUND LAB - DOKDO GENİŞ GÖZENEK KARŞITI NEMLENDİRİCİ DENİZ SULU TEMİZLİK BALMI,Women,0.0
ROUND LAB - MUGWORT CALMİNG CREAM (NEM VE HİDRASYON YÜKSELTEN KIZARIKLIK KARŞITI MUGWORTLU KREM) 80ML,Women,0.0
ROUND LAB - SERİNLETİCİ VE NEMLENDİRİCİ YÜKSEK UV KORUMALI STİCK GÜNEŞ KREMİ 19 GR,Women,0.0
ROUND LAB - VİTA NİACİNAMİDE DARK SPOT SERUM (KOYU LEKE KARŞITI PARLATICI VİTAMİN SERUMU) 30ML,Women,0.0
RÜZGAR GEÇİRMEZ SU İTİCİ FERMUARLI MONT,Women,0.0
RİBANA 2'Lİ BRİEF,Women,-20.000571444898423
RİBANA 2'Lİ TAKIM,Women,0.0
RİBANA 2'Lİ TAKIM KIZ BEBEK,Women,0.0
RİBANA 3'LÜ,Women,3.077017754392443
RİBANA 3'LÜ BOXER ERKEK ÇOCUK,Women,0.0
RİBANA 3'LÜ BRİEF,Women,-4.000120003600102
RİBANA 3'LÜ KÜLOT,Women,0.0
RİBANA 3'LÜ SLİP KÜLOT KIZ ÇOCUK,Women,0.0
RİBANA 5'Lİ BRİEF,Women,0.0
RİBANA 5'Lİ BRİEF KÜLOT,Women,0.0
RİBANA 5'Lİ SLİP KÜLOT,Women,0.0
RİBANA ATLET,Women,0.0
RİBANA BASKILI TİŞÖRT,Women,0.0
RİBANA BOXER,Women,0.0
RİBANA HIRKA,Women,0.0
RİBANA KISA KOLLU TİŞÖRT,Women,0.0
RİBANA KIZ ÇOCUK KAZAK,Women,0.0
RİBANA KURDELA DETAYLI TİŞÖRT KIZ BEBEK,Women,0.0
RİBANA TİŞÖRT,Women,0.0
RİLAKKUMA OVERSIZE SIRT BASKILI TİŞÖRT,Women,0.0
SADE SLIM FIT BİSİKLET YAKA BASIC DÜZ FİTİLLİ KAŞKORSE KISA KOLLU TİŞÖRT,Women,0.0
SATEN,Women,-35.001166705556855
SATEN 2'Lİ TAKIM,Women,0.0
SATEN BRAZİLİAN KÜLOT,Women,0.0
SATEN DANTELLİ ÜST,Women,0.0
SATEN DESENLİ ŞORTLU PİJAMA TAKIMI,Women,0.0
SATEN ELBİSE,Women,14.285969392310577
SATEN SABAHLIK,Women,-13.333466668000016
SATEN ÜST,Women,0.0
SERGİO REGULAR FIT NORMAL BEL BORU PAÇA PANTOLON,Women,0.0
SKINNY FIT YÜKSEK BEL BİLEK BOY JEAN PANTOLON,Women,0.0
SLIM FIT,Women,44.318735802379344
SLIM FIT AKSESUAR DETAYLI RİBANA TİŞÖRT,Women,0.0
SLIM FIT ATLET,Women,-2.946335105756091
SLIM FIT BASIC FİTİLLİ KAŞKORSE ATLET,Women,0.0
SLIM FIT BASIC FİTİLLİ KAŞKORSE TİŞÖRT,Women,1.1111370376419754
SLIM FIT BASIC KAŞKORSE TİŞÖRT,Women,0.0
SLIM FIT BASIC KISA KOLLU TİŞÖRT,Women,0.0
SLIM FIT BASIC MODAL TİŞÖRT,Women,0.42373958659966415
SLIM FIT BASIC RİBANA TİŞÖRT,Women,6.666844449185312
SLIM FIT BASIC TİŞÖRT,Women,16.239732642717332
SLIM FIT BASIC YUVARLAK YAKA ATLET,Women,0.0
SLIM FIT BASKILI FİTİLLİ KAŞKORSE TİŞÖRT KIZ ÇOCUK,Women,0.0
SLIM FIT BASKILI POLO TİŞÖRT KIZ ÇOCUK,Women,0.0
SLIM FIT BLAZER CEKET,Women,0.0
SLIM FIT BÜRÜMCÜK KISA KOLLU TİŞÖRT,Women,0.0
SLIM FIT BÜRÜMCÜK TİŞÖRT,Women,0.0
SLIM FIT BÜYÜK BEDEN PANTOLON,Women,0.0
SLIM FIT BİSİKLET YAKA ATLET,Women,0.0
SLIM FIT BİSİKLET YAKA RİBANA ATLET,Women,0.0
SLIM FIT BİSİKLET YAKA ÇİZGİLİ FİTİLLİ KAŞKORSE KISA KOLLU TİŞÖRT KIZ ÇOCUK,Women,0.0
SLIM FIT DANTEL ATLET,Women,0.0
SLIM FIT DANTEL KISA KOLLU TİŞÖRT,Women,0.0
SLIM FIT DESENLİ FİTİLLİ KAŞKORSE TİŞÖRT KIZ ÇOCUK,Women,0.0
SLIM FIT DOKUMA JOGGER,Women,0.0
SLIM FIT DÜZ PAÇA JEAN PANTOLON ERKEK ÇOCUK,Women,0.0
SLIM FIT DÜĞMELİ KOLSUZ BLUZ,Women,0.0
SLIM FIT FİTİLLİ KAŞKORSE ATLET,Women,-4.937487356900386
SLIM FIT FİTİLLİ KAŞKORSE KISA KOLLU POLO TİŞÖRT,Women,0.0
SLIM FIT FİTİLLİ KAŞKORSE KISA KOLLU TİŞÖRT,Women,0.0
SLIM FIT FİTİLLİ KAŞKORSE POLO TİŞÖRT,Women,0.0
SLIM FIT FİTİLLİ KAŞKORSE TUNİK,Women,0.0
SLIM FIT FİTİLLİ KAŞKORSE TİŞÖRT,Women,0.0
SLIM FIT FİTİLLİ KAŞKORSE UZUN KOLLU TUNİK,Women,0.0
SLIM FIT FİTİLLİ KAŞKORSE UZUN KOLLU TİŞÖRT,Women,0.0
SLIM FIT FİTİLLİ KAŞKORSE ÇİZGİLİ POLO TİŞÖRT,Women,0.0
SLIM FIT HALTER YAKA FİTİLLİ KAŞKORSE ATLET,Women,0.0
SLIM FIT KAYIK YAKA BASKILI TİŞÖRT,Women,0.0
SLIM FIT KAYIK YAKA RİBANA TİŞÖRT,Women,0.0
SLIM FIT KAYIK YAKA TOKA DETAYLI TİŞÖRT,Women,0.0
SLIM FIT KAYIK YAKA TİŞÖRT,Women,0.0
SLIM FIT KAYIK YAKA ŞAL DETAYLI TİŞÖRT,Women,0.0
SLIM FIT KAŞKORSE POLO TİŞÖRT,Women,0.0
SLIM FIT KISA KOLLU POLO TİŞÖRT,Women,10.000142859183702
SLIM FIT KISA KOLLU TUNİK,Women,0.0
SLIM FIT KISA KOLLU TİŞÖRT,Women,-11.579130196792587
SLIM FIT MODAL ATLET,Women,0.0
SLIM FIT MODAL KISA KOLLU TİŞÖRT,Women,-20.00040000800016
SLIM FIT MODAL UZUN KOLLU TUNİK,Women,0.0
SLIM FIT MODAL UZUN KOLLU TİŞÖRT,Women,30.714834193467738
SLIM FIT NAKIŞLI FİTİLLİ KAŞKORSE TİŞÖRT,Women,0.0
SLIM FIT PAMUKLU KISA KOLLU TİŞÖRT,Women,0.0
SLIM FIT PAMUKLU TUNİK,Women,0.0
SLIM FIT PANTOLON,Women,0.0
SLIM FIT POLO YAKA BASKILI TİŞÖRT KIZ ÇOCUK,Women,0.0
SLIM FIT POLO YAKA FİTİLLİ KAŞKORSE TİŞÖRT,Women,0.0
SLIM FIT POPLİN,Women,0.0
SLIM FIT PREMİUM KISA KOLLU TİŞÖRT,Women,0.0
SLIM FIT PUANTİYELİ V YAKA BÜRÜMCÜK ASKILI BLUZ,Women,11.111358030178447
SLIM FIT PİKE KISA KOLLU POLO TİŞÖRT,Women,4.166736112268538
SLIM FIT RİBANA ATLET,Women,-1.7857525518403927
SLIM FIT RİBANA KISA KOLLU TİŞÖRT,Women,26.82992268104102
SLIM FIT RİBANA TİŞÖRT,Women,12.500312507812694
SLIM FIT RİBANA TİŞÖRT KIZ ÇOCUK,Women,0.0
SLIM FIT RİBANA UZUN KOLLU TİŞÖRT,Women,7.6924767577309385
SLIM FIT STRAPLEZ BÜRÜMCÜK BLUZ,Women,0.0
SLIM FIT TEK OMUZLU ATLET,Women,0.0
SLIM FIT TEK OMUZLU BÜRÜMCÜK TİŞÖRT,Women,0.0
SLIM FIT TEK OMUZLU RİBANA TİŞÖRT,Women,0.0
SLIM FIT TEK OMUZLU TİŞÖRT,Women,0.0
SLIM FIT TİŞÖRT TUNİK,Women,0.0
SLIM FIT UZUN KOLLU TUNİK,Women,6.153988168957737
SLIM FIT UZUN KOLLU TİŞÖRT,Women,0.571440000228594
SLIM FIT V YAKA FİTİLLİ KAŞKORSE ATLET,Women,0.0
SLIM FIT V YAKA PUANTİYELİ BÜRÜMCÜK TİŞÖRT,Women,0.0
SLIM FIT V YAKA RİBANA TİŞÖRT,Women,0.0
SLIM FIT YARIM BALIKÇI YAKA FİTİLLİ KAŞKORSE TUNİK,Women,0.0
SLIM FIT YARIM BALIKÇI YAKA KREP TİŞÖRT,Women,0.0
SLIM FIT YARIM BALIKÇI YAKA TİŞÖRT,Women,6.6668148181070555
SLIM FIT YIRTIK DETAYLI DÜŞÜK BEL JEAN,Women,0.0
SLIM FIT YÜKSEK BEL JOGGER PAÇA PANTOLON,Women,-1.4211032353106416e-14
SLIM FIT ŞORT,Women,0.0
SLIM FITBASIC MODAL TİŞÖRT,Women,0.0
SLIM FITBASIC YUVARLAK YAKA ATLET,Women,0.0
SLIM TAPERED FIT PANTOLON,Women,0.0
SLİM FİT OMZU AÇIK RİBANA TİŞÖRT,Women,-40.00057143673481
SLİM FİT POLO TİŞÖRT,Women,0.0
SLİM FİT RİBANA TİŞÖRT,Women,0.0
SNOOPY 2'Lİ PİJAMA TAKIMI,Women,0.0
SNOOPY 2'Lİ PİJAMA ÜSTÜ,Women,-10.000142859183702
SNOOPY BASKILI PENYE 3'LÜ SLİP KÜLOT,Women,0.0
SNOOPY HAYVAN DESENLİ 2'Lİ ATLET KIZ ÇOCUK,Women,0.0
SNOOPY PİJAMA TAKIMI ÜST ALT,Women,0.0
SNOOPY RELAX FIT TİŞÖRT KIZ ÇOCUK,Women,0.0
SOFTSHELL 2'Lİ TAKIM,Women,0.0
SOFTSHELL AYICIKLI PİJAMA TAKIMI ÜST ALT,Women,0.0
SOFTSHELL PUANTİYELİ PİJAMA TAKIMI,Women,0.0
SOFTSHELL PİJAMA TAKIMI ÜST ALT,Women,0.0
SOFTSHELL ÇİZGİLİ ASKILI GECELİK,Women,0.0
SPIDERMAN 2'Lİ PİJAMA TAKIMI,Women,0.0
SPOR VE SEYAHAT ÇANTASI,Women,0.0
SPORCU SÜTYENİ,Women,0.0
STANDART BOY KRİNKIL TAYT KIZ ÇOCUK,Women,0.0
STANDART BOY TAYT KIZ ÇOCUK,Women,0.0
STANDART FIT,Women,-23.80975056905304
STANDART FIT %100 PAMUK POLO TİŞÖRT,Women,0.0
STANDART FIT DOKUMA ETEK,Women,0.0
STANDART FIT DOKUMA JOGGER,Women,0.0
STANDART FIT DİK YAKA SKUBA DALGIÇ KUMAŞ FERMUARLI SWEATSHİRT,Women,0.0
STANDART FIT DİK YAKA SPORCU MODAL KISA KOLLU TİŞÖRT,Women,0.0
STANDART FIT ETEK,Women,0.0
STANDART FIT HIRKA,Women,0.0
STANDART FIT KAPÜŞONLU FERMUARLI SWEATSHİRT,Women,0.0
STANDART FIT KISA KOLLU POLO TİŞÖRT,Women,0.0
STANDART FIT KISA KOLLU TİŞÖRT,Women,12.088191046167006
STANDART FIT MODAL JOGGER,Women,0.0
STANDART FIT MODAL KISA KOLLU POLO TİŞÖRT,Women,0.0
STANDART FIT MODAL ŞORT,Women,6.12253644439819
STANDART FIT PAMUKLU KISA KOLLU TİŞÖRT,Women,-1.1368911150384611e-14
STANDART FIT PANTOLON,Women,8.333402778356486
STANDART FIT POLO YAKA SPORCU TİŞÖRT,Women,0.0
STANDART FIT PİKE ŞORT,Women,0.0
STANDART FIT RİBANA ATLET,Women,0.0
STANDART FIT RİBANA PEDLİ SPORCU ATLET,Women,0.0
STANDART FIT SKUBA DALGIÇ KUMAŞ FERMUARLI SWEATSHİRT,Women,0.0
STANDART FIT SKUBA DALGIÇ KUMAŞ HIRKA,Women,0.0
STANDART FIT SKUBA DALGIÇ KUMAŞ JOGGER,Women,0.0
STANDART FIT SPORCU ATLET,Women,0.0
STANDART FIT SPORCU MODAL TİŞÖRT,Women,0.0
STANDART FIT SPORCU TİŞÖRT,Women,0.0
STANDART FIT SPORCU ŞORT,Women,0.0
STANDART FIT TRİKO,Women,0.0
STANDART FIT TRİKO KISA KOLLU POLO TİŞÖRT,Women,0.0
STANDART FIT UZUN KOLLU TİŞÖRT,Women,4.444526750495379
STANDART FIT YAN BASKILI SPORCU TİŞÖRT,Women,0.0
STANDART FIT ŞORT,Women,0.0
STAR WARS OVERSIZE SIRT BASKILI TİŞÖRT,Women,0.0
STAR WARS OVERSIZE TİŞÖRT,Women,0.0
STRAIGHT FIT BERMUDA,Women,0.0
STRAIGHT FIT BÜRÜMCÜK PANTOLON,Women,1.0526481997084103
STRAIGHT FIT DÜZ PAÇA JEAN PANTOLON ERKEK ÇOCUK,Women,0.0
STRAIGHT FIT DÜZ PAÇA PANTOLON,Women,-7.692396450728273
STRAIGHT FIT FERMUARLI NORMAL BEL MODAL PANTOLON,Women,0.0
STRAIGHT FIT GENİŞ PAÇA KETEN KARIŞIMLI PANTOLON,Women,0.0
STRAIGHT FIT JEAN PANTOLON,Women,0.0
STRAIGHT FIT JEAN PANTOLON ERKEK ÇOCUK,Women,0.0
STRAIGHT FIT MODAL SPORCU PANTOLON,Women,0.0
STRAIGHT FIT NORMAL BEL DÜZ PAÇA PANTOLON,Women,0.0
STRAIGHT FIT PANTOLON,Women,30.853178169996827
STRAIGHT FIT STANDART PAÇA BASİC DÜZ JEAN PANTOLON ERKEK ÇOCUK,Women,0.0
STRAIGHT FIT YÜKSEK BEL GABARDİN PANTOLON,Women,0.0
STRAIGHT FIT YÜKSEK BEL KETEN KARIŞIMLI PANTOLON,Women,0.0
STRAIGHT WIDE KETEN KARIŞIMLI PANTOLON,Women,1.1368797460136203e-14
STRAIGHT WIDE KRİNKIL PANTOLON KIZ ÇOCUK,Women,0.0
STRAIGHT WIDE NORMAL BEL JEAN KAR YIKAMALI PANTOLON,Women,0.0
STRAIGHT WIDE PANTOLON,Women,-10.698492701250535
STRAIGHT WIDE SÜET PANTOLON,Women,0.0
STRAIGHT WIDE YÜKSEK BEL JEAN PANTOLON,Women,0.0
STRAIGHT WIDE YÜKSEK BEL JEAN YIKAMALI PANTOLON,Women,0.0
STRAIGHT WIDE YÜKSEK BEL UZUN JEAN PANTOLON,Women,0.0
STRAIGHT WIDE YÜKSEK BEL UZUN JEAN YIKAMALI PANTOLON,Women,0.0
STRAİGHT FİT BASIC CEPLİ YÜKSEK BEL EŞOFMAN ALTI,Women,0.0
STRAİGHT FİT BASIC YÜKSEK BEL KALIN EŞOFMAN ALTI,Women,1.3534469597087554e-14
STRAİGHT FİT YÜKSEK BEL UZUN JEAN PANTOLON,Women,0.0
STRAİGHT FİT YÜKSEK BEL ÇAPRAZ DOKUMA PANTOLON,Women,0.0
STUMBLE GUYS TİŞÖRT,Women,0.0
STUMBLE GUYS TİŞÖRT ERKEK ÇOCUK,Women,0.0
SU GEÇİRMEZ BALLOON FIT MONT,Women,0.0
SU İTİCİ DİK YAKA MONT KIZ ÇOCUK,Women,0.0
SU İTİCİ FERMUARLI MONT,Women,-25.000125000625
SU İTİCİ KADİFE YAKA MONT ERKEK ÇOCUK,Women,0.0
SU İTİCİ KAPÜŞONLU MONT ERKEK ÇOCUK,Women,0.0
SU İTİCİ KAPÜŞONLU MONT KIZ ÇOCUK,Women,0.0
SU İTİCİ MONT,Women,0.0
SUNİ DERİ ÇAPRAZ ÇANTA ERKEK ÇOCUK,Women,0.0
SUPER BAGGY FIT PANTOLON,Women,0.0
SWEATSHİRT,Women,66.66752137847921
SWEATSHİRT KUMAŞI 2'Lİ TAKIM ERKEK ÇOCUK,Women,0.0
SİMLİ 3D PAMUKLU CAP ŞAPKA KIZ ÇOCUK,Women,0.0
SİMLİ DANTEL BRAZİLİAN KÜLOT,Women,0.0
SİMLİ FİTİLLİ KAŞKORSE TÜTÜLÜ ELBİSE KIZ BEBEK,Women,0.0
SİMLİ KIZ ÇOCUK MAYO,Women,0.0
SİMLİ PARILTILI KÜLOTLU ÇORAP KIZ ÇOCUK,Women,0.0
TAFTA POPLİN CEKET,Women,0.0
TAILORED FIT PANTOLON,Women,0.0
TAPERED FIT PANTOLON,Women,0.0
TARAK,Women,0.0
TAYT KIZ ÇOCUK,Women,0.0
TAÇ KIZ ÇOCUK,Women,0.0
TAŞ DETAYLI JEAN PANTOLON,Women,0.0
TEDDY BEAR BASKILI KIZ ÇOCUK TİŞÖRT,Women,0.0
TEK OMUZLU KALIN SWEATSHİRT,Women,0.0
TEKNİK REGULAR FIT KISA BOY GOFRE DOKULU ŞORT,Women,0.0
TOM & JERRY OVERSIZE SIRT BASKILI TİŞÖRT,Women,0.0
TROPİKAL DESENLİ GÖMLEK ERKEK BEBEK,Women,0.0
TRİKO YELEK ERKEK ÇOCUK,Women,0.0
TWEED BLAZER CEKET,Women,0.0
TWILL ELBİSE KIZ ÇOCUK,Women,0.0
TÜL ALT,Women,0.0
TÜL BRAZİLİAN KÜLOT,Women,0.0
TÜL ÜST,Women,0.0
TİŞÖRT ALT 2'Lİ PİJAMA TAKIMI KIZ ÇOCUK,Women,0.0
TİŞÖRT ERKEK BEBEK,Women,0.0
TİŞÖRT ERKEK ÇOCUK,Women,0.0
TİŞÖRT ETEK 2'Lİ TAKIM KIZ ÇOCUK,Women,0.0
TİŞÖRT EŞOFMAN ALTI 2'Lİ TAKIM ERKEK ÇOCUK,Women,0.0
TİŞÖRT KIZ ÇOCUK,Women,0.0
TİŞÖRT TAYT 2'Lİ TAKIM KIZ BEBEK,Women,0.0
TİŞÖRT ŞORT 2'Lİ TAKIM ERKEK ÇOCUK,Women,0.0
TİŞÖRT ŞORT WAFFLE 2'Lİ PİJAMA TAKIMI ERKEK ÇOCUK,Women,0.0
U YAKA TRİKO ATLET,Women,0.0
UNİSEX MATARA,Women,0.0
UNİSEX SERT KAPAKLI BÜYÜK BOY VALİZ,Women,0.0
UNİSEX SERT KAPAKLI BÜYÜK VALİZ,Women,0.0
UNİSEX SERT KAPAKLI KÜÇÜK BOY VALİZ,Women,0.0
UNİSEX SERT KAPAKLI ORTA BOY VALİZ,Women,0.0
UNİSEX SERT KAPAKLI ORTA VALİZ,Women,0.0
UNİSEX SERT KAPAKLI ÇEKÇEKLİ BÜYÜK BOY VALİZ,Women,0.0
UNİSEX SERT KAPAKLI ÇEKÇEKLİ BÜYÜK VALİZ,Women,0.0
UNİSEX SERT KAPAKLI ÇEKÇEKLİ KÜÇÜK VALİZ,Women,0.0
UNİSEX SERT KAPAKLI ÇEKÇEKLİ ORTA BOY VALİZ,Women,0.0
UZUN KOLLU GÖMLEK TUNİK,Women,0.0
UZUN KOLLU HAMİLE ÜSTÜ,Women,0.0
UZUN KOLLU TUNİK,Women,0.0
UZUN KOLLU TİŞÖRT,Women,-2.325619254266938
UZUN TAYT KIZ ÇOCUK,Women,0.0
V YAKA TİŞÖRT ERKEK ÇOCUK,Women,0.0
V YAKA UZUN KOLLU GÖMLEK,Women,0.0
VIKINGS VALHALLA BASKILI TİŞÖRT,Women,0.0
VİSKON 2'Lİ TAKIM,Women,0.0
WAFFLE ŞORT,Women,0.0
WARMTECH SU İTİCİ SLIM FIT FERMUARLI MONT,Women,0.0
WIDE BAGGY FIT JEAN PANTOLON,Women,0.0
WIDE LEG AKIŞKAN KUMAŞ PANTOLON KIZ ÇOCUK,Women,0.0
WIDE LEG ALT,Women,0.0
WIDE LEG BELİ LASTİKLİ BASKILI EŞOFMAN ALTI ERKEK ÇOCUK,Women,0.0
WIDE LEG BELİ LASTİKLİ KETEN KARIŞIMLI PANTOLON,Women,0.0
WIDE LEG BELİ LASTİKLİ PANTOLON,Women,-30.000272729752087
WIDE LEG BÜRÜMCÜK PANTOLON,Women,0.0
WIDE LEG CEPLİ JEAN PANTOLON ERKEK ÇOCUK,Women,0.0
WIDE LEG CEPLİ YÜKSEK BEL KETEN KARIŞIMLI PANTOLON,Women,0.0
WIDE LEG DÜZ PAÇA GABARDİN PANTOLON KIZ ÇOCUK,Women,0.0
WIDE LEG DÜZ PAÇA JEAN PANTOLON ERKEK ÇOCUK,Women,0.0
WIDE LEG EŞOFMAN ALTI KIZ ÇOCUK,Women,0.0
WIDE LEG FERMUARLI NORMAL BEL PANTOLON,Women,0.0
WIDE LEG FERMUARLI YÜKSEK BEL PANTOLON,Women,0.0
WIDE LEG GABARDİN PANTOLON KIZ ÇOCUK,Women,0.0
WIDE LEG GENİŞ PAÇA PANTOLON KIZ ÇOCUK,Women,0.0
WIDE LEG JEAN GÖRÜNÜMLÜ PANTOLON KIZ ÇOCUK,Women,0.0
WIDE LEG JEAN PANTOLON,Women,0.0
WIDE LEG JEAN PANTOLON ERKEK ÇOCUK,Women,0.0
WIDE LEG JEAN PANTOLON KIZ ÇOCUK,Women,0.0
WIDE LEG KETEN KARIŞIMLI PANTOLON,Women,18.589981922845165
WIDE LEG KIZ BEBEK PANTOLON,Women,0.0
WIDE LEG KREP PANTOLON,Women,0.0
WIDE LEG KRİNKIL KUMAŞ PANTOLON,Women,0.0
WIDE LEG KRİNKIL KUMAŞ PANTOLON KIZ ÇOCUK,Women,0.0
WIDE LEG KRİNKIL PANTOLON KIZ ÇOCUK,Women,0.0
WIDE LEG KRİNKIL PUANTİYELİ PANTOLON KIZ BEBEK,Women,0.0
WIDE LEG KUMAŞ PANTOLON,Women,0.0
WIDE LEG MODAL EŞOFMAN ALTI KIZ ÇOCUK,Women,0.0
WIDE LEG MODAL PANTOLON KIZ ÇOCUK,Women,0.0
WIDE LEG NAKIŞLI PANTOLON,Women,0.0
WIDE LEG NORMAL BEL PANTOLON,Women,0.0
WIDE LEG NORMAL BEL POPLİN PANTOLON,Women,0.0
WIDE LEG PAMUKLU PANTOLON KIZ ÇOCUK,Women,0.0
WIDE LEG PANTOLON,Women,16.302853177062953
WIDE LEG PANTOLON KIZ ÇOCUK,Women,0.0
WIDE LEG PUANTİYELİ YÜKSEK BEL VİSKON PANTOLON,Women,0.0
WIDE LEG SKUBA DALGIÇ KUMAŞ SPORCU PANTOLON,Women,0.0
WIDE LEG STANDART BOY PANTOLON,Women,0.0
WIDE LEG UZUN JEAN PANTOLON,Women,0.0
WIDE LEG YÜKSEK BEL DÜZ PAÇA PANTOLON,Women,0.0
WIDE LEG YÜKSEK BEL JEAN PANTOLON,Women,0.0
WIDE LEG YÜKSEK BEL KETEN KARIŞIMLI PANTOLON,Women,0.0
WIDE LEG YÜKSEK BEL MODAL PANTOLON,Women,-1.1368797460136203e-14
WIDE LEG YÜKSEK BEL MÜSLİN PANTOLON,Women,0.0
WIDE LEG YÜKSEK BEL PANTOLON,Women,0.0
WIDE LEG YÜKSEK BEL UZUN YUMUŞAK JEAN PANTOLON,Women,0.0
WIDE LEG ÇİFT CEPLİ YÜKSEK BEL PANTOLON,Women,0.0
WIDE STRAIGHT KETEN KARIŞIMLI PANTOLON,Women,0.0
WIDE STRAIGHT PANTOLON,Women,0.0
WRAP YAKA AKSESUAR DETAYLI BLUZ,Women,0.0
WİDE LEG AKIŞKAN KUMAŞ YÜKSEK BEL PALAZZO PANTOLON,Women,0.0
WİDE LEG BELİ LASTİKLİ BAĞCIKLI BASIC PALAZZO PANTOLON,Women,66.66767678298156
WİDE LEG BELİ LASTİKLİ EŞOFMAN ALTI ERKEK BEBEK,Women,0.0
WİDE LEG DÜZ PAÇA JEAN PANTOLON ERKEK ÇOCUK,Women,0.0
WİDE LEG PENSLİ KLASİK PALAZZO PANTOLON BASIC UZUN BOY YÜKSEK BEL CEPLİ,Women,66.66767678298156
WİDE LEG PİLE DETAYLI PANTOLON,Women,0.0
WİDE LEG SKUBA DALGIÇ KUMAŞ SPORCU PANTOLON,Women,0.0
YARIM BALIKÇI YAKA DANTEL TİŞÖRT,Women,0.0
YARIM KOLLU GECELİK,Women,0.0
YELEK,Women,57.65830696291625
YILDIZ DESENLİ FİTİLLİ KAŞKORSE TİŞÖRT KIZ ÇOCUK,Women,0.0
YILDIZ DESENLİ RİBANA TİŞÖRT KIZ ÇOCUK,Women,0.0
YIRTIK DETAYLI PAMUKLU ŞORT KIZ ÇOCUK,Women,0.0
YIRTMAÇ DETAYLI PANTOLON,Women,0.0
YUMUŞAK TUŞE KÖPEK BASKILI PENYE TİŞÖRT KIZ BEBEK,Women,0.0
YUVARLAK BORDO PLASTİK ÇERÇEVE SİYAH CAM POLARİZE GÜNEŞ GÖZLÜĞÜ ERKEK ÇOCUK,Women,0.0
YÜKSEK BEL 90'S WIDE LEG PANTOLON,Women,-10.377657486959285
YÜKSEK BEL AKIŞKAN KUMAŞ ŞORT,Women,0.0
YÜKSEK BEL BAGGY FIT PANTOLON,Women,-17.073295658260907
YÜKSEK BEL BALLOON FIT PANTOLON,Women,4.347863894468648
YÜKSEK BEL BALLOON FİT PANTOLON,Women,0.0
YÜKSEK BEL BARREL FIT PANTOLON,Women,2.7397447927725533
YÜKSEK BEL CARROT FIT PANTOLON,Women,7.070782694051389
YÜKSEK BEL CEPLİ JEAN PANTOLON,Women,100.0020000400008
YÜKSEK BEL COMFORT MOM PANTOLON,Women,0.0
YÜKSEK BEL COMFORT STRAIGHT PANTOLON,Women,-7.4286457150285825
YÜKSEK BEL CROP FLARE FIT PANTOLON,Women,-7.333394444953707
YÜKSEK BEL CULOTTE PANTOLON,Women,0.49887028556241975
YÜKSEK BEL DÜZ PAÇA AKIŞKAN KUMAŞ YIKAMALI PANTOLON,Women,42.8577551107873
YÜKSEK BEL DÜZ PAÇA JEAN PANTOLON,Women,0.0
YÜKSEK BEL FLARE FIT PANTOLON,Women,0.0
YÜKSEK BEL GENİŞ PAÇA OXFORD PANTOLON,Women,0.0
YÜKSEK BEL GENİŞ PAÇA UZUN JEAN PANTOLON,Women,0.0
YÜKSEK BEL KATLAMALI PAÇA JEAN PANTOLON,Women,0.0
YÜKSEK BEL KETEN GÖRÜNÜMLÜ PANTOLON,Women,0.0
YÜKSEK BEL PANTOLON,Women,0.0
YÜKSEK BEL RELAX FIT PANTOLON,Women,0.0
YÜKSEK BEL SKINNY FIT PANTOLON,Women,0.0
YÜKSEK BEL STRAIGHT FIT PANTOLON,Women,7.012259258468813
YÜKSEK BEL STRAIGHT WIDE PANTOLON,Women,4.580187635020114
YÜKSEK BEL TAYT,Women,0.0
YÜKSEK BEL UZUN AKIŞKAN KUMAŞ YIKAMALI PANTOLON,Women,0.0
YÜKSEK BEL VİNTAGE STRAİGHT FİT PANTOLON,Women,0.0
YÜKSEK BEL WIDE LEG PANTOLON,Women,2.646187207206999
YİYECEK BASKILI PENYE 5'Lİ BOXER ERKEK ÇOCUK,Women,0.0
ZIMBA DETAYLI FİTİLLİ KAŞKORSE TİŞÖRT KIZ ÇOCUK,Women,0.0
ZIMBALI FİTİLLİ KAŞKORSE TİŞÖRT KIZ ÇOCUK,Women,0.0
ÇABUK KURUYAN İNCE POLO YAKA GÖMLEK CEKET,Women,0.0
ÇAPRAZ DOKUMA KISA KOLLU TİŞÖRT,Women,0.0
ÇAPRAZ ÇANTA KIZ ÇOCUK,Women,0.0
ÇIKARILABİLİR KAP PEDLİ TİŞÖRT BRA,Women,0.0
ÇIKARILABİLİR KAP PEDSİZ BALENSİZ SEAMLES BRA,Women,0.0
ÇIKARILABİLİR KAP ÇIKARILABİLİR PEDLİ BRALET,Women,0.0
ÇIKARILABİLİR KAP ÇIKARILABİLİR PEDLİ GÖRÜNMEZ SÜTYEN,Women,0.0
ÇIKARILABİLİR PEDLİ BALENSİZ GÖRÜNMEZ SÜTYEN,Women,0.0
ÇIKARILABİLİR PEDLİ STRAPLEZ SÜTYEN,Women,0.0
ÇITÇITLI MONT,Women,0.0
ÇİZGİLİ 2'Lİ BİKİNİ KIZ ÇOCUK,Women,0.0
ÇİZGİLİ ASKILI GOFRE DOKULU ELBİSE KIZ BEBEK,Women,0.0
ÇİZGİLİ BEBEK ATLET,Women,0.0
ÇİZGİLİ BENGALİN GÖMLEK,Women,0.0
ÇİZGİLİ CAP ŞAPKA KIZ ÇOCUK,Women,0.0
ÇİZGİLİ ELBİSE KIZ BEBEK,Women,0.0
ÇİZGİLİ KEMERLİ ŞORT ETEK,Women,0.0
ÇİZGİLİ KETEN KARIŞIMLI YELEK,Women,0.0
ÇİZGİLİ KISA KOLLU TİŞÖRT,Women,0.0
ÇİZGİLİ KRAVAT,Women,0.0
ÇİZGİLİ MAYO KIZ ÇOCUK,Women,0.0
ÇİZGİLİ OVERSIZE POLO TİŞÖRT ERKEK ÇOCUK,Women,0.0
ÇİZGİLİ PAMUKLU ELBİSE,Women,0.0
ÇİZGİLİ PENYE 3'LÜ TİŞÖRT KIZ BEBEK,Women,0.0
ÇİZGİLİ PENYE 5'Lİ BOXER ERKEK ÇOCUK,Women,0.0
ÇİZGİLİ PENYE TİŞÖRT KIZ BEBEK,Women,0.0
ÇİZGİLİ POLO TİŞÖRT ERKEK BEBEK,Women,0.0
ÇİZGİLİ POLO TİŞÖRT ERKEK ÇOCUK,Women,0.0
ÇİZGİLİ RİBANA BOXER,Women,0.0
ÇİZGİLİ SATEN PİJAMA TAKIMI ÜST ALT,Women,0.0
ÇİZGİLİ SİMLİ KUMAŞ GÖMLEK,Women,0.0
ÇİZGİLİ TRİKO KAZAK ERKEK ÇOCUK,Women,0.0
ÇİZGİLİ TİŞÖRT ERKEK ÇOCUK,Women,0.0
ÇİZGİLİ TİŞÖRT EŞOFMAN ALTI 2'Lİ TAKIM ERKEK ÇOCUK,Women,0.0
ÇİZGİLİ TİŞÖRT ŞORT 2'Lİ TAKIM ERKEK BEBEK,Women,0.0
ÇİZGİLİ UZUN KOLLU GÖMLEK,Women,0.0
ÇİZGİLİ YARIM KOLLU GÖMLEK,Women,0.0
ÇİZGİLİ ŞORT PİJAMA ALTI,Women,0.0
ÇİÇEK APLİKELİ TİŞÖRT KIZ ÇOCUK,Women,0.0
ÇİÇEK DESENLİ POPLİN ETEK KIZ ÇOCUK,Women,0.0
ÇİÇEKLİ 2'Lİ TAKIM KIZ BEBEK,Women,0.0
ÇİÇEKLİ 2'Lİ TOKA SETİ KIZ ÇOCUK,Women,0.0
ÇİÇEKLİ ATLET,Women,0.0
ÇİÇEKLİ FİTİLLİ KAŞKORSE TİŞÖRT KIZ BEBEK,Women,0.0
ÇİÇEKLİ KISA KOLLU TİŞÖRT,Women,0.0
ÇİÇEKLİ MÜSLİN 2'Lİ TAKIM KIZ BEBEK,Women,0.0
ÇİÇEKLİ PENYE 3'LÜ SLİP KÜLOT KIZ ÇOCUK,Women,0.0
ÇİÇEKLİ PİJAMA ALTI,Women,0.0
ÇİÇEKLİ PİJAMA TAKIMI ÜST ALT,Women,0.0
ÇİÇEKLİ TİŞÖRT KARELİ PANTOLON 2'Lİ TAKIM KIZ BEBEK,Women,0.0
ÇİÇEKLİ İŞLEMELİ TİŞÖRT KIZ ÇOCUK,Women,0.0
ÖRME PANTOLON,Women,0.0
İP ASKILI KAPLI PAMUKLU ATLET,Women,0.0
İSPANYOL PAÇA TAYT PANTOLON,Women,0.0
İŞLEMELİ KISA KOLLU TİŞÖRT,Women,0.0
İŞLEMELİ UZUN KOLLU FİTİLLİ KAŞKORSE ELBİSE KIZ BEBEK,Women,0.0
ŞAL YAKA DESENLİ GÖMLEK,Women,0.0
ŞORT,Women,0.0
ŞORT ERKEK ÇOCUK,Women,0.0
ŞORT ETEK KIZ ÇOCUK,Women,0.0
ŞORT KIZ ÇOCUK,Women,0.0
ŞORT ÇOCUK JEAN,Women,0.0
ŞİFON PİJAMA TAKIMI ASKILI ÜST ALT,Women,0.0
